customer_code,customer_name,state,account_length,area_code,international_plan,voice_mail_plan,number_vmail_messages,total_day_minutes,total_day_calls,total_day_charge,total_eve_minutes,total_eve_calls,total_eve_charge,total_night_minutes,total_night_calls,total_night_charge,total_intl_minutes,total_intl_calls,total_intl_charge,number_customer_service_calls,churn
USR-10000,山本 里佳,OH,126,area_code_408,no,no,0,126.3,109,23.13,196.6,125,13.43,113.2,68,5.26,9.7,3,2.42,2,yes
USR-10001,小林 明美,UT,104,area_code_415,no,no,0,209.7,100,46.21,178.1,91,11.29,157.6,84,7.99,12.4,9,4.27,1,no
USR-10002,佐々木 さゆり,CT,56,area_code_415,no,no,1,228.0,104,13.65,200.4,104,16.54,281.0,105,6.17,10.0,4,2.5,4,no
USR-10003,清水 裕太,ID,133,area_code_510,no,no,35,189.0,120,27.39,206.1,135,13.26,227.4,63,5.08,7.6,3,3.7,1,no
USR-10004,石井 篤司,WI,149,area_code_415,no,no,0,160.7,94,35.91,265.1,101,16.99,186.7,139,9.19,9.8,4,2.94,2,no
USR-10005,佐藤 拓真,VT,75,area_code_415,no,no,0,232.2,84,38.65,168.8,74,18.58,232.4,128,6.84,9.8,2,3.07,0,no
USR-10006,井上 桃子,TN,206,area_code_415,no,yes,0,268.2,93,28.98,86.1,95,11.29,232.5,107,7.36,8.6,3,2.63,1,no
USR-10007,井上 加奈,WY,144,area_code_408,no,yes,0,168.2,113,23.33,209.6,87,20.78,212.4,145,11.86,9.1,2,4.65,1,no
USR-10008,高橋 亮介,HI,179,area_code_415,no,yes,0,256.3,95,32.16,197.7,128,18.71,276.3,70,10.36,13.7,7,3.82,1,yes
USR-10009,近藤 智也,MN,62,area_code_408,yes,no,37,175.6,95,23.5,185.2,134,18.7,203.4,105,7.46,6.9,8,2.11,3,no
USR-10010,長谷川 裕太,AR,66,area_code_408,no,yes,41,225.6,110,35.86,297.2,102,13.38,161.5,123,11.05,9.5,5,2.28,0,no
USR-10011,近藤 聡太郎,OR,140,area_code_415,no,yes,38,220.0,65,44.33,199.6,114,22.31,172.8,123,5.38,8.9,3,0.0,2,no
USR-10012,藤井 零,NJ,63,area_code_408,yes,no,1,215.8,95,12.32,170.6,139,15.13,44.8,103,6.96,13.2,3,2.61,0,no
USR-10013,中村 春香,OH,130,area_code_510,no,no,0,187.3,101,26.04,296.1,134,21.24,167.3,125,6.35,11.2,3,1.87,3,no
USR-10014,橋本 幹,MT,122,area_code_510,no,yes,0,216.9,95,32.51,203.0,82,19.52,74.6,116,10.93,9.7,3,1.56,5,no
USR-10015,鈴木 英樹,IN,173,area_code_510,no,no,0,217.5,107,42.44,139.8,99,11.54,121.4,90,3.45,6.3,3,2.07,0,no
USR-10016,山本 真綾,CT,198,area_code_510,no,no,0,239.9,58,32.49,271.9,85,24.22,225.3,82,3.9,9.8,9,2.98,2,no
USR-10017,吉田 桃子,WI,140,area_code_408,no,yes,0,250.6,79,37.23,205.9,107,19.76,206.0,125,7.51,8.9,3,1.71,0,no
USR-10018,小林 亮介,MN,185,area_code_415,no,yes,0,215.5,99,28.72,130.6,111,18.6,190.3,113,4.34,8.9,10,3.25,1,no
USR-10019,橋本 知実,KS,51,area_code_415,yes,no,36,246.7,121,36.87,285.1,120,23.57,190.1,118,5.91,7.1,4,1.94,1,yes
USR-10020,清水 結衣,OR,85,area_code_415,no,no,0,224.8,80,52.85,199.3,72,13.66,146.2,98,9.36,11.9,5,3.22,1,yes
USR-10021,中村 美加子,DC,104,area_code_510,no,yes,38,198.5,89,27.53,281.2,131,14.9,141.1,50,4.02,10.0,3,2.71,1,yes
USR-10022,佐藤 舞,OR,181,area_code_408,no,yes,0,244.2,83,32.63,157.6,49,16.96,196.9,121,6.83,12.0,3,1.3,1,yes
USR-10023,清水 結衣,NE,148,area_code_408,no,yes,0,175.2,118,18.81,175.3,111,18.53,246.0,96,10.36,9.9,9,2.99,1,no
USR-10024,林 裕美子,WV,102,area_code_408,no,yes,0,243.1,80,25.36,296.2,59,17.85,201.5,92,7.37,7.2,3,2.72,1,no
USR-10025,伊藤 篤司,NE,175,area_code_415,no,no,0,273.9,96,38.89,241.9,124,19.26,201.6,131,9.34,6.9,3,1.56,1,yes
USR-10026,松本 裕太,NY,200,area_code_415,yes,no,0,215.5,86,35.77,188.0,96,19.94,107.1,97,6.73,7.8,4,4.83,0,no
USR-10027,伊藤 裕樹,MI,16,area_code_415,yes,no,0,191.8,97,24.72,237.3,127,14.14,290.6,97,7.27,10.3,3,3.0,0,no
USR-10028,佐藤 明美,OH,103,area_code_408,no,no,0,245.6,102,53.3,223.5,115,19.85,270.4,69,6.83,5.0,2,2.62,1,yes
USR-10029,中川 幹,HI,113,area_code_510,yes,yes,33,147.7,130,35.48,237.9,101,14.94,242.7,89,7.86,10.4,7,3.14,0,no
USR-10030,山本 治,WY,128,area_code_415,no,yes,44,201.8,91,27.51,161.5,83,14.29,270.8,105,6.27,10.7,3,4.6,2,no
USR-10031,藤井 美加子,ME,109,area_code_415,no,no,1,200.0,89,24.44,173.1,143,22.05,253.1,112,3.95,14.0,8,2.3,1,no
USR-10032,鈴木 直子,NM,90,area_code_510,no,no,0,217.2,122,42.51,244.3,113,24.2,168.8,127,4.26,8.3,1,2.38,1,yes
USR-10033,井上 さゆり,CT,96,area_code_510,no,no,0,109.8,105,34.01,207.6,146,16.28,253.4,86,8.74,13.8,2,1.96,0,no
USR-10034,高橋 太郎,MN,109,area_code_408,yes,no,0,241.3,118,20.26,168.3,101,14.22,237.9,125,8.97,5.6,3,2.9,0,yes
USR-10035,高橋 里佳,FL,98,area_code_510,no,yes,0,189.2,103,25.55,157.1,112,17.91,167.4,103,9.06,4.8,4,2.95,2,no
USR-10036,池田 翼,CA,151,area_code_415,yes,no,0,144.2,102,18.4,98.6,126,20.07,159.1,88,9.28,15.8,3,4.31,1,no
USR-10037,藤田 知実,WV,130,area_code_408,no,no,23,213.8,127,26.0,220.2,97,18.69,203.2,117,8.65,5.8,6,2.13,4,no
USR-10038,斉藤 七夏,VT,102,area_code_415,yes,yes,0,185.1,70,46.25,276.1,82,12.9,315.5,80,10.68,13.4,2,4.71,2,no
USR-10039,佐藤 篤司,GA,94,area_code_415,no,no,0,183.7,133,37.59,200.8,114,17.34,223.0,86,5.42,8.5,3,2.12,1,no
USR-10040,小林 千代,UT,141,area_code_415,no,yes,0,181.6,116,11.07,281.1,81,21.35,258.6,39,9.1,11.8,9,3.71,1,no
USR-10041,山本 京助,WI,196,area_code_415,no,no,0,134.3,108,39.48,118.1,109,16.7,209.0,109,6.55,4.5,7,1.82,2,no
USR-10042,松本 里佳,VT,77,area_code_415,no,no,0,288.3,88,46.54,176.8,129,13.61,181.5,92,9.08,14.6,3,3.16,1,no
USR-10043,村上 知実,DE,169,area_code_408,no,no,0,212.7,119,29.28,164.4,141,18.69,111.5,82,6.56,9.1,5,2.11,0,no
USR-10044,中川 香織,KS,125,area_code_510,no,no,0,210.3,95,39.8,252.9,94,21.28,214.1,75,3.67,8.1,9,2.5,0,no
USR-10045,佐々木 陽子,MS,37,area_code_415,no,no,0,270.7,101,43.66,210.5,102,10.64,232.5,110,4.53,10.7,9,3.33,1,no
USR-10046,前田 陽子,OH,104,area_code_408,no,no,0,190.6,52,33.16,97.3,117,20.32,215.3,107,11.79,15.4,3,4.0,2,no
USR-10047,木村 直人,TX,77,area_code_408,no,no,0,214.2,92,37.58,261.3,84,19.62,196.9,111,6.97,10.2,8,3.56,1,yes
USR-10048,高橋 陽子,CT,148,area_code_415,no,no,0,195.2,92,19.62,173.7,127,12.16,191.6,139,9.86,10.3,3,3.99,1,no
USR-10049,長谷川 春香,TN,102,area_code_408,yes,no,0,159.5,124,26.76,254.7,73,18.17,126.8,82,6.37,15.2,9,2.84,1,no
USR-10050,松田 あすか,MA,130,area_code_415,no,no,23,231.3,100,28.5,183.5,108,14.14,114.3,79,7.13,8.3,3,3.1,2,no
USR-10051,橋本 結衣,WV,169,area_code_510,yes,no,0,224.2,127,26.85,313.1,98,16.74,165.1,119,9.23,14.7,7,1.37,0,yes
USR-10052,斎藤 明美,TX,81,area_code_415,no,yes,39,268.1,96,46.18,230.4,104,15.05,158.4,109,6.35,14.8,9,1.78,0,no
USR-10053,藤井 直樹,MD,203,area_code_408,no,no,1,215.7,44,17.76,323.6,110,14.95,204.5,151,10.05,9.4,3,2.14,1,no
USR-10054,佐々木 涼平,AK,122,area_code_510,no,no,32,275.5,150,21.29,140.9,126,1.37,163.2,116,9.27,11.7,9,0.91,1,no
USR-10055,山田 淳,PA,109,area_code_408,yes,yes,0,243.2,94,39.35,295.4,115,18.97,142.3,124,9.86,9.5,4,3.09,1,yes
USR-10056,加藤 舞,NV,169,area_code_510,no,no,0,231.2,93,45.57,155.5,106,17.08,122.6,104,9.03,11.6,3,3.51,0,no
USR-10057,橋本 浩,AL,132,area_code_510,yes,yes,47,274.1,69,37.66,256.4,86,19.3,171.1,106,5.55,10.4,3,3.43,0,no
USR-10058,高橋 拓真,MN,111,area_code_408,no,no,0,113.2,84,19.57,133.1,100,13.8,150.5,93,7.42,12.2,13,4.2,1,no
USR-10059,山田 太一,AR,60,area_code_415,no,no,33,201.2,94,26.31,192.8,140,14.9,146.1,101,8.65,7.9,7,4.71,1,no
USR-10060,岡本 直人,NH,103,area_code_510,no,yes,40,168.3,108,15.02,282.0,76,17.68,81.1,45,7.29,16.3,3,3.57,1,no
USR-10061,藤原 治,AL,98,area_code_408,no,no,30,218.8,85,29.27,146.4,116,13.73,224.4,107,13.49,9.4,3,3.78,3,no
USR-10062,中村 翼,RI,52,area_code_408,no,yes,0,197.7,94,44.37,152.4,112,12.14,228.3,98,9.0,7.6,2,2.47,1,no
USR-10063,田中 太郎,MS,39,area_code_415,no,yes,36,226.1,100,6.01,218.0,106,16.11,135.3,96,3.26,11.9,2,3.16,3,no
USR-10064,小川 和也,MO,61,area_code_510,no,yes,38,178.0,100,21.3,276.4,127,11.99,198.5,115,5.29,16.7,2,3.13,1,no
USR-10065,佐藤 裕美子,ME,105,area_code_408,no,yes,0,180.2,94,27.61,212.0,122,16.61,203.4,53,6.66,12.3,2,2.1,1,no
USR-10066,小川 裕樹,KY,161,area_code_510,yes,yes,0,187.7,84,34.82,256.3,117,23.14,224.7,83,5.9,8.7,5,2.71,1,no
USR-10067,中村 加奈,MT,154,area_code_415,no,no,41,251.5,118,35.46,200.3,64,12.24,124.9,108,7.17,10.3,3,3.76,1,no
USR-10068,山本 裕太,WA,131,area_code_415,yes,no,0,199.5,91,36.64,356.5,123,20.41,316.9,98,10.36,10.2,7,3.63,0,no
USR-10069,山田 香織,FL,111,area_code_510,yes,no,0,229.2,96,42.06,289.1,110,16.51,268.3,118,7.89,7.0,2,2.04,1,yes
USR-10070,長谷川 春香,AZ,133,area_code_408,no,no,0,197.0,87,27.23,351.4,95,14.3,221.1,57,7.36,11.6,6,3.43,2,no
USR-10071,中村 裕樹,ME,102,area_code_415,yes,yes,0,245.4,97,31.32,188.8,92,11.08,174.4,99,10.63,11.4,9,2.58,1,no
USR-10072,高橋 康弘,MS,126,area_code_408,no,no,1,250.3,59,27.82,294.1,84,18.33,173.6,111,12.41,11.5,3,4.76,0,no
USR-10073,岡田 舞,MN,46,area_code_510,yes,yes,1,233.4,90,21.0,305.8,119,23.83,211.8,89,1.08,13.7,3,2.6,1,no
USR-10074,遠藤 花子,MS,92,area_code_510,no,yes,0,249.4,89,53.03,157.4,99,9.25,230.1,56,8.93,9.1,2,3.33,2,yes
USR-10075,後藤 聡太郎,MI,196,area_code_408,no,no,0,322.4,106,21.06,293.8,82,20.69,178.2,74,7.86,6.5,8,2.74,0,no
USR-10076,松本 涼平,CT,105,area_code_510,no,yes,37,156.3,143,23.8,115.4,104,16.26,106.7,129,7.73,15.1,3,1.6,1,no
USR-10077,橋本 さゆり,AL,156,area_code_510,no,no,0,196.2,108,23.07,235.7,102,12.34,110.6,106,2.78,17.2,1,3.92,2,no
USR-10078,青木 亮介,PA,76,area_code_510,no,no,0,212.5,96,46.34,332.5,141,29.06,186.7,25,6.98,7.2,4,3.02,1,no
USR-10079,松田 翔太,ID,110,area_code_408,no,no,0,210.5,116,31.14,234.0,127,13.63,201.5,97,6.04,7.7,7,1.27,0,no
USR-10080,佐藤 太郎,OK,62,area_code_415,no,yes,32,247.3,97,27.26,182.1,97,10.9,181.0,75,9.79,15.4,9,3.13,1,no
USR-10081,伊藤 浩,ID,168,area_code_510,yes,yes,15,200.9,99,49.52,139.2,74,18.26,257.8,105,8.28,10.6,9,2.58,2,yes
USR-10082,山本 京助,UT,51,area_code_408,no,no,22,231.0,66,31.98,85.4,121,11.81,224.0,108,6.07,12.6,5,3.06,1,no
USR-10083,石井 篤司,MS,105,area_code_415,no,no,0,174.3,124,22.14,177.5,104,9.9,205.7,132,6.49,11.8,4,1.62,4,no
USR-10084,鈴木 加奈,NC,95,area_code_415,no,yes,34,287.0,100,45.82,145.9,145,14.04,281.4,114,11.01,11.9,3,2.48,1,no
USR-10085,坂本 七夏,NC,187,area_code_415,no,yes,34,179.6,92,30.26,214.1,108,18.47,185.3,113,4.51,8.3,4,2.27,1,no
USR-10086,松本 健一,CT,107,area_code_415,yes,no,0,158.1,86,32.75,218.7,108,11.07,125.4,127,9.4,9.8,3,3.02,1,yes
USR-10087,山田 春香,DE,121,area_code_408,yes,no,0,134.3,109,40.19,209.9,96,25.86,264.2,94,11.88,12.2,3,3.11,1,no
USR-10088,山崎 充,MS,178,area_code_510,no,no,36,241.0,48,40.53,233.5,86,15.21,224.4,97,14.37,11.4,7,3.09,3,no
USR-10089,池田 裕美子,NM,85,area_code_415,no,yes,38,201.5,117,29.85,156.3,100,20.5,125.4,89,9.22,10.6,5,3.41,4,no
USR-10090,松本 淳,KY,46,area_code_510,no,no,34,225.6,89,56.23,199.2,124,20.29,219.4,62,13.17,13.0,5,2.6,0,yes
USR-10091,木村 明美,WI,156,area_code_408,no,no,1,237.3,130,15.33,197.4,161,13.79,193.6,77,9.71,6.4,1,1.63,0,yes
USR-10092,佐藤 花子,VT,80,area_code_408,no,yes,0,129.8,105,19.22,212.6,105,10.98,182.6,106,12.8,10.1,3,3.67,1,no
USR-10093,山本 桃子,VT,191,area_code_408,no,yes,0,218.3,87,15.45,196.5,63,19.16,184.3,94,6.73,13.5,3,3.57,1,no
USR-10094,佐藤 治,LA,92,area_code_408,no,yes,25,326.8,113,30.88,274.5,77,17.16,182.0,90,5.67,13.6,7,2.1,1,no
USR-10095,鈴木 春香,AL,154,area_code_415,no,no,0,223.9,63,39.09,115.5,128,20.58,151.1,104,4.82,12.4,6,3.5,1,no
USR-10096,中村 直子,NY,99,area_code_510,no,yes,28,231.2,116,44.08,115.2,83,12.71,228.4,133,11.29,11.4,3,1.68,1,no
USR-10097,山下 翔太,MS,144,area_code_510,no,yes,0,185.9,120,28.7,242.4,109,17.9,132.7,112,9.17,8.8,2,1.9,1,no
USR-10098,井上 陽一,UT,93,area_code_415,yes,yes,0,248.3,68,39.35,300.5,94,25.03,125.3,46,8.27,9.3,9,4.07,4,no
USR-10099,吉田 舞,CA,80,area_code_415,no,no,36,180.0,59,39.28,208.4,131,18.04,198.6,143,7.77,9.2,3,2.79,1,no
USR-10100,加藤 花子,UT,73,area_code_408,no,no,1,248.3,123,34.49,322.5,127,14.83,214.9,54,5.21,8.0,1,3.65,0,no
USR-10101,松本 浩,AZ,78,area_code_408,yes,no,0,230.9,99,37.74,140.6,93,23.77,124.8,98,8.23,13.0,3,2.59,1,no
USR-10102,山田 健一,TN,144,area_code_415,yes,yes,40,208.8,107,19.21,202.2,78,26.13,215.5,130,15.4,9.2,7,2.45,1,no
USR-10103,中村 零,SC,121,area_code_415,no,no,0,212.7,86,19.45,169.1,89,25.92,154.7,99,8.78,11.7,5,2.6,1,no
USR-10104,村上 裕太,OK,87,area_code_415,no,no,0,171.3,86,34.4,156.3,134,16.23,168.6,76,7.94,12.3,3,3.36,1,no
USR-10105,森 加奈,OH,39,area_code_415,no,yes,35,269.8,44,24.46,231.5,93,18.19,180.6,94,7.19,15.0,3,4.18,1,no
USR-10106,前田 拓真,ID,178,area_code_510,no,no,0,249.0,103,43.79,311.6,118,14.36,184.0,106,7.59,4.8,3,3.52,1,yes
USR-10107,山本 直樹,MO,97,area_code_510,no,yes,30,296.3,106,25.41,195.4,87,20.71,192.9,87,11.3,12.4,4,2.4,3,no
USR-10108,吉田 太一,KS,110,area_code_415,no,yes,42,203.7,114,51.79,209.4,75,13.71,198.6,120,2.91,13.3,3,3.65,1,no
USR-10109,山田 真綾,IL,64,area_code_415,no,no,0,250.2,97,34.8,200.5,120,19.25,185.8,166,11.86,15.6,2,4.2,0,no
USR-10110,佐藤 淳,VA,127,area_code_408,no,yes,0,222.0,101,38.93,149.7,104,19.04,295.7,127,13.94,3.3,3,2.25,1,no
USR-10111,山田 翔太,CT,94,area_code_415,no,yes,37,220.1,122,37.63,274.2,86,19.7,208.0,99,9.25,9.7,7,0.56,1,no
USR-10112,伊藤 結衣,SC,134,area_code_415,yes,no,0,213.5,102,28.67,251.6,136,16.98,148.5,89,11.48,10.0,5,2.95,2,yes
USR-10113,鈴木 翼,AZ,174,area_code_408,no,no,0,202.3,90,20.11,209.3,125,10.56,154.4,73,6.07,9.4,2,1.97,2,no
USR-10114,高橋 聡太郎,AZ,86,area_code_415,no,yes,0,193.9,103,26.41,156.6,110,17.03,244.0,144,5.77,4.2,9,2.36,1,no
USR-10115,吉田 零,AZ,147,area_code_408,no,no,0,69.5,105,24.13,211.6,138,16.33,248.8,100,10.0,6.9,3,2.19,0,no
USR-10116,渡辺 拓真,DE,160,area_code_408,no,no,0,154.1,93,20.35,184.2,95,18.07,198.4,81,2.56,9.0,3,3.96,1,no
USR-10117,岡本 晃,MT,104,area_code_408,yes,no,0,213.6,93,24.65,224.1,118,11.49,148.0,104,6.41,7.6,8,4.34,0,yes
USR-10118,中村 美加子,IL,118,area_code_408,no,no,0,106.8,105,39.74,170.8,111,10.4,169.8,124,9.76,11.3,7,2.24,0,no
USR-10119,鈴木 里佳,NY,125,area_code_415,no,yes,29,180.4,139,25.34,267.6,90,26.11,218.5,135,2.78,5.4,3,2.35,1,no
USR-10120,井上 春香,AZ,106,area_code_408,no,yes,29,190.4,90,28.17,162.4,59,5.17,178.8,72,8.71,9.7,3,4.46,0,no
USR-10121,遠藤 直子,AR,105,area_code_415,yes,no,0,218.6,118,30.35,203.6,125,14.89,126.8,133,7.12,5.6,3,2.2,1,yes
USR-10122,岡本 零,MS,155,area_code_510,no,no,0,264.7,107,32.27,192.9,128,14.11,167.4,77,7.77,14.4,3,3.71,1,no
USR-10123,佐々木 京助,IA,150,area_code_510,no,yes,1,349.4,93,34.08,329.4,54,20.05,185.9,91,8.58,9.6,3,2.23,2,no
USR-10124,山本 陽子,MI,46,area_code_415,yes,no,0,61.1,86,28.99,316.6,124,17.25,308.4,76,9.48,10.9,3,3.4,1,no
USR-10125,高橋 康弘,VA,158,area_code_510,no,yes,0,172.0,133,45.15,248.7,97,15.77,187.8,97,7.78,14.1,3,2.99,4,no
USR-10126,高橋 桃子,OH,81,area_code_415,yes,no,0,235.3,121,34.38,226.4,88,23.08,81.5,105,8.92,9.1,9,3.16,1,yes
USR-10127,佐藤 太一,MT,92,area_code_415,yes,no,0,154.8,61,36.13,112.2,83,13.18,210.9,124,6.17,8.2,1,2.25,1,no
USR-10128,山本 幹,MS,121,area_code_415,yes,no,0,212.8,76,38.95,159.4,88,18.52,198.1,112,5.0,13.8,2,2.8,2,no
USR-10129,佐藤 陽子,NY,101,area_code_415,no,yes,0,189.2,89,30.54,233.3,111,16.24,134.3,111,3.98,9.2,6,4.01,0,no
USR-10130,池田 七夏,NC,143,area_code_415,no,yes,0,239.1,114,36.26,211.1,123,14.42,179.1,108,7.35,4.7,5,2.79,1,no
USR-10131,山本 幹,NH,115,area_code_415,no,no,0,185.1,122,31.27,183.4,88,24.67,137.5,115,4.43,9.2,7,2.01,1,no
USR-10132,藤田 舞,TN,84,area_code_415,no,yes,30,190.9,110,42.39,242.8,101,11.51,186.7,132,12.22,10.5,2,2.28,1,no
USR-10133,長谷川 春香,PA,75,area_code_510,yes,no,30,197.2,133,35.33,234.0,101,20.16,151.4,106,5.02,9.6,3,3.74,1,no
USR-10134,前田 さゆり,PA,138,area_code_415,no,yes,29,328.8,93,14.77,234.8,124,17.32,203.6,78,2.63,10.8,2,2.27,1,no
USR-10135,佐藤 浩,MA,84,area_code_510,no,yes,39,173.7,124,35.36,255.6,72,19.22,191.5,105,10.34,7.5,8,2.95,1,no
USR-10136,松本 京助,TX,101,area_code_415,yes,no,0,251.2,152,36.75,248.7,87,21.21,174.4,92,6.29,6.9,4,3.41,1,no
USR-10137,藤井 舞,HI,98,area_code_510,no,yes,23,199.3,123,34.42,191.1,100,22.61,186.8,101,5.38,8.6,9,2.66,3,no
USR-10138,高橋 さゆり,MN,86,area_code_510,yes,no,0,204.3,72,32.4,159.7,66,17.82,319.9,98,6.36,14.5,8,3.56,2,no
USR-10139,長谷川 零,DC,211,area_code_415,yes,no,25,257.7,65,42.94,177.3,95,17.09,202.2,91,5.78,6.6,5,4.47,2,yes
USR-10140,松本 康弘,NH,48,area_code_510,no,no,0,235.5,81,38.48,240.8,97,18.62,211.7,114,11.58,10.6,4,2.1,1,no
USR-10141,林 あすか,OR,53,area_code_408,no,yes,0,217.5,116,34.64,204.8,101,25.06,160.9,95,11.0,9.6,6,2.39,2,no
USR-10142,遠藤 知実,RI,119,area_code_415,no,no,0,143.1,132,27.16,210.0,117,18.32,91.7,88,6.73,11.8,7,2.2,3,yes
USR-10143,森 千代,ND,69,area_code_415,no,yes,46,212.9,116,18.34,212.9,106,10.13,153.1,93,9.09,15.7,2,4.23,0,no
USR-10144,佐々木 明美,NC,100,area_code_415,no,no,0,151.5,107,34.09,218.7,80,20.24,209.8,110,9.58,9.7,0,2.32,1,no
USR-10145,佐々木 浩,MS,99,area_code_510,no,yes,38,189.0,113,31.29,196.1,114,18.06,110.1,103,4.05,7.8,3,2.42,2,no
USR-10146,佐藤 七夏,MA,90,area_code_415,yes,yes,0,244.5,77,30.61,146.0,127,16.95,128.3,113,10.09,8.3,6,2.5,3,yes
USR-10147,森 充,MA,144,area_code_510,no,no,0,197.6,85,46.13,173.3,103,18.41,252.3,115,9.06,9.9,2,4.78,0,no
USR-10148,佐々木 花子,PA,75,area_code_415,no,no,35,188.9,74,29.89,217.8,112,20.45,226.5,87,8.12,13.5,2,2.54,1,no
USR-10149,山本 直子,MS,27,area_code_510,no,no,0,219.5,65,45.47,153.1,99,17.73,188.7,126,9.31,12.4,3,2.98,2,no
USR-10150,山下 拓真,OR,131,area_code_408,no,yes,34,222.8,71,34.12,318.9,81,19.94,213.0,97,6.71,15.4,3,3.99,1,no
USR-10151,田中 くみ子,NE,189,area_code_408,no,no,0,180.4,111,34.73,140.1,91,24.87,221.9,120,10.15,3.7,3,2.9,0,no
USR-10152,石井 舞,WI,103,area_code_408,no,yes,33,250.8,75,42.1,172.8,103,20.46,220.4,157,8.4,7.6,5,2.57,0,no
USR-10153,阿部 康弘,SD,124,area_code_408,no,no,0,175.6,84,24.5,210.0,127,21.67,135.0,61,11.63,8.5,6,3.07,2,yes
USR-10154,藤田 治,OR,62,area_code_510,no,no,1,118.7,114,22.14,329.6,103,16.23,239.4,102,7.76,11.6,6,2.59,2,yes
USR-10155,佐々木 裕太,IL,44,area_code_510,no,yes,36,221.7,115,32.86,331.5,53,16.76,269.5,103,3.87,9.4,8,1.91,1,no
USR-10156,村上 涼平,PA,196,area_code_415,no,no,0,232.2,79,31.37,289.5,83,17.37,145.9,100,8.99,7.4,4,4.73,1,no
USR-10157,山本 裕美子,MO,61,area_code_415,no,no,0,215.9,84,15.58,224.2,110,15.53,172.0,129,11.98,12.4,4,2.1,2,no
USR-10158,佐藤 聡太郎,NY,94,area_code_415,no,no,0,117.8,100,26.57,180.6,66,15.79,179.5,81,6.21,16.3,6,3.62,1,no
USR-10159,藤田 舞,NJ,86,area_code_415,no,yes,40,209.1,105,27.83,179.6,132,18.43,139.5,139,4.88,5.4,1,2.55,1,no
USR-10160,石井 さゆり,CA,163,area_code_510,no,yes,0,209.7,94,33.71,179.0,76,14.78,59.7,90,1.27,9.5,3,2.92,0,no
USR-10161,小林 篤司,NC,84,area_code_415,no,no,42,229.2,119,59.76,274.1,81,13.04,120.7,125,8.08,9.0,4,2.48,0,yes
USR-10162,鈴木 裕太,AK,105,area_code_510,no,no,0,215.8,118,27.31,329.0,130,16.64,225.6,98,2.85,11.1,4,1.67,1,no
USR-10163,伊藤 零,OR,166,area_code_415,no,no,0,237.0,60,21.43,270.6,88,18.31,181.3,108,2.68,11.2,4,2.91,1,no
USR-10164,中川 京助,OR,95,area_code_415,no,no,0,272.1,100,18.85,266.8,91,7.57,167.3,89,5.85,14.1,10,2.74,0,no
USR-10165,青木 稔,AK,124,area_code_415,no,no,0,158.9,106,33.8,207.6,142,8.71,98.4,83,5.35,10.8,17,1.7,1,no
USR-10166,中村 真綾,DE,133,area_code_408,no,yes,37,201.6,126,22.46,205.3,111,22.35,258.5,88,5.05,4.0,4,2.16,1,no
USR-10167,佐藤 桃子,SD,126,area_code_415,no,no,34,215.8,138,30.06,144.3,144,18.9,218.5,97,11.36,11.7,3,2.0,1,no
USR-10168,小林 涼平,PA,51,area_code_510,no,yes,0,222.9,129,29.97,163.4,50,24.46,195.9,84,6.65,7.2,3,3.46,1,yes
USR-10169,斎藤 直樹,HI,178,area_code_510,no,yes,26,210.4,88,31.43,253.6,109,15.62,175.4,138,4.91,14.8,5,2.69,2,no
USR-10170,青木 明美,VA,130,area_code_510,no,yes,30,238.6,88,38.06,300.7,115,20.65,151.6,85,7.95,9.6,8,2.1,1,no
USR-10171,吉田 花子,OH,195,area_code_510,no,no,0,304.7,82,37.84,324.4,120,14.54,156.2,133,6.31,8.2,4,3.53,0,no
USR-10172,山田 直子,PA,127,area_code_510,no,no,36,171.4,120,32.65,261.2,72,18.77,121.0,82,4.03,12.4,6,2.96,1,no
USR-10173,鈴木 あすか,ME,10,area_code_415,no,no,0,249.3,76,33.52,68.8,125,18.44,228.8,105,5.85,9.7,3,2.75,2,no
USR-10174,石井 浩,CO,79,area_code_408,no,no,0,180.8,113,29.04,177.4,122,21.82,232.9,76,8.79,10.5,10,4.07,3,no
USR-10175,渡辺 充,WY,30,area_code_415,no,no,0,214.5,64,23.61,234.0,84,17.23,214.3,80,3.65,14.2,9,3.28,1,no
USR-10176,石川 和也,WY,120,area_code_408,no,yes,35,242.5,100,43.98,186.3,81,20.02,227.1,87,6.71,8.0,3,3.86,2,no
USR-10177,伊藤 晃,HI,179,area_code_510,no,yes,0,208.5,94,35.83,237.2,104,22.78,252.0,140,7.52,10.4,10,2.5,3,no
USR-10178,前田 陽一,GA,103,area_code_408,no,yes,41,294.0,90,37.84,251.8,70,17.78,61.8,88,2.71,8.2,3,1.61,1,no
USR-10179,木村 桃子,CA,50,area_code_408,no,yes,0,221.4,84,32.71,225.0,98,20.15,283.2,116,7.13,8.8,3,3.3,1,no
USR-10180,鈴木 聡太郎,WV,105,area_code_415,no,no,29,211.8,80,40.02,243.3,84,10.44,258.7,102,5.64,14.9,7,3.17,1,yes
USR-10181,三浦 篤司,MN,114,area_code_415,no,no,0,208.9,123,27.06,119.3,90,10.72,171.7,143,5.75,3.2,2,3.53,2,no
USR-10182,西村 陽一,TN,106,area_code_415,no,no,0,168.9,114,25.18,220.2,107,24.49,185.8,97,13.55,12.8,5,2.6,1,no
USR-10183,小林 健一,SC,61,area_code_415,no,no,0,230.3,110,28.27,270.2,123,15.01,195.4,120,13.01,3.8,6,2.17,1,yes
USR-10184,鈴木 修平,DC,91,area_code_510,yes,no,0,267.0,54,30.23,223.7,134,16.01,172.5,82,10.46,8.0,3,2.98,0,yes
USR-10185,池田 淳,WI,174,area_code_408,yes,yes,30,238.4,94,34.99,180.7,74,11.8,301.4,115,7.6,9.1,5,2.77,1,no
USR-10186,清水 花子,DC,79,area_code_510,no,no,0,209.4,98,33.83,233.5,95,13.97,178.9,68,6.49,5.2,3,3.16,3,yes
USR-10187,木村 涼平,OR,14,area_code_408,no,no,35,198.8,108,45.86,268.2,85,19.11,206.6,85,9.13,10.7,6,2.85,1,no
USR-10188,吉田 治,OH,57,area_code_408,no,yes,0,161.6,143,28.04,7.2,75,16.5,132.5,120,8.0,10.0,5,2.47,1,no
USR-10189,中村 翔太,PA,24,area_code_415,no,yes,39,209.2,81,34.82,151.3,112,16.16,190.3,84,7.84,9.9,4,1.92,1,no
USR-10190,鈴木 浩,DE,104,area_code_510,no,no,0,207.6,110,38.08,154.5,107,22.87,248.2,96,4.77,10.0,3,3.62,4,no
USR-10191,藤井 涼平,NY,85,area_code_510,no,yes,0,214.2,82,36.22,241.4,108,11.63,178.4,140,8.35,9.1,3,2.16,0,no
USR-10192,田中 陽子,WV,125,area_code_408,no,no,0,223.3,64,31.04,182.9,119,18.6,170.7,92,4.93,9.6,4,2.86,2,no
USR-10193,鈴木 直子,AL,68,area_code_408,no,no,0,268.7,108,33.12,184.4,97,17.6,145.9,98,6.98,14.8,3,4.63,1,no
USR-10194,山田 裕美子,WV,96,area_code_415,no,no,0,264.6,53,36.86,276.3,64,20.03,295.5,61,7.89,11.3,3,3.59,2,yes
USR-10195,鈴木 零,MT,186,area_code_510,no,yes,0,248.2,96,33.44,151.6,108,10.12,154.3,90,9.19,10.8,9,2.37,1,no
USR-10196,高橋 健一,WI,146,area_code_408,yes,yes,0,175.8,111,20.5,129.0,94,15.43,162.9,94,6.56,9.4,9,1.6,1,yes
USR-10197,佐々木 篤司,WV,93,area_code_415,no,no,0,203.6,104,30.26,154.6,102,18.3,143.7,85,7.19,16.3,3,3.19,1,no
USR-10198,渡辺 春香,OR,215,area_code_415,no,yes,31,193.3,120,42.87,257.8,92,19.78,173.7,142,9.35,8.5,4,3.53,3,no
USR-10199,池田 治,RI,153,area_code_415,no,no,0,233.0,34,39.64,195.4,127,18.15,154.7,114,3.77,7.5,3,4.09,1,no
USR-10200,加藤 七夏,NH,77,area_code_408,no,no,0,190.9,122,30.04,214.8,82,17.77,147.8,83,8.48,8.3,6,2.55,1,no
USR-10201,阿部 陽子,ME,172,area_code_510,no,yes,27,255.9,95,36.55,165.6,84,9.48,272.1,70,7.15,11.2,3,5.12,1,no
USR-10202,鈴木 直子,ME,63,area_code_408,no,no,18,283.9,59,32.98,191.5,80,8.64,174.5,48,8.27,10.0,3,4.22,1,no
USR-10203,石川 晃,CT,186,area_code_415,yes,no,0,266.1,61,29.02,172.1,120,11.26,155.4,128,6.96,11.4,3,1.06,1,yes
USR-10204,佐々木 真綾,VT,127,area_code_415,no,no,0,215.1,98,33.41,289.7,116,18.89,133.4,84,8.62,9.6,9,2.25,1,yes
USR-10205,西村 幹,AZ,93,area_code_415,no,no,0,133.7,103,42.87,201.9,112,21.07,312.5,101,6.52,6.2,5,3.99,1,no
USR-10206,小林 幹,HI,156,area_code_510,no,yes,1,187.1,109,22.38,259.4,90,21.57,183.9,83,8.82,8.3,3,2.65,0,no
USR-10207,阿部 翔太,ME,42,area_code_510,no,no,0,274.6,108,33.09,186.8,93,9.72,173.4,121,7.23,14.6,2,3.64,1,no
USR-10208,高橋 香織,RI,57,area_code_415,yes,yes,0,229.8,108,26.4,176.7,83,15.25,235.7,127,6.77,8.9,5,2.8,2,no
USR-10209,田中 修平,MS,63,area_code_510,no,no,0,193.6,81,27.39,150.8,100,18.56,222.7,91,9.68,12.6,3,2.92,1,no
USR-10210,山本 春香,DE,85,area_code_408,no,yes,35,204.3,68,19.95,215.9,128,19.15,221.4,93,1.1,9.2,3,2.61,0,no
USR-10211,鈴木 知実,OH,125,area_code_415,no,no,0,157.5,129,30.33,201.9,109,17.21,183.5,67,6.22,4.0,4,3.37,3,no
USR-10212,藤原 陽一,MT,126,area_code_408,no,yes,0,191.4,131,51.74,217.2,109,14.16,190.1,121,7.91,3.0,3,1.97,1,no
USR-10213,清水 里佳,IL,105,area_code_408,yes,no,0,256.6,72,16.82,107.3,102,14.05,166.3,131,7.29,6.3,10,2.57,1,yes
USR-10214,小林 翼,AL,1,area_code_510,no,no,0,228.1,121,27.42,177.9,121,13.57,107.9,87,8.09,11.2,5,2.13,1,yes
USR-10215,林 治,NH,23,area_code_510,no,no,0,192.8,62,26.52,220.4,103,17.53,150.8,82,8.66,12.7,3,3.75,1,no
USR-10216,高橋 太一,ID,112,area_code_415,no,no,0,150.7,127,41.75,172.5,115,7.03,92.4,117,8.51,9.6,4,1.74,1,no
USR-10217,坂本 直樹,ND,174,area_code_415,no,no,0,248.2,99,32.17,218.9,49,16.92,167.3,129,2.75,12.2,4,2.76,1,no
USR-10218,佐藤 裕美子,DC,100,area_code_510,no,no,0,185.2,74,40.64,188.0,122,16.63,172.2,93,5.75,10.0,8,2.92,1,yes
USR-10219,藤井 学,NM,100,area_code_510,no,no,0,163.3,84,46.06,276.5,131,12.58,209.0,88,5.62,9.5,2,1.58,1,yes
USR-10220,森 京助,KS,141,area_code_408,yes,no,0,315.5,110,41.19,161.8,74,23.29,265.4,118,4.51,13.2,2,1.77,2,yes
USR-10221,高橋 直樹,KY,133,area_code_415,no,yes,35,229.1,96,30.95,169.2,85,16.0,102.0,56,13.62,10.5,2,3.57,2,no
USR-10222,加藤 翼,AL,103,area_code_415,no,yes,0,128.2,72,17.05,219.0,103,21.66,237.9,124,12.21,9.9,8,1.58,4,no
USR-10223,三浦 康弘,TN,56,area_code_415,no,yes,26,207.0,101,29.77,221.4,122,11.78,192.9,140,5.61,15.4,3,2.14,1,no
USR-10224,中島 さゆり,MI,53,area_code_415,no,no,0,234.0,98,45.21,280.3,85,21.97,150.6,136,8.52,10.0,7,2.71,1,no
USR-10225,伊藤 真綾,CO,100,area_code_408,yes,no,0,145.8,105,35.69,223.8,89,21.96,244.2,83,8.96,5.7,8,1.46,1,yes
USR-10226,佐藤 淳,PA,149,area_code_510,no,no,35,214.9,49,16.26,187.0,136,16.03,306.1,88,8.59,10.1,6,2.63,3,yes
USR-10227,山田 太郎,NJ,139,area_code_408,yes,no,0,239.2,70,36.46,170.5,98,20.19,42.5,114,8.17,8.5,3,1.6,2,yes
USR-10228,渡辺 舞,NH,111,area_code_408,no,no,31,236.7,129,25.13,181.2,101,19.95,163.2,103,6.6,11.2,2,2.64,2,no
USR-10229,加藤 結衣,VT,51,area_code_415,no,no,0,156.2,105,25.85,199.2,91,21.81,25.9,96,9.16,10.8,3,3.04,2,yes
USR-10230,長谷川 舞,IN,77,area_code_415,no,no,37,263.0,74,40.55,211.7,143,3.47,143.8,155,2.58,9.3,2,2.13,1,no
USR-10231,中村 拓真,NE,133,area_code_510,no,yes,41,251.3,90,28.9,260.4,93,16.33,138.3,76,2.01,13.8,7,2.8,0,no
USR-10232,高橋 知実,TN,104,area_code_415,no,no,0,189.3,121,26.42,225.8,107,16.06,152.6,141,5.15,10.2,8,2.37,2,no
USR-10233,田中 真綾,OR,77,area_code_415,no,no,0,156.6,78,25.12,204.1,106,21.35,242.1,124,12.74,10.5,9,1.2,1,no
USR-10234,岡本 真綾,DE,75,area_code_408,no,yes,0,177.7,104,26.45,209.0,80,12.06,180.2,127,6.08,12.0,7,2.09,1,no
USR-10235,近藤 智也,KS,100,area_code_408,yes,no,0,175.2,117,29.63,241.1,86,15.57,211.4,86,4.4,13.9,2,1.74,2,yes
USR-10236,近藤 篤司,WI,93,area_code_415,no,yes,44,278.5,54,31.87,204.3,134,15.48,169.6,129,4.48,7.6,2,2.0,6,no
USR-10237,佐藤 康弘,OR,103,area_code_415,no,no,0,273.3,109,46.53,154.9,72,17.05,270.7,100,7.5,9.0,3,1.01,1,no
USR-10238,阿部 直子,PA,90,area_code_408,no,yes,0,219.8,62,32.9,268.4,98,11.26,117.6,106,5.92,9.6,3,2.23,1,no
USR-10239,山崎 智也,OR,49,area_code_415,no,no,0,139.8,113,43.56,207.6,84,16.23,179.6,108,13.26,15.1,2,2.07,2,no
USR-10240,吉田 聡太郎,PA,150,area_code_408,no,no,0,167.7,94,23.12,165.0,99,15.45,181.3,89,5.77,9.8,4,3.31,0,no
USR-10241,山本 太一,MD,140,area_code_408,no,yes,44,147.5,80,26.34,191.1,124,11.17,157.7,103,8.65,10.1,8,3.56,0,no
USR-10242,近藤 舞,SD,29,area_code_415,no,no,0,247.1,88,35.09,131.4,99,18.94,156.7,111,4.99,10.1,8,2.42,4,no
USR-10243,山田 里佳,VA,182,area_code_415,no,yes,28,262.5,107,30.18,223.9,97,20.19,249.9,147,9.6,10.8,3,4.11,0,no
USR-10244,吉田 和也,MO,15,area_code_415,yes,yes,0,346.9,96,34.8,239.6,95,13.37,199.6,112,7.77,13.6,3,3.4,1,no
USR-10245,前田 結衣,GA,90,area_code_415,no,no,0,149.7,106,22.96,135.1,106,17.02,217.9,89,10.3,7.2,8,2.1,1,no
USR-10246,伊藤 明美,VA,138,area_code_415,no,yes,0,226.4,51,29.81,171.1,98,17.79,240.1,122,6.86,9.1,3,3.29,1,no
USR-10247,高橋 晃,MO,92,area_code_408,no,no,1,216.3,103,18.74,248.9,102,14.1,217.2,76,8.83,9.6,3,2.8,1,no
USR-10248,後藤 太郎,WY,63,area_code_415,no,no,0,170.6,91,31.45,159.4,109,26.28,149.1,129,1.73,5.4,10,1.01,7,no
USR-10249,松本 太一,DE,20,area_code_510,no,no,0,199.4,86,13.17,190.8,102,20.0,86.7,97,9.68,9.7,3,3.12,1,no
USR-10250,後藤 太一,PA,69,area_code_415,no,yes,0,201.7,84,25.57,245.5,95,18.26,121.2,67,8.04,13.0,8,3.13,1,no
USR-10251,中村 あすか,NH,20,area_code_415,no,no,0,77.8,130,32.08,225.5,108,12.32,191.8,104,2.25,16.1,4,3.06,0,no
USR-10252,佐藤 充,NV,120,area_code_408,no,no,0,197.1,114,37.8,246.8,89,19.28,210.0,46,7.94,10.2,3,2.49,1,no
USR-10253,中村 春香,OR,71,area_code_415,no,yes,19,244.5,84,36.62,220.0,86,11.48,203.3,107,13.24,6.7,3,2.86,1,no
USR-10254,木村 翔太,IL,175,area_code_415,yes,no,0,238.4,123,24.15,75.2,98,15.67,172.4,80,9.09,10.8,2,0.87,0,no
USR-10255,斉藤 幹,NY,117,area_code_415,no,no,0,180.7,93,36.86,205.0,98,20.09,146.6,81,9.32,9.6,3,3.98,2,no
USR-10256,佐藤 さゆり,WA,195,area_code_510,no,yes,36,228.0,108,38.83,271.9,94,19.12,213.3,139,10.31,11.6,2,4.81,1,no
USR-10257,太田 裕太,ME,115,area_code_510,no,yes,27,168.5,121,35.83,239.0,84,24.58,182.8,103,11.84,11.5,8,3.05,1,no
USR-10258,田中 充,KY,168,area_code_510,no,yes,25,176.2,117,23.59,261.0,117,21.76,149.9,107,2.42,7.5,4,2.55,1,no
USR-10259,高橋 太郎,SD,19,area_code_510,yes,no,0,274.9,82,33.28,319.7,125,16.01,163.7,102,3.37,10.9,4,1.42,1,yes
USR-10260,佐藤 裕美子,MN,84,area_code_408,yes,no,0,265.4,149,36.75,111.4,115,15.66,153.6,104,9.15,13.6,7,2.75,0,yes
USR-10261,中村 健一,MN,91,area_code_415,no,no,37,217.6,77,29.17,164.0,137,19.88,215.1,120,5.44,9.7,3,3.49,1,no
USR-10262,遠藤 美加子,AZ,84,area_code_415,yes,no,0,143.1,108,30.53,219.5,121,11.08,120.7,74,7.18,9.8,3,3.92,1,no
USR-10263,佐藤 太一,TN,133,area_code_408,no,yes,1,252.4,122,28.36,257.1,67,24.44,267.4,63,10.89,10.8,4,1.76,1,no
USR-10264,吉田 美加子,WY,56,area_code_415,no,no,0,156.6,74,38.04,191.7,103,20.44,165.5,117,6.57,9.8,9,3.23,1,no
USR-10265,前田 真綾,CO,116,area_code_408,no,yes,41,172.7,78,31.18,162.4,93,16.71,142.8,87,1.78,7.2,3,2.95,1,no
USR-10266,鈴木 桃子,MN,34,area_code_510,no,no,0,161.5,127,26.67,107.4,112,20.67,197.6,87,9.86,12.9,3,4.23,1,no
USR-10267,橋本 陽子,DC,204,area_code_510,no,no,0,222.3,73,37.73,183.7,128,15.94,228.9,118,6.97,11.1,3,2.96,0,yes
USR-10268,石井 京助,NH,176,area_code_510,no,yes,18,218.4,129,19.68,165.2,101,15.9,116.7,107,9.8,9.6,2,3.85,1,no
USR-10269,山本 裕樹,MS,70,area_code_510,no,yes,0,217.0,65,29.45,264.2,138,15.22,203.8,121,6.49,7.3,3,2.03,1,no
USR-10270,小林 直人,FL,152,area_code_415,no,yes,1,215.8,107,26.36,119.0,56,13.76,174.6,92,6.44,14.0,5,3.61,2,no
USR-10271,吉田 太郎,AZ,186,area_code_415,no,yes,40,178.6,38,34.18,283.5,93,11.85,286.9,65,8.73,13.1,5,3.66,1,no
USR-10272,渡辺 結衣,MS,108,area_code_510,no,no,0,263.6,130,38.82,234.6,129,22.69,114.0,82,6.33,9.3,2,3.45,2,yes
USR-10273,山田 あすか,SC,154,area_code_408,no,no,0,181.5,106,15.21,178.9,135,3.66,201.4,119,5.91,5.8,3,1.68,1,no
USR-10274,林 結衣,WY,114,area_code_415,no,yes,0,179.4,81,46.48,211.7,80,16.41,239.4,104,3.38,8.5,9,2.42,2,no
USR-10275,村上 智也,MS,43,area_code_510,no,no,0,229.4,103,17.4,193.8,129,17.65,168.9,101,7.56,7.5,3,2.88,1,no
USR-10276,林 裕太,MD,85,area_code_415,no,no,0,190.3,112,27.41,274.7,109,20.65,127.7,97,8.63,10.1,3,2.34,1,no
USR-10277,村上 裕美子,PA,156,area_code_415,no,no,29,176.1,156,18.85,261.8,101,11.59,181.1,108,8.44,9.5,3,3.34,2,no
USR-10278,高橋 里佳,KS,111,area_code_415,no,yes,0,210.6,141,35.87,176.7,67,20.08,208.3,110,10.64,4.7,4,3.15,1,yes
USR-10279,山下 里佳,NY,63,area_code_415,yes,yes,0,300.8,75,25.89,292.4,106,25.09,250.1,53,12.6,12.1,6,4.91,0,no
USR-10280,小林 七夏,MT,148,area_code_408,no,no,38,246.4,102,32.19,187.5,110,17.88,92.4,61,7.17,6.9,10,2.4,1,no
USR-10281,藤原 結衣,KS,113,area_code_408,no,yes,0,229.9,103,29.14,220.5,127,16.73,136.4,78,6.62,11.6,2,2.43,1,yes
USR-10282,渡辺 充,PA,141,area_code_510,no,yes,0,272.9,91,33.97,164.4,125,13.33,220.8,125,8.11,8.6,3,2.74,0,no
USR-10283,橋本 加奈,NY,89,area_code_415,yes,no,34,165.1,61,46.68,204.7,114,20.03,154.2,94,6.09,9.5,3,3.94,2,yes
USR-10284,中村 美加子,PA,24,area_code_510,no,no,0,202.5,79,34.28,186.2,146,20.24,175.9,96,9.93,7.1,3,2.79,6,yes
USR-10285,斉藤 舞,VT,96,area_code_510,no,no,0,168.8,120,40.55,232.3,108,17.06,56.0,87,7.94,9.9,4,2.09,2,yes
USR-10286,加藤 裕太,IA,231,area_code_408,yes,no,0,233.9,95,29.04,208.0,111,20.1,123.0,52,7.64,11.4,2,2.57,1,yes
USR-10287,山崎 知実,WV,92,area_code_510,no,no,46,167.5,122,37.34,164.5,103,27.86,152.3,104,8.67,4.6,3,3.75,2,no
USR-10288,吉田 舞,NC,191,area_code_415,no,yes,0,169.1,95,43.53,219.8,49,17.22,196.1,100,9.17,6.3,7,1.35,3,no
USR-10289,渡辺 里佳,MS,39,area_code_415,no,yes,0,97.0,115,23.67,177.1,87,14.27,192.4,86,11.54,13.2,3,3.07,0,no
USR-10290,吉田 康弘,IL,146,area_code_415,no,no,0,210.0,98,40.8,241.2,104,17.73,132.0,86,3.04,14.4,5,2.57,1,yes
USR-10291,斉藤 加奈,HI,117,area_code_510,no,yes,38,189.4,98,39.7,208.6,97,11.61,202.3,118,6.39,8.9,4,2.25,1,yes
USR-10292,吉田 千代,MT,122,area_code_510,no,no,23,157.3,110,34.25,232.6,93,19.8,128.4,126,10.75,10.0,3,1.33,1,no
USR-10293,村上 直人,WY,48,area_code_510,no,no,0,159.9,99,21.19,152.2,90,16.78,150.8,90,10.5,10.4,10,3.42,1,no
USR-10294,中村 裕美子,NM,74,area_code_408,no,yes,34,203.5,116,30.6,301.2,149,16.38,92.4,99,7.83,7.3,9,3.12,0,no
USR-10295,藤原 結衣,OK,17,area_code_408,no,yes,34,191.0,101,13.18,132.5,110,26.27,187.3,62,6.46,15.6,3,3.35,0,no
USR-10296,山下 洋介,NJ,169,area_code_408,yes,no,0,242.3,100,43.45,153.3,93,10.38,140.8,101,10.32,9.6,3,3.3,2,yes
USR-10297,斉藤 康弘,OK,139,area_code_415,no,yes,42,286.6,115,40.74,202.1,125,13.51,138.6,109,11.53,6.7,3,2.22,1,no
USR-10298,森 洋介,AZ,65,area_code_415,yes,no,0,193.9,78,33.62,242.8,82,20.75,156.1,91,7.32,10.0,4,3.1,0,no
USR-10299,松田 里佳,AZ,134,area_code_408,no,no,16,188.9,96,35.04,196.2,118,15.21,188.5,92,5.07,8.2,9,2.82,1,no
USR-10300,田中 明美,KY,133,area_code_415,no,yes,41,83.7,115,40.98,208.8,100,24.36,46.2,80,6.88,10.7,2,2.23,1,no
USR-10301,佐藤 太郎,WI,165,area_code_415,no,no,0,182.4,130,40.4,241.0,104,17.98,272.5,141,8.57,6.8,3,1.62,1,no
USR-10302,吉田 舞,CT,39,area_code_415,no,yes,42,234.0,86,42.94,170.8,93,15.55,252.2,120,2.76,10.4,7,3.19,0,no
USR-10303,佐藤 里佳,CO,158,area_code_415,yes,no,0,194.8,106,36.98,246.8,115,14.13,132.5,110,4.66,11.9,3,2.38,0,yes
USR-10304,森 太一,WI,51,area_code_415,no,no,1,233.3,90,27.56,213.8,83,19.66,177.8,122,9.01,10.6,3,2.13,1,no
USR-10305,鈴木 あすか,WY,41,area_code_408,no,yes,41,272.8,83,34.61,190.7,96,23.01,214.4,72,5.58,14.2,8,2.22,1,no
USR-10306,田中 桃子,WY,52,area_code_415,no,yes,0,244.9,94,27.62,139.4,114,22.77,174.4,115,10.64,18.1,4,3.09,2,no
USR-10307,渡辺 涼平,PA,190,area_code_510,no,no,37,91.0,100,30.48,219.1,97,14.83,122.1,89,5.89,10.3,3,3.0,2,no
USR-10308,吉田 修平,SD,94,area_code_408,no,no,0,128.7,91,29.61,40.0,140,17.05,118.8,111,8.07,11.6,9,2.45,0,no
USR-10309,近藤 充,WV,77,area_code_510,no,no,30,161.2,109,30.77,267.7,113,15.05,125.0,100,4.2,11.5,3,3.02,1,no
USR-10310,斉藤 陽子,OR,93,area_code_510,no,no,47,206.9,109,22.5,238.9,106,16.73,215.0,104,6.69,8.6,3,3.1,1,no
USR-10311,三浦 陽一,MA,83,area_code_510,no,no,0,169.8,98,26.83,150.2,89,12.37,188.1,131,9.65,7.5,3,1.68,0,no
USR-10312,中村 聡太郎,ME,168,area_code_510,yes,yes,0,201.6,79,35.91,96.1,113,20.65,168.7,136,3.05,9.0,2,3.25,1,no
USR-10313,鈴木 陽子,KY,84,area_code_408,no,no,0,220.8,69,25.79,305.4,77,12.65,249.4,100,7.25,8.8,3,3.91,1,no
USR-10314,岡田 真綾,IN,171,area_code_408,no,no,0,212.2,64,22.75,273.0,117,11.91,190.4,69,9.87,12.9,3,3.58,1,no
USR-10315,渡辺 結衣,MO,138,area_code_415,no,no,0,322.4,108,27.36,170.7,102,20.47,309.5,108,7.74,8.8,3,2.61,1,no
USR-10316,山田 花子,PA,70,area_code_408,no,yes,42,241.0,114,26.36,216.8,119,15.92,135.0,105,5.16,13.7,3,2.04,1,no
USR-10317,小林 篤司,MO,84,area_code_408,no,yes,0,175.6,74,23.96,232.2,122,13.48,186.8,73,3.78,5.6,8,2.37,2,no
USR-10318,太田 真綾,DC,91,area_code_510,yes,no,0,259.5,93,28.43,206.3,76,23.16,131.2,107,6.59,8.2,1,3.02,2,no
USR-10319,小林 桃子,KY,166,area_code_408,no,yes,18,279.7,65,28.2,226.5,59,16.38,126.7,116,10.55,13.0,7,3.26,2,no
USR-10320,山下 太郎,WY,134,area_code_415,yes,yes,30,230.3,66,14.92,193.1,101,14.05,148.8,53,5.2,6.9,3,3.45,1,no
USR-10321,西村 涼平,NJ,143,area_code_510,no,no,48,213.5,94,30.8,202.3,88,15.62,129.9,73,8.04,7.2,2,3.25,0,no
USR-10322,井上 涼平,TN,129,area_code_415,no,no,0,147.7,94,20.44,229.7,112,17.18,233.2,76,8.78,9.7,3,4.39,1,no
USR-10323,山田 和也,CO,84,area_code_415,no,no,0,198.3,80,22.33,289.9,89,12.36,184.6,112,12.3,14.2,7,1.78,0,yes
USR-10324,三浦 和也,MS,27,area_code_415,no,yes,0,225.9,106,25.72,186.7,134,9.71,195.6,106,7.94,9.7,3,3.51,2,no
USR-10325,遠藤 淳,IL,142,area_code_408,no,no,0,224.5,110,30.77,137.5,95,13.48,162.7,129,8.19,9.9,7,2.26,2,no
USR-10326,鈴木 千代,PA,65,area_code_415,no,yes,30,225.1,119,19.85,175.8,85,21.17,297.3,104,9.83,9.4,3,2.27,0,no
USR-10327,中村 知実,MT,145,area_code_408,yes,no,0,253.7,99,25.92,287.3,105,14.26,200.3,98,8.87,10.1,6,3.75,1,yes
USR-10328,前田 千代,LA,113,area_code_415,no,yes,29,245.1,71,30.02,261.8,150,19.81,164.5,83,7.66,9.0,3,2.96,0,no
USR-10329,鈴木 晃,IL,69,area_code_408,no,yes,33,96.5,104,41.86,141.4,135,11.36,178.7,114,8.78,9.4,9,3.21,2,no
USR-10330,長谷川 治,OR,93,area_code_415,no,no,0,189.1,99,33.97,138.7,116,16.76,243.2,124,6.23,11.9,5,2.7,2,yes
USR-10331,小林 裕美子,WY,38,area_code_408,no,yes,1,225.0,96,34.72,147.1,77,20.47,179.8,85,1.75,13.9,8,2.36,1,no
USR-10332,阿部 翔太,OR,57,area_code_415,no,yes,0,216.1,113,38.01,176.4,114,14.24,176.3,117,4.06,11.3,3,3.21,2,yes
USR-10333,吉田 京助,CT,106,area_code_408,no,yes,26,222.6,104,30.22,214.1,98,28.15,222.4,79,4.47,15.9,3,4.36,0,no
USR-10334,中村 陽一,NY,189,area_code_408,no,no,0,166.8,107,32.08,198.1,127,16.92,254.7,60,4.5,9.7,3,4.39,1,no
USR-10335,山口 京助,AR,59,area_code_415,yes,yes,32,175.8,103,29.33,249.7,96,20.92,209.2,77,6.19,10.2,3,2.45,0,no
USR-10336,鈴木 花子,OH,84,area_code_415,no,no,0,178.3,60,35.6,238.1,99,22.47,211.1,76,2.61,11.7,2,4.09,1,no
USR-10337,田中 知実,MA,46,area_code_510,no,no,0,219.4,68,45.92,98.8,90,9.93,213.9,127,7.81,9.1,3,2.11,1,no
USR-10338,藤井 あすか,NM,84,area_code_415,yes,no,0,249.8,113,23.95,269.7,116,19.42,135.0,145,5.59,5.7,6,2.63,1,yes
USR-10339,中島 裕美子,TN,184,area_code_408,no,no,0,200.5,126,34.37,177.2,137,12.71,184.8,112,6.63,9.0,3,2.41,0,no
USR-10340,吉田 桃子,SC,86,area_code_415,no,no,0,173.2,119,28.29,192.4,97,19.05,166.5,90,3.31,11.1,3,3.36,1,no
USR-10341,清水 洋介,NJ,97,area_code_415,no,yes,33,261.6,105,39.09,172.5,104,19.3,172.1,68,6.99,11.2,14,3.1,1,no
USR-10342,鈴木 太一,UT,84,area_code_510,no,yes,29,212.0,127,39.69,174.5,156,15.77,135.1,108,2.27,12.0,3,2.83,1,no
USR-10343,石川 聡太郎,AL,215,area_code_415,no,yes,0,245.8,139,33.19,199.6,88,15.21,129.7,126,10.02,8.1,3,1.72,3,no
USR-10344,田中 学,NV,81,area_code_510,yes,no,31,163.7,111,21.8,178.6,70,19.26,169.4,107,7.25,11.7,3,2.24,2,no
USR-10345,佐藤 智也,ND,133,area_code_415,no,yes,0,254.5,94,17.64,309.6,108,9.44,215.0,112,8.22,9.6,2,3.11,4,no
USR-10346,森 拓真,UT,123,area_code_415,no,no,0,144.3,88,37.33,141.7,120,8.18,213.6,94,8.22,12.2,2,4.6,1,no
USR-10347,鈴木 京助,OH,57,area_code_408,no,yes,0,170.7,73,34.07,230.5,132,13.12,241.8,112,8.77,15.8,4,3.5,1,no
USR-10348,渡辺 零,MO,79,area_code_415,no,no,1,272.2,98,22.07,340.5,102,20.01,209.5,100,8.13,4.1,7,2.5,1,no
USR-10349,田中 稔,FL,202,area_code_408,no,no,0,211.6,123,26.6,271.7,81,28.72,170.1,109,9.66,6.2,3,2.41,1,yes
USR-10350,斎藤 直樹,SC,162,area_code_510,no,yes,25,183.6,113,40.44,288.0,116,15.21,181.2,114,5.9,8.1,2,3.5,2,no
USR-10351,西村 知実,CA,55,area_code_415,no,no,31,117.0,121,40.01,196.3,69,22.35,192.7,105,6.6,12.5,4,1.91,1,no
USR-10352,中村 七夏,ID,87,area_code_510,no,yes,0,256.2,80,15.47,301.0,126,15.88,223.3,70,9.13,14.2,5,1.84,2,yes
USR-10353,伊藤 稔,TN,180,area_code_415,no,yes,0,181.0,130,23.37,163.6,108,18.91,234.2,125,11.13,11.1,8,2.85,1,no
USR-10354,清水 直子,PA,107,area_code_510,no,yes,1,232.4,90,39.62,143.5,123,18.03,276.5,138,5.26,11.6,7,3.42,2,yes
USR-10355,後藤 真綾,KY,69,area_code_415,no,no,0,230.5,86,37.72,197.9,93,7.14,243.4,68,5.61,9.9,3,3.96,1,no
USR-10356,林 美加子,IL,119,area_code_408,no,no,37,171.1,130,30.36,189.3,137,13.09,174.8,115,6.94,8.5,8,2.7,0,no
USR-10357,山田 直子,WI,129,area_code_415,no,yes,30,235.1,105,24.96,329.1,89,17.39,252.2,125,11.89,11.3,4,2.98,2,no
USR-10358,三浦 太一,WI,119,area_code_408,no,no,38,251.1,71,24.6,204.0,86,23.07,172.5,85,8.79,13.1,5,2.22,0,yes
USR-10359,加藤 七夏,MN,59,area_code_408,no,yes,0,226.6,112,23.54,301.8,102,7.81,270.5,116,6.78,6.4,3,2.78,1,no
USR-10360,伊藤 くみ子,TX,43,area_code_415,no,yes,0,232.1,105,35.48,180.5,135,23.22,278.7,121,12.3,9.4,3,1.3,2,yes
USR-10361,斉藤 千代,MN,143,area_code_415,no,yes,44,131.4,110,29.16,317.3,95,14.91,147.7,69,5.67,13.1,8,3.89,1,no
USR-10362,高橋 結衣,TX,59,area_code_408,no,no,37,275.6,114,30.93,156.2,125,19.55,257.5,58,14.06,14.6,3,2.47,1,no
USR-10363,坂本 加奈,NY,118,area_code_510,no,yes,46,196.6,91,33.09,169.0,121,18.91,226.8,63,10.35,8.3,4,1.58,0,no
USR-10364,木村 舞,NV,118,area_code_415,yes,no,0,203.8,73,49.3,201.8,100,18.3,185.5,116,9.44,11.6,4,2.42,1,yes
USR-10365,中村 和也,CA,75,area_code_415,no,yes,29,242.6,92,47.23,204.9,78,13.39,205.3,131,1.38,13.1,2,4.45,4,yes
USR-10366,鈴木 知実,IA,111,area_code_415,yes,yes,42,206.4,95,18.1,175.6,120,20.08,138.8,101,10.8,8.2,3,3.25,0,yes
USR-10367,清水 くみ子,DC,66,area_code_415,yes,yes,39,219.2,108,27.5,159.4,136,21.99,254.6,54,8.46,14.3,9,1.93,2,no
USR-10368,前田 舞,WI,96,area_code_415,no,no,0,193.3,99,27.77,203.7,105,22.73,171.9,82,8.19,11.3,13,1.24,0,yes
USR-10369,山本 充,SD,100,area_code_415,no,no,0,308.3,101,42.44,230.6,126,16.62,142.6,104,8.61,9.8,4,3.07,1,no
USR-10370,加藤 直子,MS,174,area_code_415,no,yes,0,154.4,94,30.18,175.5,103,25.61,209.5,118,12.84,10.6,9,3.72,2,no
USR-10371,阿部 加奈,WY,176,area_code_415,no,no,0,195.0,77,16.99,284.2,114,13.7,184.9,108,4.51,5.5,5,3.08,1,no
USR-10372,山本 充,OK,89,area_code_510,yes,yes,0,209.0,118,35.32,311.2,72,20.04,232.2,129,9.84,11.3,3,2.62,1,no
USR-10373,森 舞,MA,149,area_code_415,no,yes,32,210.0,124,27.23,256.8,95,17.82,199.6,105,10.46,7.4,3,2.29,1,no
USR-10374,山田 結衣,NH,112,area_code_415,no,no,41,176.3,123,11.48,197.6,113,18.21,218.6,62,8.09,5.0,5,3.14,3,no
USR-10375,青木 真綾,CO,150,area_code_415,yes,no,0,211.1,112,21.84,176.1,106,13.37,207.2,105,9.21,10.0,16,3.69,4,yes
USR-10376,高橋 結衣,DC,49,area_code_510,yes,no,0,151.0,94,25.45,179.4,118,24.62,205.6,130,8.1,10.1,3,2.55,0,yes
USR-10377,山口 晃,MN,76,area_code_415,no,no,29,237.1,115,28.11,182.6,141,12.87,125.5,77,5.88,12.1,3,1.7,1,no
USR-10378,近藤 篤司,WY,41,area_code_408,no,no,1,205.0,91,24.83,223.0,165,16.33,211.1,93,7.24,12.4,3,4.13,0,no
USR-10379,前田 結衣,MI,116,area_code_408,yes,no,0,158.7,110,53.85,224.6,122,24.4,244.4,118,6.17,9.3,4,2.91,3,yes
USR-10380,田中 真綾,MI,174,area_code_408,no,no,0,268.9,132,32.3,293.0,59,15.28,164.0,109,10.97,6.4,3,2.7,1,yes
USR-10381,山本 知実,MN,148,area_code_415,no,no,27,185.1,77,36.95,171.6,125,15.76,189.6,135,7.26,13.7,2,2.16,1,no
USR-10382,村上 花子,AZ,152,area_code_510,no,no,0,207.6,33,33.69,268.0,128,20.99,258.0,16,5.12,11.1,7,3.68,1,no
USR-10383,高橋 亮介,LA,78,area_code_408,no,yes,30,134.1,114,19.66,225.3,84,19.2,265.7,136,10.17,7.0,8,2.29,1,no
USR-10384,鈴木 桃子,MN,187,area_code_408,no,yes,23,205.4,84,35.26,229.8,140,12.87,195.7,130,8.66,5.3,4,3.28,3,no
USR-10385,西村 あすか,PA,124,area_code_510,no,no,25,190.1,114,15.99,254.3,99,22.3,192.3,109,8.82,12.7,6,3.1,1,no
USR-10386,加藤 翼,IN,76,area_code_415,no,no,0,249.8,102,43.54,111.0,56,26.45,218.0,73,12.76,4.4,9,3.29,1,no
USR-10387,橋本 洋介,ME,174,area_code_408,no,no,0,176.6,84,27.93,135.2,158,0.0,215.4,86,11.06,10.1,2,1.73,1,no
USR-10388,村上 加奈,WY,110,area_code_415,no,no,0,253.4,126,43.36,351.9,71,4.92,169.6,81,4.98,16.5,3,1.48,1,yes
USR-10389,遠藤 直子,NV,164,area_code_408,yes,no,0,191.7,125,39.31,239.0,111,18.73,148.7,57,4.4,12.9,4,2.7,0,yes
USR-10390,鈴木 浩,WV,72,area_code_415,no,yes,36,256.6,127,34.78,225.5,68,13.87,233.8,107,10.68,16.6,9,3.34,2,no
USR-10391,鈴木 知実,CO,138,area_code_415,no,no,0,163.5,70,33.15,175.1,98,10.3,153.1,48,8.8,16.5,3,2.69,1,yes
USR-10392,森 里佳,AR,86,area_code_510,no,yes,0,212.2,121,34.64,238.6,77,15.43,305.8,136,10.37,8.7,3,1.06,1,no
USR-10393,松本 修平,HI,122,area_code_408,no,no,34,256.5,115,39.59,224.9,119,17.74,119.2,108,7.45,11.5,3,2.3,0,no
USR-10394,林 晃,MN,66,area_code_415,no,yes,0,277.6,112,35.24,269.7,91,16.2,110.1,104,11.4,10.2,2,3.46,1,no
USR-10395,山下 真綾,MA,92,area_code_510,no,yes,0,158.7,103,34.25,193.8,95,16.79,151.0,100,8.98,4.3,15,2.28,3,no
USR-10396,伊藤 真綾,VT,156,area_code_408,no,yes,0,229.0,113,31.4,260.2,122,20.49,222.9,96,5.5,9.3,9,2.46,1,no
USR-10397,鈴木 香織,MN,112,area_code_415,no,yes,0,145.5,92,35.51,165.6,129,9.1,154.8,122,4.7,14.5,2,3.05,2,no
USR-10398,遠藤 直樹,TX,124,area_code_510,no,no,0,185.9,73,32.8,193.7,104,19.44,140.0,71,7.59,11.0,3,2.83,2,no
USR-10399,小林 智也,CT,54,area_code_408,yes,yes,1,260.8,90,22.8,270.4,90,10.82,106.7,122,6.0,9.5,2,2.68,2,no
USR-10400,井上 裕美子,CO,78,area_code_415,no,no,0,184.2,88,28.91,141.4,114,19.2,198.3,66,6.37,8.3,9,3.87,7,no
USR-10401,阿部 裕樹,CO,62,area_code_510,no,yes,0,183.3,104,36.42,222.8,152,18.84,213.0,104,6.2,9.5,4,2.91,1,no
USR-10402,山口 直子,RI,104,area_code_415,yes,no,0,151.2,54,35.42,259.1,109,20.07,313.6,107,15.24,13.9,3,2.25,1,no
USR-10403,中村 拓真,LA,103,area_code_408,no,yes,32,145.4,96,4.64,165.4,82,13.39,201.1,95,8.87,14.6,9,2.5,2,no
USR-10404,中村 花子,PA,125,area_code_510,no,no,0,284.4,97,30.53,150.3,106,15.84,231.8,112,5.42,16.6,3,3.33,2,no
USR-10405,井上 七夏,NC,194,area_code_415,no,yes,32,215.5,81,44.49,201.1,149,14.03,163.2,92,5.64,9.0,9,2.28,1,no
USR-10406,高橋 七夏,NJ,61,area_code_415,no,yes,0,205.0,112,15.13,236.6,126,21.75,140.6,91,5.8,10.5,9,2.6,0,no
USR-10407,中村 淳,SD,145,area_code_408,yes,no,41,223.2,80,17.56,171.5,98,21.07,168.8,60,3.15,8.0,3,3.23,0,yes
USR-10408,西村 篤司,WA,46,area_code_510,no,no,1,206.8,112,28.59,201.6,82,20.17,280.1,85,5.13,11.8,3,3.14,0,no
USR-10409,吉田 知実,MT,112,area_code_415,yes,no,0,245.0,91,7.6,145.3,104,23.18,139.9,134,7.67,11.9,2,2.94,1,yes
USR-10410,佐藤 英樹,WI,123,area_code_415,no,yes,45,226.7,119,24.94,299.1,108,9.31,207.3,108,5.24,9.7,7,2.45,2,no
USR-10411,佐藤 明美,DC,216,area_code_408,no,no,0,237.3,97,41.9,212.2,70,14.34,201.3,112,6.77,11.9,9,4.17,1,yes
USR-10412,山本 裕美子,MS,158,area_code_415,no,no,0,134.8,105,28.57,252.7,99,20.97,251.1,58,9.95,5.0,3,3.33,1,no
USR-10413,藤田 零,KS,69,area_code_408,no,yes,41,158.0,138,34.67,102.6,88,21.89,142.9,113,6.92,10.7,3,2.33,1,yes
USR-10414,斎藤 浩,MA,201,area_code_415,no,yes,0,190.6,115,35.99,193.9,111,18.34,234.6,111,9.5,9.5,3,2.15,1,no
USR-10415,石井 健一,WI,93,area_code_510,no,no,0,229.8,114,16.55,182.9,96,19.63,205.4,119,7.83,8.3,2,1.84,2,no
USR-10416,鈴木 明美,WY,100,area_code_415,no,no,0,189.3,118,32.29,237.3,128,17.75,172.1,85,3.43,10.6,3,3.52,6,yes
USR-10417,木村 花子,NE,68,area_code_510,no,no,0,201.5,85,44.2,208.6,117,16.39,216.1,129,7.6,13.4,3,3.19,1,no
USR-10418,石井 涼平,RI,163,area_code_415,no,no,0,342.3,102,30.76,204.2,127,13.22,258.8,128,10.48,10.1,3,4.22,1,no
USR-10419,藤原 和也,NE,7,area_code_415,no,yes,43,236.0,138,21.79,156.2,111,18.4,148.3,103,10.69,10.2,10,3.13,1,no
USR-10420,伊藤 結衣,MN,155,area_code_415,no,no,0,233.3,103,46.51,188.5,118,17.82,252.9,139,8.8,11.1,9,1.36,2,no
USR-10421,石井 七夏,AZ,78,area_code_415,no,yes,0,178.0,74,33.32,192.4,108,8.24,158.0,106,9.35,10.0,4,2.4,1,no
USR-10422,渡辺 智也,FL,86,area_code_510,no,yes,0,204.0,108,53.62,220.3,62,14.89,36.7,108,8.35,10.8,9,3.96,2,yes
USR-10423,小川 香織,WY,116,area_code_510,no,yes,37,126.2,115,27.39,333.4,97,14.57,142.0,117,0.85,13.1,3,2.54,3,no
USR-10424,鈴木 結衣,ID,153,area_code_415,no,no,36,158.2,106,20.01,270.2,69,11.43,79.0,116,3.55,10.5,3,1.98,0,no
USR-10425,松田 修平,CT,126,area_code_415,no,yes,0,322.4,96,38.08,227.3,111,23.11,123.5,86,7.58,10.9,3,4.19,1,no
USR-10426,石川 直人,PA,166,area_code_510,no,no,0,136.3,111,20.66,153.9,123,12.93,178.5,94,6.23,7.4,3,3.26,0,yes
USR-10427,吉田 晃,NJ,128,area_code_408,yes,yes,42,192.9,63,21.96,248.1,85,17.16,149.3,102,7.67,11.5,5,2.33,1,no
USR-10428,鈴木 春香,ME,123,area_code_510,no,no,0,236.3,76,36.63,208.2,71,14.64,129.1,78,4.17,12.5,3,4.75,0,yes
USR-10429,山田 千代,CO,40,area_code_415,no,no,0,179.0,95,32.4,214.5,82,19.64,147.6,97,8.9,12.2,3,3.22,1,no
USR-10430,福田 春香,NH,42,area_code_510,no,no,0,197.5,98,31.33,204.1,133,15.83,236.7,123,11.24,10.8,7,3.75,1,no
USR-10431,後藤 涼平,OH,99,area_code_510,yes,no,0,279.6,89,33.09,215.7,119,14.33,232.5,70,5.46,10.3,1,2.86,0,no
USR-10432,山田 真綾,UT,158,area_code_415,yes,yes,29,220.3,95,30.26,224.9,107,18.32,191.0,94,6.68,11.9,3,2.6,3,no
USR-10433,山本 春香,FL,83,area_code_510,no,no,1,193.9,102,27.72,204.5,108,19.61,73.8,104,5.96,12.5,9,3.0,1,yes
USR-10434,渡辺 翔太,ID,117,area_code_408,yes,no,0,171.7,116,31.16,235.9,128,17.38,176.8,109,8.87,15.1,3,2.31,1,yes
USR-10435,加藤 太一,NY,161,area_code_415,yes,no,0,230.9,102,40.47,166.6,96,15.93,207.6,83,7.72,8.6,1,2.6,1,no
USR-10436,佐藤 さゆり,CT,98,area_code_415,no,no,47,160.5,110,24.48,218.9,131,24.58,168.1,49,5.91,11.4,3,2.59,1,yes
USR-10437,山本 花子,CT,171,area_code_415,no,yes,36,186.9,85,26.59,194.5,96,14.5,225.6,80,9.65,10.6,8,2.05,0,no
USR-10438,斉藤 桃子,NY,128,area_code_415,yes,no,31,250.2,89,42.99,214.1,154,18.01,224.6,45,4.84,6.8,3,2.76,1,no
USR-10439,伊藤 舞,MT,102,area_code_415,yes,no,1,190.2,97,38.47,229.3,89,22.82,144.2,59,5.45,7.0,8,2.3,1,no
USR-10440,近藤 さゆり,SD,76,area_code_415,no,yes,0,152.5,72,33.54,201.2,114,23.17,203.9,116,5.91,9.9,3,3.1,1,no
USR-10441,佐藤 くみ子,WV,103,area_code_510,no,no,0,150.4,164,24.05,286.1,112,16.41,163.6,93,8.85,8.0,3,1.16,0,no
USR-10442,佐藤 涼平,OR,65,area_code_510,no,no,0,208.2,67,33.65,130.7,95,23.41,302.7,68,6.91,9.3,6,2.03,2,no
USR-10443,小林 花子,MN,86,area_code_510,no,no,38,264.0,112,33.26,141.5,90,20.56,154.7,155,8.68,8.9,5,1.8,0,yes
USR-10444,松本 花子,MT,145,area_code_415,yes,no,36,217.4,107,39.21,186.9,67,24.51,218.1,91,9.18,8.8,2,2.48,1,no
USR-10445,斎藤 英樹,TN,141,area_code_510,no,yes,30,175.1,100,18.47,312.8,92,15.32,207.6,99,9.19,9.4,3,2.89,1,no
USR-10446,山下 亮介,NJ,68,area_code_510,yes,no,1,260.7,100,34.25,188.9,94,16.97,144.3,83,8.41,10.1,3,1.81,1,no
USR-10447,渡辺 桃子,VT,110,area_code_415,no,no,0,199.5,102,28.13,208.9,124,21.92,60.6,101,11.75,11.7,7,2.38,4,yes
USR-10448,池田 香織,UT,108,area_code_415,no,no,0,197.1,107,29.5,100.8,121,6.76,93.8,111,5.29,12.9,4,4.46,0,no
USR-10449,近藤 晃,OK,146,area_code_408,no,yes,28,217.7,44,25.33,199.9,74,19.89,223.8,108,6.37,16.4,4,4.56,1,no
USR-10450,斎藤 くみ子,OH,21,area_code_408,no,no,39,193.3,95,35.94,165.9,104,20.35,266.8,39,4.43,9.9,1,3.83,2,no
USR-10451,田中 康弘,TN,62,area_code_408,no,no,41,189.0,132,37.14,98.9,96,19.85,178.0,104,6.78,12.1,6,1.98,2,no
USR-10452,三浦 美加子,KS,160,area_code_408,yes,yes,1,186.5,89,21.68,222.0,127,18.5,63.7,91,7.43,10.9,4,0.83,1,no
USR-10453,山口 裕美子,NJ,57,area_code_415,yes,yes,1,253.9,55,31.56,171.6,101,16.12,171.3,87,2.96,11.6,3,3.4,1,no
USR-10454,山田 結衣,TN,150,area_code_408,no,no,46,336.7,125,32.65,212.4,107,12.78,182.8,83,7.18,8.5,3,2.41,1,yes
USR-10455,橋本 裕太,AL,178,area_code_408,no,no,0,250.7,100,37.92,240.4,95,19.44,220.7,83,7.79,12.8,5,3.72,2,yes
USR-10456,中村 篤司,WY,129,area_code_510,no,yes,0,233.7,79,31.68,179.8,123,13.19,194.7,52,7.6,19.0,5,3.68,4,no
USR-10457,小林 加奈,CA,106,area_code_415,no,yes,0,225.6,142,31.97,232.3,98,15.84,221.3,130,11.09,10.6,8,3.14,4,yes
USR-10458,田中 明美,CA,131,area_code_510,yes,no,0,201.9,125,30.55,319.1,82,19.99,291.3,96,6.01,9.3,8,3.29,0,yes
USR-10459,青木 里佳,RI,121,area_code_408,no,yes,0,232.4,114,39.29,238.1,101,16.77,168.0,138,7.24,5.8,3,1.8,2,no
USR-10460,福田 直人,OR,155,area_code_408,yes,yes,0,189.0,92,38.17,228.5,91,24.18,174.1,96,7.12,5.3,6,1.22,1,yes
USR-10461,佐藤 充,MD,111,area_code_415,no,yes,0,222.6,109,34.47,176.5,112,12.29,195.5,92,4.8,10.8,4,3.09,1,no
USR-10462,小林 加奈,NV,203,area_code_510,no,no,40,242.2,104,40.33,218.9,82,12.37,116.8,91,7.63,8.1,3,1.92,4,no
USR-10463,高橋 修平,SC,104,area_code_510,yes,no,0,211.0,116,17.22,159.8,116,12.88,322.8,113,6.26,12.4,8,3.43,1,no
USR-10464,高橋 幹,MN,148,area_code_510,no,yes,0,209.8,103,25.73,162.4,157,20.76,173.5,108,5.74,0.3,5,3.68,2,no
USR-10465,佐藤 結衣,ID,94,area_code_408,yes,no,0,160.5,112,23.65,206.8,113,20.06,59.5,92,7.95,5.7,3,2.89,0,no
USR-10466,鈴木 涼平,NM,117,area_code_415,no,no,1,271.6,97,44.33,180.1,162,24.61,201.1,92,3.34,9.5,9,4.7,0,no
USR-10467,田中 太一,WA,55,area_code_408,no,no,0,167.9,96,18.02,206.6,110,26.96,180.2,45,2.42,3.6,4,3.07,1,yes
USR-10468,高橋 太一,IN,173,area_code_510,no,no,0,262.2,99,36.78,305.7,45,21.03,290.8,149,9.33,10.9,2,2.91,0,no
USR-10469,井上 七夏,AR,107,area_code_415,no,yes,33,260.6,103,29.81,277.4,105,15.67,163.6,81,8.1,6.2,3,4.46,1,no
USR-10470,鈴木 篤司,DC,73,area_code_510,no,no,0,112.4,106,26.24,201.4,91,10.33,102.1,78,1.49,13.3,3,2.23,1,yes
USR-10471,鈴木 香織,KS,96,area_code_408,no,no,0,193.8,90,29.26,339.1,107,17.6,156.6,108,8.67,6.9,8,2.19,1,yes
USR-10472,中村 里佳,MN,52,area_code_415,no,no,0,167.0,97,33.07,178.3,92,22.87,189.2,112,1.52,6.8,9,2.2,0,no
USR-10473,吉田 零,SC,139,area_code_415,no,no,39,249.0,118,27.65,113.7,163,15.91,197.3,138,4.34,3.5,9,2.57,1,no
USR-10474,斎藤 聡太郎,GA,62,area_code_510,no,no,0,270.2,66,18.55,187.8,138,13.36,229.6,65,3.51,0.8,7,3.39,1,no
USR-10475,佐藤 裕美子,CA,70,area_code_415,yes,no,0,202.9,92,39.61,157.0,78,21.91,237.0,23,5.85,5.2,7,3.95,0,yes
USR-10476,田中 明美,KS,92,area_code_408,no,no,0,196.4,69,37.47,178.4,104,10.16,187.5,93,12.06,16.0,9,3.14,1,no
USR-10477,山本 くみ子,AL,164,area_code_510,no,no,0,158.2,90,45.96,183.3,114,17.07,201.0,75,6.61,10.5,3,3.59,4,yes
USR-10478,阿部 美加子,AL,130,area_code_510,no,no,0,236.5,73,32.09,199.1,112,19.88,223.1,91,5.03,8.1,3,3.47,1,yes
USR-10479,佐藤 健一,NE,88,area_code_415,no,no,33,220.5,105,1.86,150.9,109,6.13,155.9,147,8.49,10.8,9,3.72,3,no
USR-10480,山本 あすか,MD,73,area_code_510,no,no,0,255.8,77,25.58,212.2,125,17.66,193.7,90,6.5,10.0,3,0.59,1,no
USR-10481,松本 直人,WV,199,area_code_415,no,yes,0,137.1,142,25.39,207.0,89,22.51,211.3,117,5.08,10.3,5,3.18,1,no
USR-10482,橋本 充,WY,139,area_code_408,no,yes,0,187.5,112,45.93,205.8,100,17.8,180.7,118,9.54,9.0,9,3.15,2,no
USR-10483,松田 健一,CT,151,area_code_408,yes,no,0,146.5,110,32.43,199.2,109,9.08,195.1,110,2.56,14.6,3,2.59,2,yes
USR-10484,坂本 翔太,NM,137,area_code_415,no,yes,32,184.8,108,44.17,326.8,92,25.55,109.5,94,5.08,14.1,4,2.25,4,no
USR-10485,山崎 充,OR,61,area_code_510,no,no,0,281.7,83,7.27,182.6,121,20.29,151.2,61,4.17,12.8,3,3.7,2,yes
USR-10486,池田 陽子,OH,222,area_code_415,yes,no,0,264.5,120,39.03,197.6,115,21.5,240.7,94,6.34,8.9,3,3.53,1,yes
USR-10487,佐々木 翼,TN,97,area_code_415,yes,yes,37,177.5,63,31.56,209.0,117,10.55,181.0,107,1.4,8.5,7,3.23,1,no
USR-10488,坂本 あすか,LA,101,area_code_415,no,no,0,214.3,107,14.47,85.1,137,9.43,176.7,65,7.36,4.1,3,2.78,3,no
USR-10489,山田 里佳,PA,95,area_code_415,no,yes,0,232.0,133,36.27,270.5,104,7.12,108.3,129,6.02,9.1,4,2.23,1,no
USR-10490,森 翔太,AK,80,area_code_510,no,yes,39,248.4,78,32.71,233.2,85,16.16,211.0,82,8.22,10.7,1,2.99,1,no
USR-10491,後藤 健一,AL,159,area_code_415,yes,no,0,300.9,94,31.88,155.6,118,4.41,140.6,123,6.69,10.0,4,1.54,4,yes
USR-10492,中島 太郎,TN,171,area_code_415,yes,yes,35,247.3,84,33.41,179.6,100,23.45,147.2,75,7.64,10.1,6,4.05,4,no
USR-10493,石井 桃子,VT,90,area_code_415,no,no,1,199.3,109,37.01,227.0,114,21.93,227.3,34,9.32,10.3,4,2.79,1,no
USR-10494,阿部 淳,NV,92,area_code_415,no,no,1,141.8,129,44.41,210.3,103,19.09,223.1,113,8.06,6.0,3,2.69,3,no
USR-10495,佐々木 京助,AZ,132,area_code_415,no,no,0,273.0,106,22.59,307.7,137,15.42,225.5,48,7.83,8.7,9,3.4,1,no
USR-10496,木村 春香,DC,87,area_code_408,no,no,0,251.8,102,45.52,219.9,111,13.09,259.7,110,12.4,9.6,3,2.67,1,yes
USR-10497,清水 七夏,OH,207,area_code_408,no,yes,29,288.8,114,42.54,288.4,71,20.04,126.0,132,4.96,8.9,5,2.74,1,no
USR-10498,加藤 零,CA,174,area_code_408,yes,yes,0,216.0,121,32.75,20.5,92,21.39,254.4,116,6.26,11.8,2,2.53,1,yes
USR-10499,阿部 浩,NH,58,area_code_510,no,no,0,253.8,113,41.62,258.4,100,19.87,246.4,60,7.35,9.9,3,4.9,2,no
USR-10500,木村 直子,UT,124,area_code_415,yes,yes,0,237.8,87,30.96,198.3,110,15.93,321.6,93,6.55,11.1,15,2.63,1,no
USR-10501,阿部 加奈,HI,150,area_code_510,yes,yes,0,197.0,116,32.08,168.7,89,13.97,210.6,46,8.99,5.3,8,2.64,1,no
USR-10502,近藤 浩,IA,98,area_code_408,no,no,0,149.6,83,28.58,184.7,85,10.41,223.8,99,10.55,12.3,3,2.37,2,yes
USR-10503,山本 桃子,TX,146,area_code_408,no,no,0,181.7,139,22.05,156.3,117,19.77,212.3,124,8.09,12.6,4,2.83,0,yes
USR-10504,佐藤 涼平,NY,126,area_code_415,yes,no,0,215.3,119,20.51,209.8,119,16.75,176.4,134,8.37,9.9,2,3.57,1,yes
USR-10505,小林 康弘,NM,111,area_code_415,no,yes,0,214.6,128,38.45,288.8,107,20.63,179.0,94,3.8,10.6,10,3.31,1,no
USR-10506,佐藤 花子,NC,92,area_code_408,no,yes,28,203.2,100,38.43,185.0,60,8.8,152.5,66,6.17,11.2,4,3.26,0,no
USR-10507,鈴木 太一,CO,82,area_code_510,no,no,0,292.8,93,36.25,302.2,103,12.39,69.1,170,3.09,11.2,3,2.47,1,no
USR-10508,阿部 裕美子,ID,123,area_code_415,yes,no,0,296.2,99,14.18,353.1,77,16.51,96.1,109,6.44,6.0,3,2.75,1,yes
USR-10509,林 結衣,ME,133,area_code_415,no,yes,28,237.8,92,28.22,156.5,86,19.4,126.0,90,10.01,10.9,10,3.09,1,no
USR-10510,佐藤 桃子,RI,98,area_code_510,no,no,0,232.0,78,32.42,174.4,112,15.97,271.9,90,10.2,13.1,10,2.85,1,yes
USR-10511,池田 晃,TX,100,area_code_415,no,no,0,157.1,101,40.85,122.9,111,26.13,273.3,128,9.07,9.9,6,3.77,3,no
USR-10512,木村 さゆり,OH,49,area_code_415,no,yes,1,187.4,93,28.06,254.0,67,17.59,191.7,108,8.66,11.5,5,3.14,3,no
USR-10513,前田 直人,OR,7,area_code_510,no,yes,0,285.0,106,33.41,178.9,104,13.13,177.3,115,9.31,9.8,3,2.69,4,no
USR-10514,伊藤 智也,VT,170,area_code_408,no,no,0,245.1,110,33.57,184.4,94,17.35,132.7,111,7.86,7.8,4,3.21,2,yes
USR-10515,斎藤 桃子,LA,123,area_code_408,no,yes,35,129.5,75,35.24,118.6,96,15.9,215.4,131,10.81,9.2,2,1.45,1,no
USR-10516,小林 篤司,AK,144,area_code_510,no,no,0,157.9,98,19.94,196.7,137,17.66,109.6,85,9.03,9.7,9,2.85,1,no
USR-10517,鈴木 学,AK,105,area_code_510,no,no,0,255.6,90,40.08,109.0,111,19.08,177.0,67,8.63,12.9,3,3.68,1,yes
USR-10518,小川 英樹,GA,132,area_code_510,no,yes,34,157.3,99,11.2,239.4,106,11.77,158.8,124,7.85,10.2,3,1.57,1,no
USR-10519,西村 香織,DE,97,area_code_408,no,no,0,219.7,95,31.45,322.7,89,24.13,128.1,75,8.37,8.6,7,1.9,2,no
USR-10520,前田 里佳,NM,122,area_code_408,no,no,0,217.6,63,36.88,138.1,142,25.09,230.4,159,11.58,9.8,3,3.33,2,yes
USR-10521,田中 あすか,NM,118,area_code_415,no,no,35,216.9,107,18.58,123.3,106,21.16,249.1,118,10.35,9.7,3,1.7,3,no
USR-10522,清水 里佳,AZ,154,area_code_408,no,no,0,97.3,104,20.39,167.1,117,20.67,188.5,93,4.97,13.4,3,4.19,1,no
USR-10523,小林 太郎,CA,144,area_code_510,yes,no,0,172.9,100,38.82,272.2,153,14.09,155.4,30,5.32,6.4,3,2.52,2,yes
USR-10524,森 健一,NY,134,area_code_408,no,no,0,224.5,75,26.23,97.2,99,19.25,194.7,75,7.63,10.6,3,3.33,0,no
USR-10525,小林 知実,SD,59,area_code_415,yes,yes,0,272.6,62,37.1,144.4,85,20.91,129.3,93,3.66,9.4,3,3.59,2,yes
USR-10526,山崎 花子,MO,112,area_code_408,no,yes,18,108.0,57,18.42,182.2,45,16.59,214.7,116,8.15,14.9,3,2.89,1,no
USR-10527,三浦 結衣,UT,157,area_code_510,yes,yes,0,195.4,102,28.33,221.2,116,12.98,215.0,94,10.1,7.3,5,0.29,0,no
USR-10528,佐藤 智也,IL,105,area_code_408,no,no,0,125.9,93,33.95,250.8,82,16.01,162.3,88,10.97,15.4,4,2.91,1,no
USR-10529,藤田 充,AL,64,area_code_510,no,no,0,120.1,93,29.27,177.0,125,26.0,253.3,92,7.97,5.6,5,2.37,1,no
USR-10530,橋本 知実,VT,97,area_code_415,no,yes,41,188.4,65,46.25,266.1,95,17.52,135.6,55,4.7,10.6,3,1.82,1,no
USR-10531,山田 和也,MT,69,area_code_415,no,yes,0,154.2,120,38.64,191.1,100,26.33,156.5,102,6.77,11.4,2,3.29,2,no
USR-10532,佐藤 花子,KS,202,area_code_408,yes,no,0,245.2,85,35.22,188.2,95,21.73,199.7,70,2.28,10.2,3,3.3,1,no
USR-10533,渡辺 あすか,GA,151,area_code_415,no,yes,42,178.5,99,26.61,225.1,132,15.98,134.3,94,4.83,10.4,3,2.36,1,no
USR-10534,渡辺 あすか,IA,104,area_code_408,no,no,0,186.2,125,23.95,153.8,72,15.68,193.3,106,10.93,10.4,13,1.94,6,no
USR-10535,渡辺 太一,PA,153,area_code_415,no,no,0,232.4,120,31.73,143.5,103,8.26,200.1,141,8.38,8.6,7,0.87,2,no
USR-10536,岡本 舞,NC,201,area_code_510,no,yes,1,266.9,59,32.39,219.2,92,19.12,154.6,62,5.29,8.1,6,1.29,1,no
USR-10537,太田 康弘,LA,177,area_code_415,no,no,0,235.0,116,27.06,287.2,91,15.62,185.5,84,8.6,8.0,3,2.42,2,no
USR-10538,井上 拓真,WY,159,area_code_408,no,yes,31,168.0,93,16.15,209.6,125,17.9,165.0,45,8.0,10.1,5,1.85,1,yes
USR-10539,加藤 浩,MI,192,area_code_510,no,no,0,252.7,127,29.07,239.9,109,9.7,210.8,114,4.86,8.8,4,2.62,1,no
USR-10540,高橋 香織,AK,204,area_code_510,no,no,0,199.2,55,27.84,169.7,107,17.01,227.8,98,4.12,6.0,3,2.47,2,yes
USR-10541,佐藤 直樹,NJ,44,area_code_415,yes,no,1,213.7,123,29.27,223.9,138,17.7,170.5,76,2.54,10.6,7,2.1,1,no
USR-10542,高橋 修平,LA,45,area_code_415,no,no,1,192.2,84,32.04,220.6,106,19.24,241.2,96,7.92,11.2,3,3.3,1,no
USR-10543,佐藤 さゆり,AZ,60,area_code_510,no,no,0,241.9,83,35.49,239.8,129,10.44,246.6,87,5.04,6.8,9,1.21,2,no
USR-10544,高橋 裕美子,NM,113,area_code_510,no,no,0,91.7,93,45.63,267.2,116,16.56,261.6,108,3.69,10.3,4,0.0,0,yes
USR-10545,田中 淳,OK,144,area_code_510,no,yes,0,244.7,113,24.86,250.3,18,14.76,149.2,122,6.58,18.3,3,3.94,2,no
USR-10546,渡辺 結衣,MS,73,area_code_415,no,no,0,150.9,137,36.13,266.5,125,12.44,243.5,95,7.59,6.2,3,4.38,4,yes
USR-10547,鈴木 千代,IL,147,area_code_415,yes,no,0,161.1,66,25.79,296.7,99,18.34,180.1,86,9.45,9.5,3,3.27,2,yes
USR-10548,小林 太郎,MO,89,area_code_408,no,yes,38,172.9,56,28.44,164.7,86,9.43,147.9,46,9.56,19.7,4,3.92,1,no
USR-10549,藤田 充,WY,173,area_code_415,no,yes,0,193.5,94,31.27,192.2,112,8.73,197.0,102,3.7,4.0,5,2.57,2,no
USR-10550,藤井 裕美子,WV,90,area_code_408,yes,no,1,243.2,108,31.28,295.2,125,20.54,257.2,119,15.1,11.6,4,2.7,3,yes
USR-10551,前田 治,CA,114,area_code_415,yes,yes,0,310.3,107,32.27,186.3,91,15.38,176.1,81,6.94,12.3,3,5.4,1,no
USR-10552,太田 修平,AK,64,area_code_510,no,yes,0,113.0,85,29.59,188.3,79,21.12,187.3,126,5.01,14.9,2,2.11,1,yes
USR-10553,渡辺 美加子,OH,182,area_code_415,no,no,0,241.4,101,33.88,203.1,71,23.65,275.9,85,5.89,8.7,2,3.3,2,yes
USR-10554,小川 零,WV,21,area_code_415,no,no,0,172.7,110,34.28,160.5,108,16.24,209.6,101,7.73,5.6,3,2.16,1,no
USR-10555,高橋 治,NH,110,area_code_510,no,yes,0,252.7,89,29.61,152.1,93,18.25,217.7,139,7.16,8.7,3,1.74,2,no
USR-10556,佐藤 零,UT,58,area_code_510,no,yes,0,154.0,77,31.52,172.1,109,14.87,109.1,101,8.49,12.8,3,2.52,1,no
USR-10557,三浦 修平,SD,65,area_code_408,yes,no,0,252.0,88,31.4,168.3,137,22.95,182.0,93,9.98,7.3,8,4.23,0,yes
USR-10558,西村 加奈,OK,124,area_code_415,no,yes,35,215.5,117,35.54,74.5,128,18.29,190.0,114,6.51,6.2,9,1.5,1,no
USR-10559,三浦 京助,AZ,73,area_code_415,no,no,0,265.8,68,33.67,244.9,102,16.31,181.7,79,14.28,8.6,3,2.46,1,no
USR-10560,佐藤 学,IN,77,area_code_415,no,no,0,152.0,95,33.37,296.1,154,8.85,208.7,81,1.1,13.0,3,2.93,1,no
USR-10561,高橋 真綾,TN,108,area_code_408,no,no,1,128.2,90,24.68,182.3,81,14.25,163.9,58,4.06,14.1,4,2.38,1,no
USR-10562,清水 春香,MA,125,area_code_510,no,yes,0,223.8,94,21.0,241.1,79,11.06,113.2,118,8.13,8.8,7,2.75,1,no
USR-10563,高橋 洋介,NJ,24,area_code_415,yes,yes,0,265.4,85,29.37,202.0,128,16.8,148.9,67,9.12,9.3,3,2.23,4,no
USR-10564,伊藤 篤司,VA,73,area_code_415,no,no,26,272.8,126,14.9,204.4,164,17.6,236.0,87,10.78,8.0,2,3.98,1,no
USR-10565,鈴木 幹,OR,57,area_code_415,no,no,0,150.3,95,37.49,108.8,89,17.74,211.7,78,9.76,14.7,8,3.81,0,no
USR-10566,田中 直樹,UT,113,area_code_510,no,no,0,182.1,112,32.99,274.4,106,13.83,261.2,106,9.95,11.6,4,3.89,2,no
USR-10567,山崎 康弘,NH,123,area_code_415,yes,no,0,152.3,90,34.89,82.6,153,4.43,189.6,84,3.09,10.2,3,3.4,1,no
USR-10568,山田 淳,WI,100,area_code_415,no,no,0,285.1,93,49.4,167.8,97,17.88,169.1,44,5.82,12.3,3,3.01,2,no
USR-10569,田中 治,MT,104,area_code_510,no,no,0,22.4,71,51.67,164.1,92,10.72,176.2,131,10.21,10.0,3,3.05,1,no
USR-10570,山田 陽子,AK,141,area_code_510,no,yes,34,88.9,112,24.1,201.7,67,23.63,173.1,135,6.11,8.2,2,1.74,2,no
USR-10571,高橋 加奈,SC,206,area_code_510,yes,yes,0,223.2,119,27.35,204.5,154,12.55,198.7,173,7.56,10.1,3,2.14,2,no
USR-10572,佐藤 治,RI,114,area_code_510,no,no,1,224.2,128,27.22,95.6,76,16.22,128.4,75,6.38,13.1,3,3.37,1,no
USR-10573,田中 桃子,TX,157,area_code_408,yes,yes,0,244.7,121,9.79,133.9,152,6.76,175.4,118,2.41,12.6,4,1.01,0,no
USR-10574,高橋 桃子,HI,116,area_code_510,yes,no,0,169.1,108,37.02,265.2,107,15.57,231.8,82,2.31,5.5,9,2.76,2,no
USR-10575,池田 太郎,FL,103,area_code_415,yes,no,0,217.9,58,39.54,215.7,65,18.63,225.8,63,2.11,15.5,4,2.53,1,yes
USR-10576,清水 明美,KS,88,area_code_510,no,yes,0,156.2,148,44.97,300.6,116,10.62,145.4,143,7.18,12.0,8,2.3,1,yes
USR-10577,田中 直人,UT,161,area_code_408,no,no,0,230.3,54,40.2,170.9,87,15.56,151.5,68,9.97,7.0,1,3.42,0,no
USR-10578,西村 知実,NY,45,area_code_510,yes,no,41,96.9,116,32.13,144.9,123,19.29,253.0,94,15.35,10.4,3,2.24,2,no
USR-10579,山本 陽一,KS,114,area_code_415,yes,yes,43,190.8,116,29.29,178.2,86,11.05,185.2,89,6.36,7.2,2,1.8,4,no
USR-10580,鈴木 幹,MI,45,area_code_408,no,no,0,256.0,120,39.99,283.8,134,6.52,150.9,105,1.03,9.2,3,2.56,2,no
USR-10581,福田 翔太,MN,195,area_code_510,no,no,0,307.3,83,35.02,328.6,144,13.6,253.9,93,10.12,6.3,3,2.83,0,yes
USR-10582,山田 聡太郎,NH,108,area_code_415,no,yes,0,178.9,108,32.22,241.1,82,11.44,136.8,142,6.47,9.1,4,2.81,1,no
USR-10583,山田 知実,WA,99,area_code_510,no,no,0,154.2,107,17.94,145.8,86,20.26,149.1,98,12.11,9.8,8,2.46,2,yes
USR-10584,佐藤 涼平,NE,114,area_code_415,no,yes,20,185.9,89,49.05,221.2,67,16.46,219.6,93,12.54,13.9,2,3.56,1,no
USR-10585,後藤 和也,RI,120,area_code_510,no,no,1,265.0,93,27.5,239.8,108,21.41,121.2,106,9.79,10.6,8,1.89,1,no
USR-10586,田中 涼平,PA,14,area_code_510,yes,no,0,197.4,111,2.68,206.8,124,19.82,232.9,140,16.78,10.0,2,2.24,1,yes
USR-10587,佐藤 修平,CA,122,area_code_415,no,no,1,207.3,70,23.7,219.7,63,18.11,178.2,50,5.88,10.2,3,2.8,2,no
USR-10588,石井 幹,WY,93,area_code_408,no,no,29,128.5,117,42.52,199.6,115,16.7,134.4,121,9.32,11.8,3,2.94,0,yes
USR-10589,鈴木 結衣,MT,226,area_code_415,no,no,0,203.0,83,29.6,212.4,98,12.26,90.3,99,7.26,4.1,3,4.31,2,no
USR-10590,小林 稔,UT,90,area_code_510,yes,no,0,163.1,83,34.37,160.1,70,12.53,199.7,86,4.67,9.7,3,2.64,2,yes
USR-10591,田中 陽一,WI,114,area_code_408,yes,no,0,194.4,101,28.92,189.6,139,20.0,262.0,109,12.26,13.3,4,3.2,2,no
USR-10592,佐藤 加奈,AR,80,area_code_415,no,yes,29,188.7,108,30.81,137.1,89,16.3,166.4,79,8.63,8.8,5,1.67,4,no
USR-10593,遠藤 美加子,MO,60,area_code_408,no,no,1,153.1,72,20.41,216.5,135,17.21,262.0,94,11.3,7.9,5,2.83,2,no
USR-10594,藤田 直人,FL,114,area_code_510,no,no,1,217.7,140,38.42,169.7,117,10.56,106.8,68,1.34,9.5,3,1.68,0,no
USR-10595,佐藤 陽一,OH,172,area_code_415,no,yes,0,69.1,114,18.64,265.8,129,23.47,131.6,82,5.91,9.2,8,1.84,0,no
USR-10596,山田 翼,NY,104,area_code_415,no,no,0,239.1,114,31.12,209.2,78,12.87,121.9,79,9.52,6.0,3,3.4,0,yes
USR-10597,小川 亮介,WA,121,area_code_408,no,no,1,227.2,109,34.36,294.1,125,18.52,129.5,90,2.05,12.7,7,3.62,2,no
USR-10598,木村 京助,UT,120,area_code_415,no,yes,0,8.4,112,51.55,134.9,123,19.87,127.3,101,8.11,13.5,7,0.17,1,no
USR-10599,森 晃,MT,179,area_code_510,no,yes,0,250.2,82,39.41,176.9,83,17.94,170.0,73,7.64,8.4,3,2.07,1,yes
USR-10600,松本 翼,MN,117,area_code_415,yes,no,0,221.5,93,39.1,218.8,89,14.66,201.0,95,10.99,10.7,8,2.77,1,no
USR-10601,加藤 裕美子,MO,135,area_code_408,no,no,29,144.3,134,20.95,210.5,117,19.36,239.2,49,13.05,6.6,4,2.89,0,no
USR-10602,佐藤 くみ子,TX,88,area_code_415,no,yes,0,221.5,95,26.06,206.3,103,21.03,246.0,94,6.98,17.9,3,2.99,1,no
USR-10603,高橋 七夏,AZ,14,area_code_415,no,no,0,192.6,87,12.1,296.6,91,17.32,238.4,110,10.23,14.8,9,3.61,2,no
USR-10604,山口 結衣,ND,99,area_code_415,no,yes,20,189.6,97,31.46,224.8,99,9.63,251.0,66,7.99,6.0,9,3.49,4,no
USR-10605,藤井 花子,CT,170,area_code_510,no,yes,36,136.5,91,33.33,257.2,103,15.14,160.2,140,5.63,9.0,3,2.72,1,no
USR-10606,小川 春香,MA,205,area_code_408,no,no,0,196.3,104,43.53,211.2,107,16.69,123.2,71,10.13,13.5,4,3.57,0,no
USR-10607,加藤 七夏,NJ,60,area_code_415,no,no,1,230.7,124,21.27,211.5,97,16.55,150.0,93,4.85,10.2,12,2.48,1,no
USR-10608,中川 美加子,PA,155,area_code_408,no,no,37,51.3,115,35.25,182.3,109,21.1,176.1,69,6.6,12.0,2,2.01,1,no
USR-10609,山口 智也,GA,123,area_code_415,no,no,0,206.0,78,27.21,245.1,129,12.0,108.4,79,4.72,4.0,2,2.81,1,no
USR-10610,中村 翼,KY,174,area_code_415,no,no,0,196.5,97,29.34,205.1,97,21.23,68.7,86,4.11,9.0,8,3.43,1,no
USR-10611,加藤 健一,OK,181,area_code_415,no,yes,0,23.0,112,34.37,208.7,117,17.64,145.0,74,0.41,12.0,2,3.79,1,no
USR-10612,山下 智也,MO,28,area_code_408,no,no,0,182.4,98,52.17,201.5,96,18.4,163.1,116,4.1,7.9,3,2.52,0,yes
USR-10613,橋本 浩,DE,166,area_code_408,no,no,0,164.3,114,36.92,282.6,113,16.66,129.4,85,5.37,9.5,7,2.58,1,no
USR-10614,田中 翼,MA,186,area_code_510,no,yes,0,150.1,63,38.65,154.6,55,14.73,228.7,34,10.82,6.5,3,3.43,2,no
USR-10615,鈴木 浩,WV,83,area_code_415,no,no,0,179.3,123,38.47,176.7,85,16.7,182.3,92,7.81,13.7,2,5.11,0,no
USR-10616,山本 陽一,CA,182,area_code_415,no,no,0,99.8,104,40.34,196.8,122,23.01,183.3,71,6.06,9.0,3,2.88,2,yes
USR-10617,清水 篤司,CO,96,area_code_510,no,no,26,199.3,96,30.52,197.7,103,20.8,178.5,117,9.36,14.6,7,3.41,1,yes
USR-10618,遠藤 治,NV,141,area_code_510,no,no,0,189.8,86,43.64,221.5,116,15.75,73.6,127,4.57,10.6,3,2.52,1,no
USR-10619,高橋 真綾,KS,150,area_code_510,no,yes,0,269.9,112,45.95,203.6,103,8.37,198.3,128,5.16,6.8,8,1.27,2,no
USR-10620,伊藤 学,PA,167,area_code_408,no,yes,0,86.3,114,37.82,94.9,113,20.13,176.6,79,7.13,11.4,8,2.54,1,no
USR-10621,田中 充,KS,127,area_code_408,no,no,0,222.0,39,38.03,257.5,60,12.55,263.1,135,5.78,5.3,4,2.7,3,yes
USR-10622,加藤 明美,SD,125,area_code_510,yes,no,0,224.1,63,34.52,245.4,133,10.79,204.4,111,10.63,4.9,7,2.88,2,yes
USR-10623,鈴木 健一,NE,39,area_code_415,no,yes,27,194.7,69,35.0,188.2,118,19.22,205.1,74,10.83,7.7,3,3.63,2,no
USR-10624,中村 真綾,MA,43,area_code_510,no,yes,32,184.1,108,39.59,311.9,118,19.13,179.5,115,8.1,12.3,3,2.49,0,no
USR-10625,山口 陽子,RI,128,area_code_415,yes,no,0,251.8,115,33.4,183.8,112,17.16,18.5,129,0.86,10.8,5,2.78,1,yes
USR-10626,佐藤 直人,OK,96,area_code_415,no,no,1,223.5,94,36.41,173.6,151,11.19,87.5,103,10.47,8.7,4,3.76,1,no
USR-10627,小林 健一,ND,59,area_code_408,yes,no,0,183.1,89,27.15,259.6,83,11.89,214.4,121,9.5,14.3,13,2.6,1,yes
USR-10628,福田 晃,CO,148,area_code_408,no,no,0,169.7,88,41.93,270.9,121,19.61,135.0,74,3.19,12.1,4,2.45,1,no
USR-10629,吉田 翼,DE,191,area_code_415,yes,yes,37,255.9,110,40.68,132.0,134,8.47,157.4,117,7.67,9.1,3,2.53,1,no
USR-10630,高橋 裕美子,ME,110,area_code_408,no,no,0,271.8,104,25.35,223.3,126,17.65,225.7,96,7.7,10.5,7,3.88,0,no
USR-10631,池田 春香,AZ,104,area_code_510,no,no,1,193.1,104,42.53,218.5,114,19.99,188.2,130,7.6,8.2,3,1.98,1,no
USR-10632,渡辺 くみ子,DC,98,area_code_415,yes,no,0,250.1,92,47.83,272.8,115,13.99,146.0,104,10.14,8.0,3,1.58,4,yes
USR-10633,高橋 智也,IL,157,area_code_415,no,no,0,222.2,129,13.97,215.4,134,19.58,140.2,88,7.13,10.3,7,2.49,2,no
USR-10634,山本 涼平,HI,154,area_code_408,no,no,0,257.4,79,40.75,189.8,106,23.73,180.8,100,10.22,11.2,3,4.93,2,no
USR-10635,加藤 治,TN,129,area_code_415,no,no,0,330.9,107,44.19,203.4,125,19.64,145.4,71,10.46,8.9,3,0.2,1,no
USR-10636,佐藤 淳,WY,80,area_code_408,no,yes,38,222.2,93,35.62,194.1,115,8.73,174.6,117,3.44,9.1,5,2.94,1,no
USR-10637,伊藤 裕太,WA,2,area_code_408,no,no,1,174.7,67,26.53,152.7,109,18.55,198.9,96,8.6,2.4,3,2.85,1,no
USR-10638,長谷川 英樹,MN,24,area_code_408,yes,yes,0,213.1,125,36.2,193.7,125,14.17,196.8,78,6.31,9.4,8,3.9,3,yes
USR-10639,斉藤 治,ME,117,area_code_415,yes,yes,0,205.5,99,27.21,296.6,126,15.75,180.7,89,10.19,10.3,3,2.85,1,no
USR-10640,前田 京助,FL,174,area_code_408,yes,no,0,118.4,125,20.6,188.4,87,21.47,141.9,92,6.41,8.4,4,3.57,0,no
USR-10641,石川 修平,OR,136,area_code_415,no,yes,33,211.1,110,45.96,160.7,107,16.09,181.9,71,6.96,12.1,4,2.43,3,no
USR-10642,藤田 太郎,WA,120,area_code_415,no,yes,23,277.5,97,34.99,133.5,80,19.31,226.6,106,7.85,4.0,9,2.1,1,no
USR-10643,藤田 結衣,NY,63,area_code_408,no,yes,35,241.6,95,37.56,344.2,78,15.72,186.5,107,0.99,10.0,3,2.76,5,no
USR-10644,木村 花子,OK,224,area_code_510,no,yes,36,213.3,88,39.11,240.2,84,19.61,237.3,118,7.8,0.3,3,2.39,3,no
USR-10645,伊藤 充,FL,105,area_code_415,no,yes,0,89.5,95,24.48,241.9,103,22.62,162.8,59,5.25,13.3,2,3.14,2,no
USR-10646,渡辺 直子,NM,108,area_code_415,yes,no,0,168.4,71,34.83,193.7,112,15.09,164.8,38,8.86,11.7,13,2.36,2,no
USR-10647,太田 真綾,NH,156,area_code_408,no,yes,51,233.6,86,15.45,294.8,82,21.37,138.9,81,7.28,9.0,3,1.85,0,no
USR-10648,小林 太郎,SD,102,area_code_510,no,no,0,213.1,96,48.02,228.9,96,26.11,161.7,124,14.28,2.0,2,3.03,0,yes
USR-10649,田中 直子,ME,129,area_code_510,no,no,35,169.0,93,24.26,147.4,136,20.33,191.3,49,3.64,9.4,3,2.58,0,no
USR-10650,山口 幹,TN,102,area_code_415,no,no,0,216.8,95,26.87,165.7,106,20.26,126.4,111,8.41,14.7,3,3.7,0,yes
USR-10651,加藤 幹,RI,114,area_code_408,no,yes,1,259.0,64,32.16,163.4,121,9.22,159.8,130,7.76,8.2,10,2.1,0,no
USR-10652,井上 洋介,LA,153,area_code_510,no,no,0,130.6,126,31.59,307.7,96,16.45,228.0,97,4.36,9.2,3,3.18,0,yes
USR-10653,松本 治,RI,105,area_code_408,yes,no,0,194.1,95,33.59,33.2,105,12.66,181.8,83,7.8,14.8,4,4.06,3,no
USR-10654,中島 智也,MT,128,area_code_415,no,yes,39,260.3,108,24.48,259.5,77,14.76,246.2,133,11.48,6.3,4,2.73,1,no
USR-10655,渡辺 治,WA,60,area_code_408,yes,no,1,178.7,73,27.13,216.7,88,26.44,207.3,47,6.49,6.5,3,3.57,1,no
USR-10656,藤田 陽一,WA,101,area_code_415,no,yes,0,180.7,107,28.76,262.6,96,17.42,228.4,122,8.72,9.4,1,3.2,3,no
USR-10657,山田 智也,UT,122,area_code_510,no,yes,41,197.4,105,23.62,289.3,75,13.13,251.3,51,4.99,7.4,8,2.3,2,no
USR-10658,佐々木 亮介,HI,210,area_code_510,no,yes,33,234.3,93,29.06,230.8,58,17.89,253.4,114,8.82,11.0,8,2.72,1,no
USR-10659,松本 治,IL,2,area_code_408,no,no,0,92.9,72,27.46,199.8,153,18.01,168.8,112,6.59,8.7,10,2.65,1,no
USR-10660,木村 加奈,AR,90,area_code_415,no,yes,42,200.8,50,38.95,252.5,74,10.63,162.3,97,7.37,10.3,9,3.11,1,no
USR-10661,佐々木 桃子,UT,145,area_code_510,no,yes,0,164.4,122,36.5,254.0,72,16.03,78.8,101,4.38,7.3,5,4.09,0,no
USR-10662,佐藤 翔太,AK,69,area_code_415,no,no,48,303.4,76,17.81,180.4,127,19.8,185.4,133,3.96,14.0,3,1.91,1,no
USR-10663,佐々木 涼平,TX,85,area_code_510,yes,no,0,202.5,93,36.08,304.8,87,22.38,94.0,101,0.76,14.8,6,3.04,2,yes
USR-10664,渡辺 翔太,OK,115,area_code_415,no,no,35,197.9,97,30.37,188.2,100,17.4,172.3,76,9.51,8.3,9,4.32,1,no
USR-10665,井上 陽一,AZ,196,area_code_415,no,no,33,147.5,86,28.24,225.5,133,16.05,186.4,119,12.37,4.8,5,2.79,1,no
USR-10666,田中 篤司,ME,138,area_code_408,no,yes,0,241.0,80,18.02,175.2,104,19.72,187.0,65,6.47,15.1,3,5.35,0,yes
USR-10667,福田 浩,IL,93,area_code_415,yes,yes,33,222.2,110,29.49,96.3,108,19.37,165.4,104,8.31,12.7,8,3.73,1,no
USR-10668,田中 結衣,AR,82,area_code_408,no,no,37,235.3,80,40.16,207.5,96,16.03,221.8,154,10.35,3.8,3,1.84,1,no
USR-10669,佐々木 陽子,MT,33,area_code_408,no,no,0,270.4,84,44.93,131.8,78,8.25,164.1,117,8.73,10.3,5,2.99,1,no
USR-10670,伊藤 直樹,NV,100,area_code_510,yes,no,0,198.2,98,13.26,284.3,92,14.71,137.1,91,9.2,11.6,4,2.61,1,no
USR-10671,松本 学,NM,63,area_code_415,no,no,34,150.1,96,19.2,264.4,89,9.2,168.1,86,6.0,12.9,7,3.15,1,no
USR-10672,木村 裕美子,CO,114,area_code_415,yes,no,0,199.9,106,29.82,233.7,115,17.03,116.7,87,8.64,11.8,3,3.1,1,yes
USR-10673,佐藤 浩,ID,120,area_code_510,no,no,0,136.2,100,34.63,218.1,104,24.38,195.1,67,7.02,2.5,5,3.43,0,yes
USR-10674,佐藤 裕美子,VA,109,area_code_510,no,no,0,187.2,105,28.81,148.7,109,17.43,145.1,112,6.68,10.9,4,4.09,1,no
USR-10675,林 舞,UT,125,area_code_415,no,no,25,176.0,116,24.88,181.6,104,10.92,183.3,109,11.26,13.5,3,4.44,4,no
USR-10676,佐藤 晃,MI,97,area_code_408,no,no,0,232.4,107,45.05,221.8,107,21.37,157.6,129,3.63,14.6,7,2.48,1,no
USR-10677,佐藤 聡太郎,NH,131,area_code_510,no,no,38,215.0,77,26.66,212.7,107,20.52,161.0,95,6.92,11.5,3,3.58,3,no
USR-10678,佐々木 直樹,MI,69,area_code_415,no,no,32,217.3,57,31.28,227.0,90,19.43,290.1,119,9.54,7.4,11,1.55,1,yes
USR-10679,松田 太一,AZ,94,area_code_415,no,yes,37,198.7,105,35.31,153.5,83,18.07,131.3,115,5.99,12.5,3,1.76,4,no
USR-10680,森 拓真,CA,128,area_code_510,no,no,0,236.1,44,37.34,219.6,113,17.29,179.1,110,8.16,9.2,3,2.14,0,yes
USR-10681,田中 翼,MN,148,area_code_510,yes,no,1,248.7,83,27.32,357.1,99,20.3,201.0,89,10.93,11.0,3,3.49,2,no
USR-10682,鈴木 結衣,HI,190,area_code_415,no,no,0,241.5,105,35.5,290.8,109,27.96,159.4,99,5.07,8.7,15,2.15,1,yes
USR-10683,加藤 舞,NC,94,area_code_415,no,no,0,227.4,105,37.17,293.1,82,14.01,186.3,72,9.68,8.5,4,1.34,1,no
USR-10684,井上 浩,NY,28,area_code_408,no,no,0,153.2,107,37.03,247.4,92,6.96,247.2,91,4.99,9.6,7,2.3,1,yes
USR-10685,橋本 修平,PA,144,area_code_415,no,yes,40,200.0,153,30.69,200.4,88,17.72,169.0,83,10.21,8.0,3,2.26,3,no
USR-10686,坂本 京助,ID,153,area_code_408,no,yes,23,222.0,71,32.64,240.2,115,14.19,168.9,133,10.97,12.0,3,2.72,1,no
USR-10687,田中 拓真,AK,75,area_code_510,no,no,0,178.3,120,44.4,143.8,94,4.58,210.5,140,9.36,10.7,3,2.87,1,no
USR-10688,青木 直人,WV,146,area_code_415,no,no,0,223.2,98,28.6,207.6,97,11.87,114.4,105,2.57,9.5,5,2.86,2,yes
USR-10689,鈴木 智也,AR,125,area_code_415,yes,no,0,221.5,100,24.41,216.6,124,16.79,176.3,84,7.86,11.9,8,3.39,3,no
USR-10690,阿部 学,PA,61,area_code_510,no,no,0,181.3,83,26.57,210.1,122,9.73,270.7,94,10.24,13.1,4,3.76,1,no
USR-10691,佐藤 篤司,ME,130,area_code_408,no,no,0,191.9,86,42.75,124.6,117,18.76,227.5,115,3.25,8.8,2,2.78,2,no
USR-10692,山口 聡太郎,OR,167,area_code_415,yes,no,0,306.4,90,32.37,305.7,89,11.02,202.1,119,12.42,15.2,3,3.37,1,yes
USR-10693,佐藤 拓真,NJ,117,area_code_408,no,no,1,196.1,106,20.44,250.2,92,20.69,144.0,83,3.14,8.2,3,3.36,1,no
USR-10694,藤原 春香,SC,127,area_code_510,yes,no,1,345.9,100,11.04,211.9,108,14.51,206.2,81,4.56,8.6,4,3.11,2,yes
USR-10695,中村 千代,NH,131,area_code_415,no,yes,0,186.9,72,34.86,196.6,78,19.98,161.0,84,8.53,15.1,3,4.48,3,yes
USR-10696,鈴木 裕太,AL,57,area_code_510,no,yes,0,176.7,112,20.07,160.5,106,15.75,57.9,105,5.6,9.2,3,3.64,1,no
USR-10697,小林 くみ子,DE,136,area_code_415,no,no,0,150.8,100,31.38,310.3,168,12.45,207.6,79,0.0,8.8,8,2.7,2,no
USR-10698,山本 加奈,KS,107,area_code_415,no,no,0,262.5,74,21.8,167.6,88,17.35,197.9,126,7.45,7.3,7,4.06,0,no
USR-10699,小川 学,IN,126,area_code_415,no,no,0,74.7,134,24.14,192.0,101,11.74,269.1,106,9.1,8.1,6,3.57,0,yes
USR-10700,松本 涼平,OH,139,area_code_415,no,no,0,261.4,114,33.18,208.5,141,11.9,170.4,56,12.57,8.4,2,3.73,1,no
USR-10701,高橋 里佳,LA,131,area_code_510,no,no,0,83.0,114,21.46,205.2,94,16.42,63.6,84,4.5,12.5,8,4.06,1,no
USR-10702,村上 陽子,IA,64,area_code_415,no,yes,0,208.2,115,32.07,139.6,170,14.35,131.9,94,7.49,6.7,3,2.34,3,no
USR-10703,近藤 学,MI,133,area_code_510,no,yes,44,239.1,106,35.56,183.4,95,15.49,69.8,101,5.27,14.4,3,2.75,2,no
USR-10704,清水 直子,WA,40,area_code_408,no,no,0,237.4,136,19.26,263.2,125,20.19,124.2,53,8.56,14.0,4,3.88,1,no
USR-10705,小川 直人,DC,243,area_code_415,no,no,0,342.9,101,49.73,155.5,109,17.38,218.7,139,7.92,10.2,11,2.54,0,yes
USR-10706,加藤 里佳,AL,173,area_code_415,no,yes,0,252.1,119,47.76,219.9,62,16.63,95.8,92,4.57,9.8,9,3.42,4,no
USR-10707,木村 翼,OR,98,area_code_408,yes,no,0,210.5,101,24.99,125.9,107,14.79,243.9,104,9.8,9.1,7,2.6,1,no
USR-10708,松田 あすか,MO,84,area_code_510,yes,yes,0,172.3,90,30.99,203.6,79,20.65,232.2,87,7.72,14.6,4,4.5,1,yes
USR-10709,山田 直樹,SC,183,area_code_510,no,yes,0,227.6,83,25.18,239.1,128,19.74,116.3,75,9.09,13.9,2,2.11,1,no
USR-10710,中島 直子,MD,47,area_code_510,no,yes,30,241.4,89,41.99,209.7,97,23.36,172.9,84,6.24,9.8,7,2.67,1,no
USR-10711,田中 晃,NH,59,area_code_510,no,no,27,211.0,58,19.84,288.2,142,15.91,237.3,87,5.79,8.8,3,2.37,2,no
USR-10712,中村 太郎,ND,100,area_code_415,no,yes,26,178.1,90,24.05,126.7,132,16.17,198.6,125,4.93,5.3,3,1.45,1,no
USR-10713,高橋 陽子,KS,126,area_code_415,no,no,0,235.9,97,28.62,206.2,74,21.31,145.3,91,4.84,12.2,8,3.6,1,no
USR-10714,清水 美加子,MN,143,area_code_408,no,no,0,212.3,69,19.95,243.6,109,17.79,143.6,103,5.28,12.6,3,2.92,2,no
USR-10715,中村 聡太郎,CT,133,area_code_415,yes,no,0,254.6,66,28.92,138.7,105,18.59,277.3,99,7.07,10.3,3,2.72,0,yes
USR-10716,山口 美加子,RI,177,area_code_415,yes,no,0,184.3,61,18.23,217.2,109,24.25,163.7,100,6.95,9.6,3,2.17,1,yes
USR-10717,斉藤 直子,AK,153,area_code_415,no,no,1,204.9,74,22.78,159.0,120,14.56,171.4,86,0.8,11.9,3,3.36,1,no
USR-10718,山下 花子,OR,113,area_code_415,no,yes,1,258.0,105,42.06,313.9,94,21.87,141.9,99,5.79,15.3,3,2.75,1,no
USR-10719,小林 千代,VT,161,area_code_415,no,yes,30,227.4,98,43.31,196.9,98,16.74,273.4,86,6.46,8.8,8,4.19,4,no
USR-10720,長谷川 さゆり,UT,102,area_code_415,no,no,37,234.9,91,17.95,229.6,103,14.33,158.5,103,6.31,8.2,9,3.56,1,no
USR-10721,中村 陽子,UT,92,area_code_415,no,no,0,236.4,100,37.52,251.6,108,18.53,126.9,128,5.61,9.6,5,2.57,1,no
USR-10722,山本 明美,WY,101,area_code_415,no,yes,30,162.5,144,24.28,159.5,104,18.19,255.3,110,10.94,9.8,8,2.39,1,no
USR-10723,佐藤 浩,WI,197,area_code_415,no,no,0,194.7,105,29.54,221.1,113,21.95,113.0,90,6.67,6.2,7,2.23,2,yes
USR-10724,西村 里佳,MI,145,area_code_408,no,no,0,198.9,109,38.0,289.4,112,15.42,139.0,91,9.23,11.9,8,2.94,5,yes
USR-10725,中村 和也,WY,99,area_code_510,no,no,0,175.5,104,25.5,168.3,149,18.09,168.5,115,8.44,11.2,5,3.75,2,no
USR-10726,伊藤 舞,SD,132,area_code_415,yes,no,0,241.1,103,26.26,130.5,117,9.12,87.5,86,5.47,13.5,9,2.83,2,no
USR-10727,山本 明美,TN,196,area_code_408,no,yes,42,233.6,89,43.25,185.3,84,18.89,166.4,89,9.58,11.3,6,3.77,1,no
USR-10728,中島 裕美子,WI,204,area_code_415,no,no,0,273.8,145,47.75,240.7,86,19.37,117.8,105,6.83,14.2,2,0.84,1,yes
USR-10729,前田 晃,UT,133,area_code_408,no,no,34,179.7,100,46.21,331.7,102,15.55,151.4,101,2.25,13.6,3,3.31,1,no
USR-10730,三浦 浩,CT,118,area_code_415,no,yes,29,194.7,90,42.73,264.4,89,14.99,280.3,150,10.0,13.0,7,3.08,0,no
USR-10731,佐藤 幹,ME,146,area_code_415,no,no,0,191.6,96,26.41,115.2,112,17.9,111.9,43,11.29,12.7,3,2.85,4,no
USR-10732,木村 英樹,IL,109,area_code_510,no,no,0,175.0,119,28.86,269.7,55,10.0,202.2,96,6.26,10.3,5,0.53,1,yes
USR-10733,渡辺 知実,MN,83,area_code_510,no,yes,0,152.0,125,37.26,170.7,101,8.53,145.2,118,8.38,11.1,3,2.79,1,no
USR-10734,佐藤 稔,MO,176,area_code_415,no,yes,29,221.7,84,37.3,208.9,85,17.57,174.5,101,6.87,6.9,4,1.67,1,no
USR-10735,鈴木 陽一,NE,91,area_code_415,no,yes,0,189.6,122,45.66,181.0,102,24.61,188.9,159,8.57,9.5,3,1.9,4,no
USR-10736,村上 健一,NY,142,area_code_408,no,no,0,226.2,49,29.87,229.9,139,15.5,237.7,107,7.54,5.1,7,4.07,0,no
USR-10737,木村 知実,OR,112,area_code_510,no,no,1,217.0,90,51.2,312.0,114,26.97,123.7,99,4.35,9.4,3,2.88,1,yes
USR-10738,池田 智也,TX,67,area_code_510,no,yes,1,173.5,112,43.49,209.5,106,15.39,170.3,107,5.35,10.6,4,3.74,1,no
USR-10739,清水 陽子,WA,99,area_code_408,no,no,0,182.7,103,46.17,154.0,122,19.91,184.6,105,12.26,0.0,2,2.68,4,no
USR-10740,小林 浩,OR,99,area_code_510,no,yes,36,229.6,121,22.29,284.3,89,19.56,204.4,171,4.62,13.1,3,1.61,2,no
USR-10741,伊藤 太郎,HI,176,area_code_408,yes,no,0,239.7,80,30.75,277.8,111,11.66,177.2,132,5.46,10.4,9,1.49,0,no
USR-10742,池田 舞,FL,77,area_code_510,no,yes,0,151.8,61,43.94,132.7,104,16.17,196.0,68,6.71,16.3,3,4.95,1,no
USR-10743,吉田 洋介,MA,96,area_code_408,no,no,0,223.6,107,39.06,118.2,68,25.67,226.7,111,2.63,7.3,3,3.06,0,no
USR-10744,山口 太一,MT,72,area_code_415,yes,yes,0,263.6,104,45.62,136.2,52,15.33,174.3,108,6.47,12.1,2,2.9,1,yes
USR-10745,松本 七夏,SD,131,area_code_510,no,no,0,297.1,86,27.84,173.4,114,20.41,185.1,103,10.52,10.8,3,3.03,2,no
USR-10746,清水 結衣,LA,95,area_code_415,no,no,0,229.5,104,35.9,185.9,92,17.81,132.0,88,4.01,4.5,2,2.86,0,no
USR-10747,福田 陽一,MO,191,area_code_510,no,no,0,250.0,90,46.86,158.3,83,17.13,304.8,158,9.05,10.2,7,3.13,4,yes
USR-10748,小川 裕美子,MT,160,area_code_415,no,no,0,97.1,98,38.05,183.0,103,26.45,140.9,95,5.35,8.8,6,1.14,1,no
USR-10749,鈴木 翔太,NV,27,area_code_415,no,no,0,205.4,126,21.53,194.6,102,17.6,135.4,104,9.51,10.9,2,1.94,1,no
USR-10750,藤井 香織,MA,114,area_code_408,no,no,0,164.0,67,29.52,171.3,123,8.92,266.2,119,6.52,10.5,7,2.05,0,no
USR-10751,木村 裕美子,NY,62,area_code_408,no,yes,0,179.3,107,21.43,186.4,70,18.41,244.6,151,9.03,12.3,8,2.7,3,no
USR-10752,吉田 加奈,WI,125,area_code_415,no,no,0,204.4,93,25.19,139.4,129,14.55,184.9,63,8.97,14.3,3,2.92,7,no
USR-10753,高橋 裕太,CO,111,area_code_510,no,yes,0,155.6,94,21.39,181.5,127,14.71,49.1,73,2.42,11.6,4,0.72,1,no
USR-10754,池田 洋介,OK,48,area_code_415,no,no,1,192.8,139,22.55,183.5,88,17.49,166.5,87,5.92,10.8,6,2.45,1,no
USR-10755,小林 香織,WI,79,area_code_415,no,no,0,263.9,40,35.12,106.1,88,9.34,189.7,98,8.77,9.6,3,2.78,0,no
USR-10756,松本 修平,NJ,110,area_code_415,yes,yes,30,173.8,68,46.18,147.0,122,21.53,201.0,89,6.26,10.4,3,3.5,1,no
USR-10757,中島 和也,WI,93,area_code_510,no,no,0,163.2,122,35.91,195.6,85,2.18,213.9,118,4.05,10.7,5,1.33,1,no
USR-10758,鈴木 真綾,AR,165,area_code_415,yes,yes,43,217.5,73,33.94,211.5,88,11.31,158.2,48,7.61,12.1,9,3.71,0,no
USR-10759,小林 修平,PA,148,area_code_510,no,yes,0,250.2,89,34.75,274.2,108,14.82,186.6,120,6.32,10.2,10,3.1,2,no
USR-10760,山本 陽子,UT,166,area_code_408,no,no,36,166.8,129,21.89,256.2,88,7.05,175.6,112,2.37,13.2,2,3.42,1,no
USR-10761,松本 稔,NM,43,area_code_415,no,yes,40,181.4,106,40.81,178.1,107,6.42,184.2,98,11.38,9.1,3,1.74,0,yes
USR-10762,高橋 結衣,KS,75,area_code_408,yes,no,0,218.8,107,38.95,262.5,111,18.06,208.0,76,8.51,8.0,3,2.2,2,yes
USR-10763,佐藤 京助,OR,39,area_code_510,no,yes,24,203.4,97,51.13,152.4,111,17.92,153.9,145,5.17,11.4,3,2.31,0,no
USR-10764,斉藤 くみ子,IL,184,area_code_415,yes,no,1,199.4,101,44.43,219.4,92,18.92,213.9,106,7.35,8.1,1,1.82,6,yes
USR-10765,長谷川 陽子,MS,95,area_code_510,no,no,0,270.1,93,23.3,168.0,129,16.26,248.7,106,9.51,10.4,3,2.83,0,no
USR-10766,橋本 裕樹,OR,205,area_code_415,no,no,0,264.4,65,36.68,215.5,115,14.47,131.5,131,5.0,9.7,3,2.13,0,no
USR-10767,田中 亮介,NM,70,area_code_510,no,no,0,209.6,59,36.36,77.1,118,9.98,150.1,91,6.19,8.1,8,2.6,2,no
USR-10768,鈴木 桃子,NJ,100,area_code_510,no,no,0,187.2,127,4.17,248.0,107,23.08,91.3,99,7.83,10.4,8,3.0,2,yes
USR-10769,加藤 加奈,RI,48,area_code_415,no,no,36,220.3,128,27.29,186.5,93,26.49,209.9,86,4.02,7.5,9,1.67,3,no
USR-10770,井上 太一,WY,134,area_code_408,no,yes,35,98.7,94,38.85,346.2,97,19.94,167.8,43,9.49,11.0,8,2.45,1,no
USR-10771,佐藤 聡太郎,NC,83,area_code_415,no,yes,28,176.6,124,32.93,225.1,99,16.31,181.5,107,7.65,12.1,2,1.67,1,no
USR-10772,三浦 零,CT,135,area_code_510,no,yes,0,188.8,91,45.72,149.9,84,17.98,167.4,124,12.04,12.0,7,3.31,2,no
USR-10773,坂本 直子,CO,88,area_code_510,no,no,38,285.9,102,40.45,226.0,134,13.56,206.3,146,6.85,11.1,2,4.11,1,no
USR-10774,渡辺 加奈,PA,88,area_code_408,no,yes,33,307.4,99,30.52,196.3,81,10.57,229.3,80,8.45,9.0,3,3.07,0,no
USR-10775,山下 修平,MI,180,area_code_408,no,no,0,158.2,101,25.69,278.8,92,16.21,164.8,98,8.94,6.1,9,2.54,1,no
USR-10776,木村 美加子,PA,192,area_code_510,no,no,0,154.0,80,35.28,291.1,128,25.1,106.1,46,5.06,10.4,6,3.97,2,no
USR-10777,加藤 浩,OR,51,area_code_408,no,no,0,284.7,120,29.75,179.6,70,19.48,223.3,119,7.86,7.9,7,4.11,1,yes
USR-10778,福田 聡太郎,SD,87,area_code_415,no,no,0,164.2,130,35.1,158.5,161,17.93,155.5,83,11.62,10.5,3,3.29,2,yes
USR-10779,鈴木 加奈,NV,206,area_code_415,no,no,0,231.1,79,29.2,216.5,90,18.01,218.4,63,8.77,8.8,3,3.14,3,no
USR-10780,山田 さゆり,SC,104,area_code_415,no,yes,34,201.6,136,31.02,173.1,80,19.37,199.3,121,13.8,6.7,4,1.82,0,yes
USR-10781,高橋 淳,TX,52,area_code_408,no,yes,0,223.8,100,28.51,288.2,125,21.33,115.7,99,8.22,8.2,3,3.07,1,no
USR-10782,石川 淳,VA,130,area_code_510,no,no,45,185.3,134,41.13,174.8,104,17.44,141.1,67,3.31,9.1,14,4.74,2,no
USR-10783,加藤 修平,NE,151,area_code_415,no,no,0,168.6,100,51.15,305.5,103,17.67,223.0,54,6.0,9.6,7,2.66,0,yes
USR-10784,渡辺 千代,NV,180,area_code_510,no,yes,0,258.5,108,25.24,168.6,107,24.82,177.9,107,7.47,10.6,3,3.16,1,no
USR-10785,松本 健一,NC,111,area_code_408,no,no,0,134.8,107,59.76,193.2,94,17.29,208.2,98,9.4,9.4,4,1.79,1,yes
USR-10786,佐藤 陽一,KS,218,area_code_415,no,yes,0,164.8,100,26.24,275.7,78,15.71,186.0,138,12.88,9.8,8,1.26,2,no
USR-10787,渡辺 拓真,OH,67,area_code_510,no,yes,0,184.6,113,18.84,296.6,73,15.9,201.5,93,11.01,12.8,3,2.86,2,no
USR-10788,中村 篤司,TN,122,area_code_510,no,yes,46,247.2,119,28.37,193.2,135,22.06,228.0,116,5.94,9.5,9,2.71,0,no
USR-10789,山本 美加子,GA,152,area_code_415,no,yes,32,212.6,95,37.27,194.2,95,14.9,135.6,98,6.88,10.1,3,2.89,1,no
USR-10790,阿部 幹,NJ,85,area_code_408,no,no,0,273.7,35,27.26,158.4,106,23.29,200.2,85,9.58,13.8,3,2.44,3,no
USR-10791,山本 陽一,RI,171,area_code_510,yes,no,0,247.5,135,25.07,195.0,110,14.21,220.0,142,12.44,12.2,3,3.92,2,yes
USR-10792,前田 里佳,KY,168,area_code_415,yes,yes,25,196.4,105,29.87,108.9,102,21.85,204.2,101,4.8,12.4,4,3.67,0,no
USR-10793,斎藤 稔,ME,62,area_code_408,no,yes,41,180.2,111,18.45,246.5,138,17.72,215.6,95,6.02,11.7,6,2.69,0,no
USR-10794,佐藤 陽子,CT,104,area_code_415,no,yes,38,222.0,106,29.88,133.2,106,25.74,140.8,55,8.74,14.8,8,1.7,1,no
USR-10795,清水 浩,WY,77,area_code_408,no,no,0,163.1,79,11.44,250.5,84,18.43,188.4,94,7.46,11.6,8,2.34,2,yes
USR-10796,山口 晃,VA,50,area_code_408,no,yes,44,235.7,72,28.09,178.9,74,23.33,225.7,89,9.36,10.1,3,5.15,1,no
USR-10797,福田 加奈,MS,98,area_code_408,no,no,0,200.3,89,20.31,183.6,94,12.11,156.7,96,8.71,13.1,3,2.75,1,no
USR-10798,田中 太一,ME,79,area_code_408,no,yes,38,207.4,70,42.1,208.8,74,12.93,284.8,88,7.77,7.6,3,5.25,1,no
USR-10799,山崎 美加子,NJ,181,area_code_510,no,yes,0,144.8,103,40.42,188.6,100,24.1,179.6,76,8.45,4.2,2,2.37,1,no
USR-10800,山本 京助,AL,68,area_code_415,yes,no,0,213.7,101,42.32,83.7,110,24.53,196.2,71,9.33,8.7,9,3.03,1,yes
USR-10801,小林 洋介,CT,176,area_code_415,no,yes,26,165.8,86,56.83,179.7,98,19.17,271.3,87,7.55,9.3,7,3.45,1,no
USR-10802,加藤 治,VT,20,area_code_510,no,yes,41,249.3,111,12.67,133.1,96,18.11,134.5,106,3.99,11.0,8,2.72,2,yes
USR-10803,中島 英樹,WY,126,area_code_408,yes,no,0,145.5,92,29.6,308.3,105,18.22,142.9,95,9.11,14.0,2,1.82,1,no
USR-10804,伊藤 直子,IL,66,area_code_415,no,no,0,185.2,99,10.26,208.9,106,19.75,209.8,85,7.46,9.1,3,3.07,2,no
USR-10805,鈴木 花子,AZ,46,area_code_510,no,yes,0,262.5,68,17.26,258.9,139,16.75,192.1,140,10.2,14.5,4,2.82,4,no
USR-10806,坂本 美加子,WY,97,area_code_408,no,yes,39,158.1,98,28.73,206.1,99,12.71,179.1,106,6.91,10.8,9,2.39,2,no
USR-10807,後藤 陽一,ME,170,area_code_408,yes,yes,0,204.0,103,38.05,303.1,98,14.9,204.2,113,8.88,13.4,2,2.65,1,yes
USR-10808,中村 美加子,MA,95,area_code_415,no,no,0,139.2,82,52.75,167.7,108,20.46,269.8,147,12.5,10.8,3,4.25,1,no
USR-10809,佐藤 裕太,WV,123,area_code_415,no,yes,38,279.5,91,22.62,165.2,90,28.05,295.7,94,8.07,13.6,4,4.09,1,no
USR-10810,藤田 涼平,MI,153,area_code_510,no,yes,0,241.8,74,38.93,127.9,110,15.94,187.8,109,10.49,6.7,2,2.38,2,yes
USR-10811,鈴木 加奈,NM,89,area_code_415,no,yes,21,233.1,102,25.17,210.3,96,15.1,268.2,102,7.47,8.5,5,2.7,1,no
USR-10812,松本 智也,MS,137,area_code_415,yes,no,0,216.2,106,25.64,229.5,98,16.87,201.0,77,11.62,12.3,3,2.57,1,yes
USR-10813,吉田 智也,CT,185,area_code_415,no,no,0,156.1,99,26.24,176.7,150,20.29,159.8,94,5.96,9.2,6,4.03,1,no
USR-10814,加藤 淳,MS,97,area_code_510,no,no,36,218.3,116,24.08,143.9,157,18.94,161.8,102,7.3,8.9,5,1.84,4,no
USR-10815,山下 裕美子,CT,90,area_code_510,no,no,1,253.3,96,31.87,153.9,79,20.63,182.3,101,13.64,11.3,2,3.01,3,no
USR-10816,中島 浩,NE,2,area_code_415,no,no,0,141.3,140,28.6,248.0,93,12.46,151.1,97,8.85,11.2,2,2.23,1,no
USR-10817,伊藤 春香,WY,85,area_code_510,no,no,0,267.8,102,17.5,190.9,99,20.66,265.8,106,5.93,12.7,3,2.54,3,no
USR-10818,山下 洋介,MD,82,area_code_510,no,no,0,251.3,61,35.54,289.8,69,12.55,228.9,69,8.96,12.8,9,3.47,1,yes
USR-10819,山口 明美,WY,118,area_code_415,no,no,0,222.1,85,41.78,187.8,85,21.2,162.8,69,6.53,11.6,4,3.43,1,no
USR-10820,前田 智也,UT,148,area_code_415,no,yes,38,200.3,74,41.16,191.2,88,15.57,81.7,52,3.67,9.7,3,3.29,1,no
USR-10821,藤田 零,WI,54,area_code_415,no,no,35,209.4,93,35.85,188.6,98,20.14,171.5,81,4.99,9.1,3,3.14,1,no
USR-10822,阿部 健一,IL,86,area_code_510,no,no,0,235.1,103,28.38,173.9,115,15.21,187.5,119,11.39,14.7,4,1.97,2,no
USR-10823,高橋 里佳,UT,94,area_code_415,no,no,0,192.8,129,32.5,143.5,67,8.72,186.2,102,8.75,8.9,3,2.5,0,no
USR-10824,田中 翼,MN,88,area_code_510,no,yes,35,301.0,100,29.94,229.9,121,12.09,146.7,88,1.42,12.5,3,2.59,1,no
USR-10825,福田 明美,IL,46,area_code_415,no,no,0,52.2,120,31.56,163.3,110,19.3,136.3,105,5.69,6.8,9,2.0,0,no
USR-10826,山下 涼平,LA,115,area_code_415,no,no,44,204.0,67,45.85,185.2,90,13.2,242.0,161,9.86,11.0,4,3.14,1,no
USR-10827,坂本 稔,MA,79,area_code_415,no,yes,31,184.0,128,44.38,122.2,63,14.1,212.7,103,7.01,11.7,9,3.67,1,no
USR-10828,高橋 里佳,FL,88,area_code_408,no,no,0,297.5,99,45.77,177.4,79,19.89,209.0,89,5.2,17.0,3,2.15,1,no
USR-10829,斉藤 幹,ID,125,area_code_415,yes,no,0,123.2,125,36.03,194.9,111,19.81,178.6,85,7.28,7.7,6,3.41,1,yes
USR-10830,吉田 裕美子,WV,130,area_code_408,no,no,0,207.5,121,55.56,244.3,81,13.66,145.3,118,6.38,6.0,3,2.88,0,no
USR-10831,石井 加奈,MT,116,area_code_415,no,yes,0,224.3,73,51.35,231.6,100,27.64,230.3,93,6.9,2.7,3,2.66,0,yes
USR-10832,山口 香織,CT,164,area_code_510,no,no,0,244.2,84,27.61,213.9,114,18.69,175.6,101,14.22,10.8,11,3.06,2,yes
USR-10833,小林 篤司,CO,111,area_code_510,no,no,0,214.5,70,28.38,158.4,105,15.56,123.3,116,1.56,10.0,4,3.16,0,no
USR-10834,橋本 稔,VA,70,area_code_510,no,no,0,238.0,0,45.77,190.6,131,23.07,220.9,99,4.62,10.4,7,3.18,1,no
USR-10835,斎藤 充,CO,185,area_code_415,no,no,0,222.2,58,25.91,242.3,130,14.49,94.6,119,9.71,7.7,3,3.06,0,yes
USR-10836,藤原 直子,GA,144,area_code_415,no,yes,21,233.8,100,30.72,133.4,71,13.16,175.1,38,5.66,14.8,7,2.9,1,no
USR-10837,山本 直人,WY,70,area_code_510,no,yes,32,262.3,93,33.86,141.7,110,22.62,237.6,95,9.13,10.0,3,2.91,1,no
USR-10838,佐藤 さゆり,MD,107,area_code_408,no,no,27,198.2,70,41.74,237.0,92,20.07,265.1,75,7.58,9.5,3,1.86,0,no
USR-10839,斎藤 里佳,MT,162,area_code_510,yes,no,0,231.2,94,36.81,189.6,67,23.75,167.7,72,7.77,10.8,3,3.14,0,no
USR-10840,坂本 明美,TN,80,area_code_510,no,yes,1,207.7,106,31.37,212.6,98,16.6,261.8,118,9.02,6.1,3,2.3,1,no
USR-10841,岡本 康弘,MS,184,area_code_510,no,no,0,186.3,107,37.57,213.5,117,15.84,154.9,112,3.6,6.0,7,3.6,1,yes
USR-10842,小川 直子,OH,134,area_code_408,no,no,40,125.1,104,18.96,204.5,100,14.03,171.2,90,5.39,5.9,4,2.42,0,no
USR-10843,山田 篤司,NM,115,area_code_415,no,yes,0,231.2,115,39.76,245.7,132,14.49,164.2,101,8.18,7.2,2,2.02,3,no
USR-10844,山下 結衣,WV,153,area_code_415,no,no,0,295.2,89,39.64,214.0,72,19.36,134.8,122,9.53,14.4,2,3.27,1,yes
USR-10845,鈴木 里佳,VA,87,area_code_415,yes,no,0,179.9,69,29.73,256.6,94,15.25,249.7,55,9.03,10.5,5,2.76,3,no
USR-10846,渡辺 洋介,IL,110,area_code_408,yes,no,0,211.5,39,40.61,167.5,106,30.54,182.8,90,3.24,9.1,3,1.87,0,yes
USR-10847,山本 洋介,PA,95,area_code_408,no,yes,0,148.7,99,22.31,209.7,114,18.68,172.9,79,6.01,11.3,2,2.35,2,no
USR-10848,山本 学,ID,71,area_code_415,no,no,39,233.6,143,19.62,335.9,92,23.62,117.1,83,7.76,11.3,3,4.1,0,no
USR-10849,山崎 香織,OR,158,area_code_415,no,yes,0,235.3,69,39.42,177.1,79,15.88,175.8,139,9.44,9.5,3,1.63,2,no
USR-10850,山下 桃子,ID,147,area_code_510,no,yes,1,181.7,96,25.7,214.4,104,25.77,142.8,61,3.78,8.7,3,3.42,1,no
USR-10851,佐藤 桃子,MN,101,area_code_415,no,no,0,168.5,117,29.4,172.0,143,15.59,160.2,72,10.09,8.8,4,3.75,3,no
USR-10852,鈴木 千代,NY,88,area_code_408,no,yes,0,191.4,130,30.46,149.9,91,13.91,154.3,111,7.58,7.4,3,3.67,0,no
USR-10853,小林 さゆり,CT,18,area_code_415,no,no,0,180.2,99,37.91,72.2,101,16.8,259.6,113,8.56,10.7,3,3.21,2,no
USR-10854,山下 洋介,NJ,78,area_code_415,no,yes,35,231.7,112,19.72,300.9,79,14.96,216.7,90,9.49,14.2,4,2.39,3,no
USR-10855,伊藤 加奈,MT,79,area_code_415,yes,yes,36,315.7,91,33.32,279.3,118,17.1,170.8,106,7.46,12.5,3,2.62,0,yes
USR-10856,田中 晃,VA,79,area_code_415,no,no,0,219.9,96,14.77,215.9,91,20.34,198.6,103,6.89,20.0,2,4.67,0,no
USR-10857,斉藤 結衣,LA,113,area_code_408,no,no,0,133.2,89,33.59,135.6,100,25.92,156.9,78,7.21,11.4,5,3.45,1,no
USR-10858,伊藤 裕樹,ID,51,area_code_415,no,no,0,206.5,96,30.19,189.2,119,12.03,317.9,68,5.99,9.5,6,2.61,1,yes
USR-10859,後藤 充,KS,96,area_code_415,no,no,0,233.7,122,39.83,208.8,86,16.51,148.9,81,3.91,7.1,5,2.07,0,no
USR-10860,小川 明美,MT,81,area_code_415,yes,yes,37,306.7,66,21.34,260.7,127,15.55,178.4,136,4.16,5.0,1,2.57,0,no
USR-10861,斉藤 修平,OR,185,area_code_510,no,no,35,192.9,121,25.89,213.3,115,9.85,182.4,86,8.94,13.2,3,3.83,0,no
USR-10862,森 京助,NH,101,area_code_415,yes,no,0,201.8,105,40.56,174.4,102,10.17,250.7,100,5.35,15.4,9,3.31,1,no
USR-10863,松本 健一,MN,106,area_code_415,no,yes,50,199.3,75,21.29,266.7,113,18.28,112.1,78,5.82,9.2,3,2.66,0,no
USR-10864,松本 直子,WA,67,area_code_415,no,no,0,163.5,79,13.16,140.6,105,17.52,162.4,88,3.75,11.6,3,3.36,1,no
USR-10865,西村 知実,MT,92,area_code_415,no,yes,0,222.3,106,23.84,165.4,119,20.3,216.0,125,9.21,6.8,5,3.15,3,no
USR-10866,佐藤 直樹,ND,58,area_code_415,no,yes,25,105.1,142,26.01,107.8,136,18.72,173.6,73,4.0,10.4,1,1.81,1,no
USR-10867,石川 太郎,LA,65,area_code_510,no,yes,22,144.5,115,25.23,225.2,86,17.84,267.7,131,9.56,11.2,3,2.69,2,no
USR-10868,佐藤 花子,MS,141,area_code_510,yes,no,0,200.2,66,37.52,210.0,111,15.98,186.7,116,6.52,8.3,3,2.79,1,yes
USR-10869,山田 太一,GA,144,area_code_510,no,yes,27,239.8,114,33.03,225.3,106,19.86,184.9,66,5.95,4.6,10,4.03,1,no
USR-10870,橋本 涼平,MS,195,area_code_408,no,no,0,193.6,65,30.93,262.0,138,18.27,158.5,86,7.58,6.2,4,3.34,3,no
USR-10871,小川 桃子,KY,180,area_code_510,no,yes,32,113.2,128,23.91,234.0,96,14.92,217.1,119,7.82,10.2,9,1.97,1,no
USR-10872,山本 結衣,AL,50,area_code_415,no,yes,45,261.7,96,35.31,199.4,108,29.16,203.7,84,8.07,14.9,3,3.34,1,yes
USR-10873,林 陽一,NY,84,area_code_510,no,yes,16,87.6,102,28.89,213.5,119,16.34,252.7,93,11.42,9.3,3,2.72,1,no
USR-10874,小林 裕樹,NV,68,area_code_408,yes,yes,43,222.6,93,27.69,198.9,102,22.45,173.5,93,10.44,17.2,8,2.92,1,no
USR-10875,岡田 知実,LA,89,area_code_510,no,no,0,202.9,138,32.82,186.1,117,13.69,160.9,115,8.12,8.5,3,2.68,3,no
USR-10876,佐々木 あすか,NE,139,area_code_510,yes,yes,0,240.0,109,38.8,136.6,99,23.17,184.8,103,11.53,13.1,2,3.25,1,no
USR-10877,松本 亮介,ID,119,area_code_415,no,yes,0,225.1,107,15.83,174.1,93,15.06,251.9,106,10.07,11.7,3,4.74,1,no
USR-10878,松本 春香,UT,62,area_code_415,yes,yes,25,239.3,95,25.97,279.7,81,15.16,191.3,132,3.33,8.6,4,2.56,4,no
USR-10879,中川 加奈,MI,118,area_code_415,yes,no,0,205.8,46,21.9,250.0,67,19.26,317.9,101,8.04,7.6,3,3.52,0,yes
USR-10880,坂本 幹,NH,99,area_code_415,no,no,0,221.1,76,29.4,199.1,110,20.73,215.3,74,7.77,5.7,3,2.85,1,no
USR-10881,高橋 拓真,MT,105,area_code_415,no,yes,34,197.3,109,38.55,229.7,97,22.91,111.4,84,3.37,6.1,7,2.53,4,no
USR-10882,中島 直子,ME,105,area_code_408,yes,yes,42,190.4,141,37.0,191.5,84,15.38,195.3,95,3.39,6.0,6,2.3,1,no
USR-10883,岡田 亮介,CA,130,area_code_408,no,no,31,249.8,84,19.3,177.7,105,21.36,235.6,101,8.83,12.1,3,2.75,1,no
USR-10884,加藤 健一,CO,191,area_code_415,no,no,0,209.9,94,36.92,202.9,78,5.78,177.4,119,10.32,7.3,1,3.13,1,no
USR-10885,鈴木 聡太郎,ME,119,area_code_415,no,yes,0,196.4,116,13.49,130.8,107,17.29,193.4,139,10.58,9.6,9,3.81,1,no
USR-10886,中川 真綾,CA,98,area_code_408,yes,yes,29,208.9,117,27.0,195.9,110,19.46,200.1,94,11.27,8.6,2,2.24,1,no
USR-10887,松本 直人,MA,91,area_code_510,no,yes,0,197.0,69,34.21,280.6,139,15.34,109.7,144,7.27,11.9,3,2.23,2,no
USR-10888,長谷川 舞,NV,89,area_code_415,no,yes,26,138.0,99,39.42,201.2,95,14.67,182.2,55,6.0,17.8,4,0.55,3,no
USR-10889,高橋 花子,MA,138,area_code_510,no,no,33,170.1,97,39.71,185.2,97,15.87,215.2,93,13.23,5.7,3,2.57,0,no
USR-10890,青木 あすか,WI,100,area_code_408,no,yes,38,296.0,81,49.36,251.8,82,21.39,182.2,90,2.0,11.8,3,3.96,1,no
USR-10891,伊藤 学,MO,57,area_code_408,no,no,0,118.8,104,33.06,262.0,116,17.92,246.4,123,14.09,7.2,4,3.42,1,no
USR-10892,鈴木 さゆり,OH,94,area_code_415,no,no,0,211.7,102,21.3,148.3,130,17.5,211.9,102,9.04,15.1,7,2.49,0,no
USR-10893,加藤 浩,MS,49,area_code_510,yes,yes,33,191.3,128,24.36,154.5,59,23.41,171.3,109,8.26,15.4,3,4.02,0,no
USR-10894,山崎 陽子,NC,93,area_code_415,yes,no,0,311.1,69,17.41,286.7,81,17.25,221.1,85,8.5,12.0,2,3.26,0,no
USR-10895,松田 千代,AK,107,area_code_510,no,no,0,179.4,127,41.14,121.9,127,21.75,155.5,136,7.65,9.1,3,2.6,0,no
USR-10896,西村 千代,OK,92,area_code_415,no,yes,0,251.7,119,29.93,184.0,132,16.52,214.9,117,11.8,10.2,3,2.56,3,no
USR-10897,高橋 明美,IA,176,area_code_415,no,no,0,141.0,84,19.54,304.3,84,14.63,222.4,79,7.57,11.1,6,4.05,0,no
USR-10898,山崎 充,LA,105,area_code_408,no,no,0,270.6,94,28.89,271.4,79,19.12,265.5,106,12.94,11.3,3,3.08,1,no
USR-10899,太田 知実,NY,57,area_code_415,no,no,0,183.2,91,13.83,222.6,105,18.48,150.6,90,7.59,15.3,3,3.65,0,no
USR-10900,池田 里佳,MD,116,area_code_415,no,yes,0,190.7,96,15.61,240.2,117,9.86,236.1,68,7.08,6.1,6,1.69,0,no
USR-10901,林 幹,OH,120,area_code_510,no,no,0,202.5,96,34.0,129.1,99,20.77,149.9,93,7.89,8.2,4,3.38,1,no
USR-10902,松本 太郎,LA,97,area_code_415,yes,no,42,248.0,107,34.51,292.8,98,13.8,204.3,80,3.51,9.7,2,1.74,3,yes
USR-10903,山崎 浩,AL,28,area_code_510,no,yes,31,217.0,141,30.13,155.8,104,18.3,137.2,126,7.5,10.7,3,2.34,1,no
USR-10904,前田 稔,VT,92,area_code_510,no,yes,37,226.4,84,22.15,232.4,96,16.3,199.2,124,5.97,7.3,1,2.37,1,no
USR-10905,森 くみ子,WV,192,area_code_415,no,yes,0,171.8,73,19.02,219.0,89,14.82,175.2,85,5.85,10.8,4,3.36,2,no
USR-10906,中島 加奈,MT,138,area_code_415,yes,yes,25,220.2,87,38.92,215.6,100,15.04,136.0,78,5.98,6.1,1,3.26,4,yes
USR-10907,中村 和也,NV,90,area_code_510,no,no,0,242.4,116,34.5,185.4,111,18.55,173.1,81,5.27,6.6,3,2.44,1,yes
USR-10908,佐藤 拓真,DC,113,area_code_415,no,no,0,139.7,126,37.78,224.2,105,13.61,308.9,98,7.27,7.1,3,2.65,1,yes
USR-10909,小林 太郎,NE,88,area_code_408,no,no,0,143.6,121,30.85,183.8,114,14.03,94.4,61,8.83,8.6,3,3.27,2,no
USR-10910,渡辺 美加子,UT,97,area_code_408,no,yes,0,209.5,116,34.77,179.8,79,27.62,219.5,102,11.04,9.2,9,1.8,0,yes
USR-10911,橋本 太一,SC,139,area_code_408,yes,no,0,243.8,93,30.19,247.8,103,15.29,101.3,79,10.1,8.2,3,3.28,4,yes
USR-10912,高橋 舞,KS,192,area_code_415,yes,yes,0,204.0,114,17.92,312.2,93,16.0,127.6,102,7.49,14.5,4,2.46,2,yes
USR-10913,藤原 くみ子,PA,104,area_code_510,no,yes,0,208.4,98,25.53,159.6,82,20.31,205.5,76,6.99,10.3,3,3.6,2,no
USR-10914,山本 明美,ME,59,area_code_415,no,yes,32,305.6,62,50.26,186.2,112,18.52,245.4,136,6.76,9.9,18,2.84,0,no
USR-10915,高橋 裕太,NV,134,area_code_408,no,no,0,112.8,95,37.08,96.7,130,16.66,174.6,78,9.6,7.8,3,2.67,2,yes
USR-10916,佐藤 翔太,ME,149,area_code_408,no,yes,0,301.8,118,23.07,242.8,102,17.01,145.5,107,12.39,6.9,3,2.33,1,no
USR-10917,石井 陽子,NJ,106,area_code_415,no,no,1,177.8,62,25.07,254.3,89,26.6,236.9,103,6.85,8.2,3,2.81,2,no
USR-10918,西村 くみ子,NY,97,area_code_510,no,no,0,164.6,105,29.61,236.8,70,18.56,136.0,68,6.98,9.7,4,3.48,2,no
USR-10919,鈴木 春香,WY,160,area_code_415,no,no,0,216.6,130,54.8,181.4,94,12.99,238.2,102,7.16,4.5,2,3.32,1,no
USR-10920,村上 陽子,IL,104,area_code_408,no,yes,0,223.5,137,25.65,208.3,124,16.74,225.8,87,11.84,5.6,4,2.46,0,no
USR-10921,鈴木 学,MS,113,area_code_408,no,no,1,135.9,102,20.17,193.4,63,12.14,133.0,36,8.84,13.9,3,3.79,0,no
USR-10922,加藤 康弘,ME,145,area_code_510,no,yes,27,258.4,71,23.74,288.5,97,19.29,198.2,122,8.4,12.7,3,3.95,1,no
USR-10923,加藤 裕美子,CT,150,area_code_510,no,yes,34,173.8,81,42.81,227.0,86,10.11,214.6,112,8.15,6.9,2,2.14,2,no
USR-10924,小林 美加子,DE,120,area_code_408,no,no,0,160.5,90,47.99,185.1,125,16.65,204.6,100,7.04,8.2,10,2.67,1,no
USR-10925,田中 零,SC,116,area_code_415,no,no,0,163.3,130,33.44,180.1,94,11.85,152.7,105,7.58,10.0,3,4.22,0,no
USR-10926,田中 京助,ME,42,area_code_408,yes,no,0,313.2,127,31.38,206.5,95,15.13,133.8,99,8.24,9.1,5,4.0,1,no
USR-10927,西村 太一,IA,87,area_code_415,no,yes,23,252.3,111,45.31,226.1,97,9.3,168.5,121,7.71,10.6,6,2.34,0,no
USR-10928,渡辺 晃,WV,150,area_code_408,no,no,0,199.3,111,29.66,152.4,110,19.71,250.9,102,13.23,3.9,3,2.84,1,no
USR-10929,山下 裕樹,ID,65,area_code_510,no,no,0,213.1,102,21.82,170.2,117,16.54,118.5,110,10.03,13.2,8,2.62,5,yes
USR-10930,高橋 直樹,AK,92,area_code_415,yes,no,0,252.9,82,20.51,138.7,83,21.04,128.9,92,8.08,7.1,8,2.12,1,no
USR-10931,阿部 美加子,TX,88,area_code_510,no,yes,41,216.6,119,5.91,239.3,124,25.57,148.1,105,3.95,12.5,4,3.35,0,no
USR-10932,森 太一,RI,95,area_code_415,yes,no,0,229.8,130,26.59,90.8,90,17.36,104.8,115,10.5,10.2,9,1.74,2,yes
USR-10933,村上 浩,MO,134,area_code_415,yes,no,37,204.6,90,18.95,239.6,64,18.85,257.6,107,4.61,14.9,15,2.41,1,yes
USR-10934,吉田 裕樹,AL,74,area_code_510,no,yes,0,262.8,91,26.6,184.9,120,25.32,204.9,97,5.5,13.4,10,2.3,2,yes
USR-10935,伊藤 陽一,IL,148,area_code_408,no,no,0,256.2,86,36.28,126.6,72,30.5,179.7,110,10.71,12.4,3,2.86,1,no
USR-10936,田中 康弘,OR,126,area_code_415,no,no,0,285.6,94,42.96,233.5,45,18.77,283.6,115,8.73,10.8,3,4.1,2,no
USR-10937,井上 充,WA,73,area_code_415,yes,no,0,193.3,99,38.22,239.4,74,18.72,166.4,98,11.85,4.7,3,2.87,0,yes
USR-10938,池田 浩,KS,111,area_code_415,no,yes,25,224.3,112,32.74,213.9,118,17.69,258.7,74,9.62,15.4,7,3.86,4,no
USR-10939,小林 充,MS,170,area_code_415,no,no,0,108.4,81,32.16,168.5,91,7.19,169.4,124,8.86,6.2,4,3.25,1,no
USR-10940,佐藤 充,ID,127,area_code_415,yes,no,0,135.1,87,33.4,254.6,110,17.37,165.7,107,8.45,14.1,3,1.79,0,yes
USR-10941,池田 涼平,CT,47,area_code_408,no,yes,41,215.4,120,41.37,242.6,78,21.16,118.3,142,7.32,5.5,4,2.29,1,no
USR-10942,松本 修平,WY,94,area_code_415,no,yes,38,220.2,121,37.54,195.4,91,17.72,216.7,100,10.19,14.9,3,2.36,1,no
USR-10943,伊藤 桃子,MD,125,area_code_415,no,yes,0,194.3,107,35.52,133.7,124,15.38,204.4,69,6.75,9.9,3,2.4,0,no
USR-10944,吉田 幹,OK,179,area_code_510,no,yes,0,317.6,91,35.57,257.3,96,14.5,394.4,74,10.77,14.0,3,1.79,1,no
USR-10945,佐々木 直人,IA,210,area_code_510,no,yes,36,269.4,111,36.36,193.2,99,14.35,116.0,92,0.68,12.5,7,2.24,1,no
USR-10946,青木 篤司,MO,79,area_code_408,no,yes,35,212.1,131,11.6,213.1,105,19.44,164.7,74,8.43,14.3,3,1.78,1,no
USR-10947,佐藤 里佳,MI,94,area_code_415,yes,no,1,234.3,97,34.45,299.4,101,13.36,170.3,106,0.0,9.4,3,2.25,1,yes
USR-10948,高橋 陽一,VT,78,area_code_415,no,yes,31,141.1,84,35.43,191.2,103,13.12,153.1,98,10.58,9.9,3,2.71,1,no
USR-10949,吉田 香織,VT,170,area_code_415,no,yes,43,275.6,78,31.86,256.6,136,16.3,127.0,101,7.2,7.1,10,2.62,0,yes
USR-10950,佐藤 くみ子,MA,126,area_code_510,no,yes,0,228.5,100,20.01,268.2,122,22.35,204.4,118,9.48,9.8,3,4.13,3,no
USR-10951,渡辺 浩,MN,71,area_code_408,no,no,40,285.7,77,23.58,156.4,82,17.72,156.8,43,2.27,10.4,3,3.02,1,no
USR-10952,坂本 康弘,OH,100,area_code_408,yes,no,0,259.0,101,30.19,0.0,134,20.58,149.6,110,3.59,17.0,4,3.7,0,no
USR-10953,田中 舞,KS,122,area_code_510,yes,no,0,220.2,93,32.22,183.6,94,7.97,212.6,110,4.78,15.9,3,0.1,1,yes
USR-10954,伊藤 あすか,MT,188,area_code_415,no,yes,0,247.0,97,42.19,153.7,54,14.38,272.1,118,13.26,5.2,3,3.02,1,yes
USR-10955,斎藤 さゆり,FL,128,area_code_408,no,no,49,172.1,137,22.69,114.8,111,18.45,176.4,110,5.15,10.4,3,1.87,2,no
USR-10956,岡田 稔,TN,45,area_code_408,no,yes,0,171.8,130,20.14,235.7,145,15.79,219.7,114,7.54,15.3,9,1.43,2,no
USR-10957,山下 浩,NC,112,area_code_408,no,no,0,211.5,101,20.94,184.4,76,17.18,153.1,92,4.17,12.2,10,3.23,1,no
USR-10958,吉田 裕美子,NJ,137,area_code_415,no,yes,27,237.3,56,42.95,285.2,60,19.89,214.8,122,3.39,12.1,3,3.07,0,no
USR-10959,佐々木 知実,UT,147,area_code_415,no,yes,0,155.8,90,22.87,277.6,120,21.18,221.2,102,3.69,9.0,6,2.03,0,no
USR-10960,佐々木 充,ME,81,area_code_408,no,no,31,100.4,113,20.37,155.3,115,24.71,197.3,92,7.4,8.6,7,3.31,0,no
USR-10961,長谷川 太郎,DE,70,area_code_408,no,no,0,232.6,104,41.18,143.9,107,17.04,276.8,70,3.23,13.8,3,3.11,2,no
USR-10962,鈴木 里佳,RI,48,area_code_510,no,yes,0,242.1,101,26.67,186.9,119,18.96,226.0,126,8.43,11.7,3,2.14,1,no
USR-10963,藤井 舞,ME,134,area_code_408,no,yes,1,255.4,62,29.94,183.7,73,23.97,196.4,53,4.39,11.6,3,2.94,4,no
USR-10964,橋本 舞,WV,59,area_code_408,no,yes,36,216.7,111,26.79,253.4,131,19.92,236.4,136,12.76,6.3,4,0.0,3,no
USR-10965,高橋 太郎,LA,79,area_code_510,yes,no,27,197.1,98,33.03,130.7,119,10.41,85.7,97,9.26,8.5,4,3.32,1,no
USR-10966,前田 英樹,LA,129,area_code_415,no,yes,0,268.6,90,27.1,120.8,130,21.44,176.1,121,9.58,8.2,3,2.84,1,no
USR-10967,藤原 英樹,ND,110,area_code_510,no,yes,30,203.1,99,36.71,237.7,88,6.89,208.4,119,10.01,8.8,8,3.54,2,no
USR-10968,林 直子,AR,153,area_code_415,yes,yes,0,182.5,129,36.87,155.6,75,14.35,205.2,134,11.91,9.4,0,3.43,1,no
USR-10969,伊藤 裕美子,TN,93,area_code_408,no,no,31,217.9,108,33.52,125.9,97,16.11,172.3,117,7.06,12.8,4,2.94,0,no
USR-10970,山崎 香織,NE,139,area_code_408,no,no,35,196.2,124,25.9,290.2,104,18.2,241.2,70,5.88,9.4,3,1.57,2,no
USR-10971,伊藤 零,WI,100,area_code_408,no,yes,32,237.2,93,29.57,173.8,117,17.74,229.3,94,8.46,4.5,4,0.21,1,no
USR-10972,松本 太郎,AZ,119,area_code_408,no,no,0,155.4,105,42.66,265.3,85,15.0,229.0,82,7.76,13.4,4,2.9,1,no
USR-10973,高橋 浩,SC,96,area_code_510,no,yes,1,215.1,68,29.69,173.2,106,22.3,229.1,89,5.3,9.7,3,3.5,1,no
USR-10974,橋本 浩,NE,200,area_code_415,yes,no,0,180.1,118,27.71,125.2,89,15.16,157.2,82,11.61,10.5,3,1.89,1,no
USR-10975,中島 結衣,NY,149,area_code_408,no,no,0,166.9,108,48.28,294.7,107,9.3,180.9,81,7.13,5.0,3,4.7,1,no
USR-10976,坂本 明美,SD,139,area_code_510,yes,no,0,206.4,52,21.89,179.5,130,15.86,226.8,86,5.75,11.5,7,2.58,1,yes
USR-10977,渡辺 健一,ID,83,area_code_415,no,yes,0,318.3,104,37.09,207.5,92,17.19,222.4,126,9.24,7.0,12,0.36,2,no
USR-10978,鈴木 真綾,IA,57,area_code_408,no,no,28,284.3,85,31.15,140.8,145,21.32,230.7,105,8.87,7.9,6,2.35,3,no
USR-10979,岡本 和也,NJ,108,area_code_415,yes,no,0,218.6,83,31.83,251.6,112,20.91,202.8,108,10.9,9.3,8,3.87,4,yes
USR-10980,林 英樹,MN,30,area_code_510,yes,yes,42,171.2,111,34.03,345.9,94,10.45,217.2,96,8.15,13.1,3,1.93,5,no
USR-10981,林 陽一,MD,122,area_code_415,no,yes,28,178.1,108,25.5,229.4,117,18.05,177.2,57,5.52,13.2,3,3.75,0,no
USR-10982,渡辺 聡太郎,KS,124,area_code_415,no,no,0,212.5,123,29.49,311.7,106,16.68,149.8,60,7.46,15.5,3,2.98,1,yes
USR-10983,吉田 裕太,TX,66,area_code_415,no,yes,1,203.3,165,36.74,189.9,99,16.87,176.3,124,5.63,9.7,2,2.99,3,no
USR-10984,鈴木 淳,WY,40,area_code_510,no,yes,39,155.1,122,32.01,188.4,125,14.95,173.6,107,8.26,9.7,7,2.82,1,no
USR-10985,田中 桃子,NE,112,area_code_510,no,no,0,104.7,111,34.43,307.9,61,7.39,175.9,129,9.27,13.3,7,3.33,1,no
USR-10986,吉田 真綾,KS,134,area_code_510,no,no,0,212.8,83,36.24,168.1,103,7.85,156.6,106,12.51,12.9,3,2.63,0,yes
USR-10987,山崎 太一,CT,89,area_code_510,no,yes,40,232.6,125,39.15,215.2,86,15.62,149.7,164,11.86,11.2,7,1.87,0,no
USR-10988,山本 七夏,UT,104,area_code_415,no,yes,0,217.5,108,27.99,250.5,76,14.39,138.6,129,2.07,6.6,8,1.94,1,no
USR-10989,石川 康弘,CT,102,area_code_415,yes,no,25,259.0,143,37.95,174.1,76,16.41,254.1,89,4.37,11.6,4,4.48,1,yes
USR-10990,小林 浩,AK,77,area_code_510,no,yes,0,221.9,113,16.57,180.6,128,7.01,111.9,84,5.79,8.6,3,3.09,1,yes
USR-10991,橋本 淳,MD,80,area_code_510,no,no,33,212.1,136,21.51,197.6,104,21.74,183.5,96,7.09,11.3,3,3.27,1,no
USR-10992,山下 康弘,HI,146,area_code_510,yes,yes,0,137.3,54,34.86,226.1,106,19.24,216.5,69,8.15,8.3,3,3.47,2,no
USR-10993,伊藤 翔太,IN,145,area_code_415,no,yes,0,130.6,115,46.07,277.3,64,17.41,132.8,110,10.44,12.6,3,3.25,1,no
USR-10994,坂本 浩,OK,101,area_code_510,no,yes,1,161.6,97,39.2,165.7,132,12.97,178.6,93,9.14,7.3,3,1.34,1,no
USR-10995,田中 康弘,KS,129,area_code_408,yes,no,0,230.0,53,38.72,119.0,74,22.74,114.0,111,9.52,15.4,5,3.82,1,no
USR-10996,小川 幹,MT,107,area_code_510,no,yes,23,223.9,67,47.01,235.0,93,15.29,193.2,109,6.49,8.4,9,1.82,2,no
USR-10997,鈴木 直人,ID,131,area_code_408,yes,yes,0,188.0,74,24.32,224.3,92,17.24,197.4,88,6.46,5.2,7,2.57,1,no
USR-10998,伊藤 真綾,PA,73,area_code_510,no,no,0,245.0,123,26.28,280.3,115,16.0,263.3,116,4.62,5.3,5,2.5,0,no
USR-10999,中村 桃子,MI,136,area_code_408,no,yes,0,160.3,94,30.72,165.8,111,17.49,225.9,82,8.08,11.4,7,3.32,3,no
USR-11000,佐藤 千代,ME,92,area_code_408,no,no,0,329.0,65,35.9,326.2,94,27.57,160.2,66,9.62,8.4,8,4.35,1,no
USR-11001,渡辺 舞,OR,76,area_code_415,no,no,0,259.3,91,40.46,174.0,96,10.35,181.0,155,7.24,11.6,3,3.01,1,no
USR-11002,三浦 さゆり,CO,116,area_code_415,no,no,38,252.9,95,33.28,291.8,157,10.72,184.4,82,4.15,10.6,9,3.7,0,no
USR-11003,渡辺 修平,TX,168,area_code_415,no,no,0,178.4,107,19.02,220.4,139,21.84,177.2,86,7.47,5.4,5,4.78,3,no
USR-11004,林 京助,NJ,57,area_code_510,yes,yes,31,188.9,71,42.56,253.6,151,17.68,119.6,98,6.3,10.2,4,2.56,1,yes
USR-11005,鈴木 翔太,MN,93,area_code_408,yes,no,0,171.6,129,34.33,279.9,133,14.31,140.7,61,6.18,10.9,3,2.97,1,no
USR-11006,斎藤 くみ子,FL,62,area_code_415,no,yes,20,132.7,124,52.41,227.4,71,22.1,174.4,102,8.47,10.0,4,3.72,4,no
USR-11007,田中 修平,CT,66,area_code_415,no,yes,44,157.7,97,29.62,160.9,139,20.39,184.7,80,11.92,11.5,4,2.1,1,yes
USR-11008,石井 聡太郎,GA,39,area_code_408,no,no,33,170.4,109,39.44,196.9,106,10.91,170.9,75,4.25,14.5,3,3.23,1,no
USR-11009,藤井 太一,WA,69,area_code_415,no,no,0,218.6,83,23.39,170.6,138,18.95,195.6,92,4.59,11.5,2,3.6,0,no
USR-11010,高橋 太一,OH,74,area_code_408,no,no,1,243.0,94,32.44,179.3,117,15.47,143.0,82,3.03,10.3,3,1.94,2,no
USR-11011,岡本 陽一,KY,75,area_code_415,yes,yes,0,250.5,78,27.38,231.9,87,21.63,217.1,83,6.08,8.6,3,3.43,0,yes
USR-11012,木村 淳,OR,176,area_code_415,no,no,0,235.6,127,32.03,272.2,113,12.59,122.0,82,10.25,10.2,8,1.69,2,yes
USR-11013,斎藤 あすか,NH,79,area_code_408,no,no,0,135.1,113,34.25,170.9,111,14.83,155.1,94,7.38,12.9,2,1.31,1,no
USR-11014,山本 真綾,LA,109,area_code_510,no,no,0,144.1,109,45.58,170.3,120,16.53,162.0,118,8.43,9.4,2,3.48,0,no
USR-11015,太田 和也,UT,109,area_code_415,yes,yes,34,178.2,61,44.54,308.4,94,13.85,193.5,94,2.72,3.3,10,3.93,1,no
USR-11016,石川 直子,OR,149,area_code_415,no,no,0,204.0,117,43.16,257.7,79,5.47,116.0,124,3.48,13.4,3,1.81,1,no
USR-11017,西村 学,NV,127,area_code_510,no,no,0,199.1,101,43.51,160.2,86,13.02,230.2,107,7.03,15.5,3,4.94,0,no
USR-11018,伊藤 学,UT,30,area_code_408,yes,no,47,228.7,126,30.48,173.3,135,21.76,208.2,106,5.01,9.3,2,2.05,1,no
USR-11019,小川 充,ME,57,area_code_408,yes,yes,1,217.7,57,30.32,130.4,144,17.75,220.2,89,7.91,9.3,6,2.21,3,yes
USR-11020,加藤 陽子,PA,89,area_code_408,no,no,0,211.4,82,23.84,158.6,121,12.92,165.9,117,9.5,9.9,6,1.94,2,yes
USR-11021,佐藤 翼,MA,134,area_code_415,no,no,0,202.4,105,45.57,236.9,94,12.06,262.1,102,7.64,9.7,3,3.1,0,yes
USR-11022,藤井 英樹,UT,86,area_code_415,yes,yes,30,206.8,92,29.06,197.8,66,19.69,142.4,93,7.31,12.7,6,1.75,0,no
USR-11023,高橋 洋介,ND,95,area_code_415,no,yes,0,245.6,102,18.63,245.7,118,11.79,222.3,122,6.74,10.3,4,3.26,4,no
USR-11024,阿部 浩,NY,100,area_code_415,no,no,0,114.8,132,46.01,216.5,122,15.03,253.5,113,7.19,10.4,3,3.65,1,no
USR-11025,田中 舞,NH,180,area_code_415,no,yes,0,190.9,104,35.43,242.7,131,17.84,165.1,78,8.04,10.7,3,3.17,1,no
USR-11026,石井 健一,OK,119,area_code_408,no,yes,33,134.7,72,27.61,153.9,127,11.13,173.4,99,8.76,12.9,2,2.67,1,no
USR-11027,中村 桃子,ME,34,area_code_415,no,yes,37,195.6,108,24.48,286.5,139,15.87,222.2,104,11.23,10.8,4,2.26,1,no
USR-11028,山本 治,DE,128,area_code_408,no,no,0,84.6,122,22.05,136.9,124,21.62,193.8,124,12.4,8.9,5,3.21,3,no
USR-11029,藤原 充,NJ,173,area_code_408,yes,no,0,162.5,83,40.82,231.7,103,11.62,106.6,119,6.49,11.1,3,1.69,1,yes
USR-11030,田中 千代,LA,180,area_code_510,no,yes,0,204.0,88,32.15,294.9,115,30.54,160.3,55,7.6,9.8,1,3.12,0,no
USR-11031,高橋 真綾,DC,108,area_code_415,no,no,0,196.5,106,37.85,222.5,79,21.62,197.4,90,7.77,14.1,4,2.29,1,no
USR-11032,青木 直子,MO,45,area_code_408,no,no,0,170.7,91,22.39,234.1,101,23.31,102.2,108,10.82,15.2,4,2.85,1,yes
USR-11033,中村 治,MO,103,area_code_415,yes,no,0,176.8,93,30.86,170.6,121,17.55,151.9,70,10.12,7.9,8,3.56,0,no
USR-11034,渡辺 浩,HI,88,area_code_415,no,no,1,208.4,116,37.31,177.8,110,22.53,213.6,86,7.42,7.9,4,1.96,1,no
USR-11035,高橋 治,OK,1,area_code_415,no,no,0,172.6,92,16.96,180.8,123,20.14,185.9,81,11.96,11.3,4,3.65,1,no
USR-11036,佐藤 春香,VT,85,area_code_415,no,no,0,230.9,108,38.61,185.6,108,15.53,204.2,68,5.77,10.8,3,4.44,3,no
USR-11037,吉田 真綾,AK,118,area_code_510,no,no,0,123.9,113,23.52,200.9,85,14.71,97.1,92,9.39,5.4,8,4.09,2,no
USR-11038,松本 真綾,DE,197,area_code_510,no,no,42,293.5,94,29.62,303.9,132,17.67,198.3,78,7.35,7.8,3,2.23,2,yes
USR-11039,佐藤 春香,WY,136,area_code_408,no,no,24,141.3,99,43.33,61.9,102,19.67,155.3,67,8.41,13.3,1,4.22,1,no
USR-11040,森 直子,NE,88,area_code_408,no,yes,0,238.6,99,32.58,278.9,91,13.79,139.9,109,10.58,7.4,4,3.02,0,no
USR-11041,清水 裕美子,CO,100,area_code_510,no,no,0,294.6,111,46.54,166.0,107,22.77,126.8,86,6.06,7.9,10,2.58,3,no
USR-11042,小林 涼平,WY,103,area_code_510,no,no,0,174.9,126,35.79,248.0,100,12.78,188.4,97,12.88,12.0,9,4.07,1,no
USR-11043,吉田 治,SD,180,area_code_415,yes,no,0,183.2,96,25.55,107.1,124,15.35,186.8,68,5.58,9.3,3,4.03,1,no
USR-11044,松本 稔,FL,111,area_code_510,no,no,0,181.6,98,31.34,223.2,89,25.01,177.7,93,8.03,18.8,3,4.25,3,no
USR-11045,藤原 涼平,NY,132,area_code_415,yes,no,36,206.2,108,35.06,206.2,97,13.32,156.3,76,5.43,16.5,7,3.43,1,yes
USR-11046,鈴木 春香,CO,140,area_code_415,no,no,0,260.4,97,54.4,210.0,121,17.42,147.0,107,5.49,13.9,8,1.85,0,no
USR-11047,佐藤 稔,DC,168,area_code_510,no,no,0,146.8,83,35.53,173.3,139,17.43,185.9,101,5.32,9.8,9,2.73,0,yes
USR-11048,加藤 千代,HI,118,area_code_408,yes,yes,0,199.7,113,29.26,170.6,102,18.74,208.2,134,8.99,10.9,9,1.8,1,yes
USR-11049,鈴木 加奈,ME,76,area_code_408,no,yes,1,204.6,110,24.37,275.2,100,19.91,103.7,56,8.16,14.1,5,1.94,1,no
USR-11050,佐藤 翔太,PA,79,area_code_510,no,yes,0,185.2,103,27.83,155.7,117,13.23,205.8,77,11.77,5.1,3,3.29,1,no
USR-11051,小川 あすか,UT,81,area_code_510,no,yes,35,194.9,121,38.82,188.7,100,18.08,212.0,87,9.75,7.0,3,3.47,1,no
USR-11052,清水 里佳,ME,128,area_code_408,no,yes,0,231.7,86,11.94,195.9,131,19.78,230.3,58,11.17,9.1,7,2.34,0,no
USR-11053,渡辺 春香,AK,76,area_code_415,no,no,0,205.7,85,27.3,270.7,130,18.18,294.9,89,12.2,12.0,6,1.35,2,no
USR-11054,吉田 涼平,AL,120,area_code_408,no,no,0,98.1,122,22.82,176.5,118,16.28,256.2,67,8.62,11.9,4,2.05,4,yes
USR-11055,山本 涼平,FL,130,area_code_510,no,no,0,185.9,104,32.43,265.8,84,13.2,122.5,100,13.96,13.3,3,2.38,3,no
USR-11056,小林 裕太,MN,72,area_code_415,no,yes,42,181.5,49,22.59,254.3,92,17.06,157.8,74,8.65,11.6,4,3.41,3,no
USR-11057,高橋 洋介,PA,97,area_code_510,no,yes,31,310.2,69,14.36,265.2,96,18.51,261.1,97,11.92,12.7,9,3.49,1,no
USR-11058,山口 裕美子,SC,101,area_code_510,yes,yes,40,229.5,104,17.91,313.9,80,13.92,224.3,93,7.49,13.0,2,2.83,4,no
USR-11059,山口 裕美子,RI,136,area_code_510,no,no,0,271.1,92,45.34,278.4,152,10.68,204.7,138,9.41,8.4,3,3.14,2,no
USR-11060,近藤 学,CT,18,area_code_510,no,yes,47,218.5,111,46.26,170.1,110,16.56,174.3,120,8.31,11.7,3,3.02,1,no
USR-11061,山下 直人,NC,22,area_code_415,no,yes,43,175.0,98,29.69,256.8,99,20.72,157.9,46,6.33,10.6,7,2.85,1,no
USR-11062,山田 あすか,TN,95,area_code_408,yes,yes,30,200.9,53,27.46,273.9,87,18.12,180.5,130,4.13,10.3,6,1.52,1,no
USR-11063,斎藤 和也,MA,228,area_code_510,no,yes,24,226.8,32,38.04,282.9,97,14.69,147.8,103,1.91,5.8,3,2.36,1,yes
USR-11064,佐藤 京助,CO,184,area_code_415,yes,no,0,225.2,109,31.39,277.1,77,24.41,181.5,167,6.53,11.5,9,2.81,4,yes
USR-11065,阿部 桃子,WI,42,area_code_415,yes,yes,0,229.9,100,35.06,194.7,104,19.9,211.1,111,10.13,10.2,3,2.54,1,no
USR-11066,岡田 結衣,MD,61,area_code_415,no,yes,26,168.6,56,40.19,237.2,75,15.21,162.6,107,9.04,14.7,8,3.19,2,no
USR-11067,佐藤 さゆり,HI,179,area_code_510,no,yes,27,83.8,100,31.84,222.6,95,14.73,278.2,76,11.6,9.1,5,2.57,3,no
USR-11068,清水 明美,ND,162,area_code_415,no,no,0,174.6,95,33.26,127.3,93,13.79,124.1,66,1.12,11.0,10,3.23,1,no
USR-11069,山本 七夏,NJ,115,area_code_510,no,no,1,188.0,107,34.32,206.0,88,22.14,167.8,97,5.65,12.6,3,3.3,1,yes
USR-11070,高橋 真綾,WA,49,area_code_408,yes,no,0,217.1,109,27.3,252.8,111,9.97,164.5,90,8.49,7.4,3,3.53,1,no
USR-11071,石川 浩,NH,115,area_code_415,no,yes,31,207.3,95,29.64,241.6,86,14.46,206.7,105,9.48,11.0,3,2.96,2,no
USR-11072,山口 聡太郎,ID,126,area_code_510,no,no,0,175.6,46,35.2,121.9,92,11.76,140.6,82,10.1,7.4,7,3.4,6,no
USR-11073,近藤 舞,HI,157,area_code_415,yes,no,0,209.2,96,22.53,219.2,124,15.57,187.2,90,7.77,11.1,3,3.1,1,yes
USR-11074,斎藤 京助,MO,75,area_code_408,no,yes,0,244.4,139,32.68,198.1,92,21.04,331.1,98,12.14,10.1,4,2.18,0,no
USR-11075,橋本 篤司,ME,81,area_code_510,no,yes,23,296.8,99,37.72,230.5,65,14.38,220.8,116,2.04,14.1,2,2.92,1,no
USR-11076,坂本 洋介,NV,122,area_code_510,no,yes,0,156.1,100,26.47,176.2,125,17.44,125.5,72,6.38,11.9,2,2.76,1,no
USR-11077,山崎 淳,DC,97,area_code_510,yes,no,1,259.9,63,30.5,331.0,78,25.13,274.0,96,6.32,12.8,3,4.05,2,no
USR-11078,高橋 晃,MN,125,area_code_408,no,no,1,188.7,126,40.03,187.3,95,20.65,185.4,112,6.82,5.5,9,3.41,0,no
USR-11079,伊藤 くみ子,VT,119,area_code_415,no,yes,0,102.4,95,27.4,231.8,103,15.48,102.3,105,6.75,12.1,1,3.19,1,no
USR-11080,山田 結衣,NY,124,area_code_510,yes,no,0,212.4,102,33.37,188.3,111,21.24,293.1,87,7.54,11.0,3,2.66,2,no
USR-11081,井上 陽一,NM,56,area_code_510,no,no,35,249.6,97,41.75,165.4,133,18.13,207.3,59,13.48,9.2,3,2.73,0,yes
USR-11082,村上 裕樹,CT,51,area_code_415,no,yes,0,242.9,105,40.4,132.6,93,16.9,142.6,111,4.37,11.7,3,2.54,2,no
USR-11083,渡辺 舞,TN,78,area_code_408,no,no,25,158.6,97,31.86,227.7,126,10.92,227.8,111,10.34,7.5,3,3.3,4,no
USR-11084,山崎 翔太,RI,128,area_code_415,yes,no,0,203.3,94,31.3,153.3,106,17.26,119.1,94,5.08,11.3,3,2.17,2,no
USR-11085,田中 あすか,AL,208,area_code_415,no,no,0,204.0,107,18.84,238.3,95,16.85,166.9,81,4.8,12.9,3,3.38,0,no
USR-11086,松本 春香,AK,121,area_code_510,no,no,0,233.0,91,19.2,201.5,119,17.76,43.9,90,5.18,11.0,2,3.35,1,no
USR-11087,田中 美加子,WY,44,area_code_408,yes,no,0,228.1,82,47.53,242.7,126,19.7,230.8,81,8.64,11.2,4,2.86,1,no
USR-11088,吉田 あすか,GA,188,area_code_510,no,yes,29,211.3,119,45.53,230.4,100,11.58,191.8,117,4.0,6.8,3,2.54,1,no
USR-11089,山田 香織,DC,103,area_code_415,yes,no,0,272.5,68,55.52,79.0,92,16.06,173.0,135,6.44,10.3,6,2.7,2,no
USR-11090,山田 花子,CT,40,area_code_408,no,yes,35,197.6,82,22.18,191.5,120,20.62,118.1,61,6.54,15.3,0,2.34,1,no
USR-11091,山田 真綾,NH,145,area_code_415,no,no,0,195.7,65,34.67,283.4,86,17.49,206.6,84,5.0,8.4,3,2.09,0,no
USR-11092,鈴木 春香,WI,180,area_code_415,yes,no,0,198.7,112,25.46,214.6,117,16.01,189.0,100,7.47,8.0,5,1.07,1,yes
USR-11093,鈴木 知実,NH,109,area_code_408,no,no,0,96.8,86,41.85,267.3,91,17.33,145.6,90,10.01,11.7,3,2.7,1,no
USR-11094,青木 陽子,NJ,153,area_code_408,no,no,0,134.4,114,22.19,200.9,77,17.9,134.3,34,9.28,17.1,3,4.43,2,yes
USR-11095,渡辺 美加子,NY,160,area_code_408,no,no,0,124.4,96,33.19,239.8,111,19.5,161.2,71,9.3,7.5,3,2.39,1,no
USR-11096,佐々木 翼,MA,94,area_code_415,no,yes,36,233.6,109,27.31,270.0,109,7.59,205.3,110,10.22,14.6,3,3.01,1,no
USR-11097,村上 充,NY,124,area_code_415,no,no,0,223.8,106,19.77,109.3,72,9.35,218.6,122,7.19,11.4,2,4.03,1,no
USR-11098,渡辺 零,AL,66,area_code_510,no,no,0,171.0,58,20.07,303.8,114,19.64,104.9,76,6.3,7.2,9,1.63,0,yes
USR-11099,佐藤 さゆり,WI,95,area_code_408,yes,no,30,177.5,103,28.51,340.2,123,24.44,183.4,100,9.58,8.0,3,1.49,1,no
USR-11100,橋本 結衣,ID,122,area_code_415,no,no,0,248.3,88,25.86,298.6,132,17.79,109.5,75,8.94,8.6,3,3.37,0,no
USR-11101,山本 太郎,MO,135,area_code_415,no,yes,32,263.5,151,36.01,257.8,122,16.17,141.5,131,8.24,13.7,8,2.69,2,no
USR-11102,佐々木 裕樹,ID,164,area_code_510,no,no,48,318.6,88,23.11,278.9,108,14.82,129.3,93,6.24,8.7,8,3.27,1,yes
USR-11103,佐藤 洋介,MI,4,area_code_408,no,no,0,165.5,115,17.67,200.8,129,19.49,195.8,108,4.8,10.5,3,1.49,2,no
USR-11104,中川 加奈,NE,131,area_code_510,no,no,0,261.0,61,22.96,138.6,71,15.73,222.3,33,10.74,7.1,4,2.04,1,no
USR-11105,太田 舞,VA,92,area_code_408,yes,no,0,168.5,90,28.73,192.6,105,18.39,120.4,111,4.93,11.1,3,2.25,0,no
USR-11106,中川 零,WA,112,area_code_415,no,no,0,217.0,99,30.67,299.7,104,17.85,187.3,66,6.81,8.3,7,3.39,1,no
USR-11107,藤田 くみ子,CO,74,area_code_415,yes,yes,1,223.1,102,23.86,300.9,99,15.83,93.0,116,5.77,11.0,3,2.83,4,no
USR-11108,岡本 和也,WV,101,area_code_415,yes,yes,28,109.6,88,32.82,35.8,116,18.2,288.1,115,6.0,10.3,7,2.8,4,no
USR-11109,田中 学,WV,79,area_code_415,no,yes,0,241.2,115,23.05,207.9,130,25.66,196.1,59,10.33,10.1,4,2.46,1,yes
USR-11110,池田 知実,FL,125,area_code_408,no,no,0,206.5,107,33.99,261.7,118,19.31,110.0,122,7.39,12.7,5,3.82,2,no
USR-11111,佐藤 美加子,IN,80,area_code_408,no,yes,0,238.9,99,28.8,130.5,80,22.38,224.5,119,9.93,12.7,6,3.13,0,no
USR-11112,中村 裕美子,DE,64,area_code_408,yes,no,0,172.4,112,23.47,307.9,94,19.01,256.0,108,7.85,10.6,9,1.71,1,no
USR-11113,高橋 真綾,PA,81,area_code_415,no,yes,0,193.1,106,38.9,208.2,86,17.78,230.2,99,5.67,8.4,3,1.69,0,yes
USR-11114,山本 涼平,ME,123,area_code_510,no,yes,37,210.0,144,32.62,167.5,60,17.53,97.8,97,7.71,14.6,4,2.97,1,no
USR-11115,山本 翼,DC,97,area_code_415,no,yes,37,217.0,103,35.48,332.8,116,15.12,173.8,119,10.24,8.9,7,1.76,1,yes
USR-11116,鈴木 晃,TN,111,area_code_415,no,yes,24,186.9,101,29.55,220.8,100,18.1,179.8,106,12.03,14.1,3,1.93,1,no
USR-11117,田中 桃子,AL,173,area_code_415,no,yes,20,186.2,125,34.95,342.4,75,15.25,127.9,88,5.96,10.7,9,3.44,0,no
USR-11118,佐藤 晃,NJ,130,area_code_415,yes,yes,0,321.0,106,25.18,258.0,94,17.41,167.3,53,5.54,11.2,7,2.67,2,no
USR-11119,伊藤 あすか,KS,112,area_code_408,no,yes,31,267.4,68,32.99,226.4,110,16.34,217.4,107,9.73,3.6,8,2.06,1,no
USR-11120,佐藤 さゆり,WV,138,area_code_510,no,yes,0,219.3,98,27.2,146.5,111,23.44,182.5,116,5.72,8.3,2,2.59,0,no
USR-11121,石川 修平,VA,198,area_code_415,no,yes,0,247.2,109,25.15,249.0,93,10.71,157.3,103,6.44,8.6,5,4.03,3,no
USR-11122,中川 明美,NC,69,area_code_408,no,yes,32,82.7,88,23.48,183.6,104,16.78,173.5,86,9.69,8.1,5,1.8,0,no
USR-11123,藤井 翔太,WY,130,area_code_415,no,yes,42,206.2,83,33.63,190.3,105,12.19,153.5,93,7.29,9.8,4,2.92,1,no
USR-11124,井上 篤司,AL,83,area_code_408,yes,no,1,188.8,121,29.51,222.5,109,12.0,212.3,65,3.36,14.0,4,4.49,1,no
USR-11125,長谷川 充,IN,80,area_code_415,no,no,35,201.7,91,26.26,257.9,103,18.12,235.4,57,5.68,8.9,3,2.82,3,no
USR-11126,佐藤 翼,NE,135,area_code_415,no,yes,43,234.4,120,32.39,213.0,94,8.42,169.2,107,4.21,11.0,3,3.59,1,no
USR-11127,鈴木 花子,WV,199,area_code_415,no,yes,0,250.8,53,30.04,329.4,70,13.2,191.2,124,5.93,13.1,3,2.18,1,yes
USR-11128,伊藤 翼,MA,155,area_code_408,no,yes,29,173.2,96,45.41,168.7,84,12.15,69.0,104,8.78,8.1,5,3.93,1,no
USR-11129,佐藤 舞,KY,179,area_code_510,no,no,45,194.2,65,23.61,235.0,125,19.08,338.9,97,7.4,9.5,8,2.45,1,no
USR-11130,森 真綾,OR,115,area_code_415,no,no,0,214.5,122,11.2,214.5,84,14.19,221.2,84,3.98,9.9,5,2.21,2,yes
USR-11131,加藤 修平,AZ,161,area_code_408,no,no,25,135.4,128,35.39,245.4,129,11.15,239.8,79,10.71,9.0,3,3.07,1,no
USR-11132,青木 加奈,MO,41,area_code_415,no,no,26,206.2,74,35.74,177.8,127,5.82,317.4,108,10.88,10.7,3,3.39,5,no
USR-11133,斎藤 稔,AL,135,area_code_415,no,no,0,231.6,66,26.2,208.5,91,17.74,253.2,105,8.11,10.0,9,2.68,1,yes
USR-11134,田中 翼,SD,121,area_code_415,no,yes,0,132.9,95,19.6,290.0,119,20.66,160.8,59,7.3,9.0,7,1.53,4,yes
USR-11135,鈴木 翼,KY,80,area_code_415,no,no,0,169.8,67,41.17,289.8,94,19.36,183.0,100,3.66,9.8,3,0.0,1,yes
USR-11136,松田 桃子,OR,149,area_code_415,no,yes,35,243.6,108,37.92,234.4,96,16.39,130.5,99,8.25,11.4,2,3.91,1,no
USR-11137,山口 花子,MT,56,area_code_415,yes,no,51,150.0,124,29.97,145.3,109,11.14,193.1,81,7.47,8.4,3,1.86,0,no
USR-11138,山口 和也,OH,109,area_code_510,no,no,0,308.7,84,30.45,163.1,94,13.03,241.9,104,4.99,12.0,3,3.75,2,no
USR-11139,鈴木 直子,MS,61,area_code_510,no,no,43,114.6,96,27.91,209.8,131,23.6,156.8,109,7.18,6.6,7,1.18,2,no
USR-11140,小林 直子,MN,136,area_code_408,no,yes,0,324.3,73,47.98,197.0,117,15.45,283.3,119,2.53,4.6,5,3.21,0,no
USR-11141,鈴木 篤司,OK,185,area_code_510,no,yes,43,189.3,105,25.35,230.9,157,15.51,160.1,90,10.04,8.4,8,2.52,2,yes
USR-11142,斎藤 裕太,UT,180,area_code_415,no,yes,0,200.2,72,28.65,198.0,103,20.89,188.2,59,6.05,10.4,6,2.74,1,yes
USR-11143,西村 治,VT,69,area_code_408,no,yes,38,167.1,93,55.11,245.3,93,17.86,221.6,95,4.58,5.5,3,3.74,0,no
USR-11144,小林 陽一,TX,87,area_code_415,no,yes,0,192.2,118,26.09,287.7,107,10.99,173.7,119,9.05,6.7,3,1.61,2,no
USR-11145,福田 涼平,IL,157,area_code_408,no,no,1,243.6,94,27.2,173.9,74,16.7,157.0,104,7.57,12.6,9,1.42,1,no
USR-11146,高橋 春香,MS,65,area_code_408,no,no,0,253.3,89,29.01,206.9,104,14.48,199.2,82,13.02,5.6,3,3.46,1,no
USR-11147,渡辺 裕太,WY,147,area_code_415,no,no,40,178.4,114,28.41,205.0,81,18.95,238.4,88,10.74,8.0,3,2.55,4,no
USR-11148,鈴木 美加子,PA,84,area_code_415,no,no,0,192.6,104,31.41,246.6,132,15.59,196.9,116,2.43,12.1,6,3.79,0,no
USR-11149,伊藤 京助,ND,86,area_code_415,no,yes,34,272.8,81,43.09,174.2,126,19.62,171.4,117,5.67,6.1,3,2.09,1,yes
USR-11150,渡辺 真綾,WV,150,area_code_408,yes,no,0,225.1,88,36.65,231.0,144,17.49,115.6,125,6.06,9.3,3,2.84,1,yes
USR-11151,井上 拓真,IA,136,area_code_510,no,yes,44,170.9,97,18.41,294.3,169,17.76,203.3,119,5.6,1.2,3,2.28,0,no
USR-11152,高橋 結衣,WY,62,area_code_415,no,no,20,83.7,92,22.46,286.0,97,11.62,109.5,99,3.54,14.8,4,2.59,0,no
USR-11153,小林 裕樹,KS,189,area_code_415,no,no,31,149.4,110,42.8,241.3,133,16.69,135.5,122,5.6,8.8,3,2.06,1,no
USR-11154,佐藤 千代,MS,93,area_code_415,no,yes,26,182.0,68,40.51,202.1,122,6.93,198.9,162,8.8,11.5,3,1.68,0,no
USR-11155,田中 翼,NM,169,area_code_510,no,no,1,296.3,79,23.76,146.6,109,15.69,203.6,86,6.96,9.1,15,2.78,1,no
USR-11156,鈴木 舞,NC,108,area_code_408,no,no,0,209.9,99,35.57,293.5,80,19.96,144.5,89,8.68,8.1,8,2.93,3,no
USR-11157,鈴木 陽一,NY,100,area_code_415,no,yes,21,212.3,104,34.07,235.4,98,12.75,228.4,107,6.86,6.0,2,2.89,2,no
USR-11158,伊藤 桃子,GA,33,area_code_408,no,no,0,340.1,126,16.11,110.9,90,19.86,182.4,80,6.65,13.1,3,3.06,1,no
USR-11159,石井 修平,AZ,85,area_code_415,yes,no,0,262.2,54,55.96,182.6,119,14.4,241.6,132,2.98,11.4,3,2.53,2,no
USR-11160,佐藤 和也,WY,123,area_code_415,no,yes,37,341.6,76,18.78,243.1,108,16.23,182.1,55,9.28,14.2,9,2.54,2,no
USR-11161,橋本 舞,SD,87,area_code_408,no,no,31,130.8,156,32.54,117.3,81,13.68,255.2,143,11.2,9.8,3,0.0,1,no
USR-11162,森 洋介,KY,209,area_code_415,no,no,0,195.4,102,17.45,269.2,104,18.57,215.4,88,10.66,4.4,4,3.62,1,yes
USR-11163,岡田 篤司,FL,32,area_code_510,no,no,43,214.4,91,47.32,199.2,122,17.44,203.3,70,5.75,10.2,14,2.69,2,no
USR-11164,鈴木 治,ND,154,area_code_510,no,yes,0,242.2,72,30.1,306.2,94,18.09,180.1,99,10.42,11.5,3,4.0,2,no
USR-11165,斎藤 智也,NC,72,area_code_510,no,no,0,336.7,92,36.09,302.3,111,29.62,278.5,115,7.58,8.8,4,3.06,1,no
USR-11166,岡田 幹,NJ,125,area_code_408,yes,no,0,222.6,110,22.41,200.7,129,24.41,199.6,81,6.81,13.3,3,3.49,1,yes
USR-11167,清水 里佳,PA,89,area_code_415,no,no,0,174.4,108,24.47,158.7,101,14.42,175.1,120,5.82,8.3,6,2.68,1,no
USR-11168,山口 美加子,RI,75,area_code_510,no,no,0,154.6,123,42.65,294.0,78,18.79,140.1,55,0.38,5.5,4,2.79,2,no
USR-11169,佐々木 和也,ID,174,area_code_408,yes,no,0,254.6,87,29.2,116.6,117,24.06,162.0,138,7.73,4.1,3,2.82,7,no
USR-11170,吉田 里佳,NV,68,area_code_415,yes,no,0,168.4,106,24.34,191.3,87,17.66,61.4,78,2.32,7.7,3,2.12,2,no
USR-11171,加藤 翔太,FL,108,area_code_510,no,no,0,244.2,85,25.7,203.9,109,15.66,205.5,80,8.14,8.6,8,3.73,0,no
USR-11172,前田 晃,WV,83,area_code_415,no,no,0,278.6,165,43.45,182.7,90,12.36,0.0,85,2.6,4.9,2,2.83,1,no
USR-11173,橋本 洋介,NY,58,area_code_415,no,no,0,210.0,124,32.31,184.8,129,9.64,217.4,91,10.98,14.1,3,3.43,1,no
USR-11174,斉藤 浩,ME,112,area_code_415,no,no,38,165.6,90,29.81,232.0,96,19.75,137.3,30,8.27,6.9,6,2.5,0,no
USR-11175,村上 花子,ID,98,area_code_415,no,yes,0,124.4,99,17.6,242.2,98,14.89,201.7,122,6.99,11.4,12,2.38,0,no
USR-11176,木村 聡太郎,WY,213,area_code_415,no,no,0,192.4,116,37.25,235.7,97,28.44,129.5,110,3.89,11.8,5,3.76,0,no
USR-11177,中川 春香,NM,84,area_code_415,no,no,0,221.1,101,21.35,183.3,131,12.09,215.4,103,4.82,10.5,9,2.32,1,no
USR-11178,清水 亮介,AK,142,area_code_408,no,yes,0,148.8,89,25.53,174.6,92,19.81,254.9,100,11.16,11.1,2,2.17,2,no
USR-11179,田中 幹,CT,29,area_code_510,no,no,0,234.6,126,23.59,261.1,137,12.29,208.2,93,7.84,8.1,3,1.88,1,no
USR-11180,渡辺 春香,LA,153,area_code_408,no,yes,0,184.8,92,31.68,223.1,77,17.92,227.4,103,6.59,1.0,3,2.41,3,no
USR-11181,岡本 舞,AZ,128,area_code_415,yes,no,0,203.6,108,24.02,312.8,108,17.04,162.8,62,3.91,6.0,3,2.67,1,yes
USR-11182,田中 真綾,OR,106,area_code_510,no,no,0,224.3,105,13.64,176.2,113,19.69,184.1,63,11.8,9.8,3,2.5,2,yes
USR-11183,松本 洋介,CT,112,area_code_415,no,no,0,143.2,120,28.41,260.0,133,18.07,157.6,73,9.54,6.1,1,0.95,1,yes
USR-11184,石川 直人,SC,159,area_code_415,no,no,0,173.0,90,29.95,226.1,133,17.18,184.3,68,3.64,12.0,4,1.97,0,no
USR-11185,山本 治,CT,169,area_code_415,no,no,0,167.6,87,37.25,242.3,92,24.38,195.2,87,7.64,15.5,4,3.05,1,no
USR-11186,西村 充,NV,183,area_code_415,no,no,0,176.7,76,36.6,230.1,90,13.47,257.1,113,7.37,14.1,2,2.27,1,no
USR-11187,高橋 裕美子,OR,123,area_code_415,no,no,36,217.9,101,34.18,287.6,83,10.23,193.1,132,11.53,12.7,5,2.36,0,no
USR-11188,阿部 陽一,MA,153,area_code_408,no,yes,41,228.1,114,33.8,195.6,117,23.55,177.8,70,8.44,10.5,6,2.81,0,no
USR-11189,加藤 英樹,LA,72,area_code_510,no,no,38,245.4,96,52.88,300.9,108,14.0,375.8,110,8.18,11.0,3,3.16,6,yes
USR-11190,伊藤 裕太,GA,156,area_code_415,no,yes,0,206.7,91,20.73,318.2,98,24.79,157.7,98,8.01,7.8,4,1.51,1,yes
USR-11191,三浦 零,AK,77,area_code_510,no,no,27,215.9,132,32.42,227.9,112,17.78,206.4,89,7.11,8.8,5,1.72,1,yes
USR-11192,西村 篤司,PA,83,area_code_510,no,yes,23,227.2,71,40.19,210.5,113,12.64,216.7,108,12.54,10.3,3,4.84,1,no
USR-11193,吉田 太一,IN,50,area_code_415,no,yes,38,228.7,87,35.74,202.6,68,18.11,210.2,81,9.61,5.6,4,3.43,4,no
USR-11194,山崎 香織,IN,86,area_code_408,no,no,37,142.1,114,30.73,260.1,83,18.25,205.6,107,12.12,11.8,1,1.55,3,no
USR-11195,池田 真綾,KY,145,area_code_415,no,no,0,185.7,92,43.34,193.7,154,21.56,197.9,110,6.58,11.9,1,2.98,1,no
USR-11196,坂本 美加子,CA,81,area_code_510,yes,yes,0,238.2,126,24.46,259.7,95,15.59,139.4,71,6.67,4.1,3,2.21,1,yes
USR-11197,西村 学,GA,111,area_code_415,no,no,0,305.3,109,37.13,168.9,109,12.21,151.1,68,1.12,13.0,7,3.14,3,yes
USR-11198,三浦 裕美子,WY,201,area_code_510,no,yes,0,167.3,109,32.9,276.3,112,12.94,245.2,94,10.2,10.5,4,2.69,1,no
USR-11199,田中 明美,ME,110,area_code_415,no,yes,0,224.9,88,25.18,192.4,140,12.95,180.9,123,9.73,5.0,5,2.81,1,no
USR-11200,太田 和也,IN,190,area_code_415,no,no,40,170.5,42,17.24,270.2,88,14.39,261.2,92,7.13,14.8,6,3.02,1,no
USR-11201,加藤 充,SD,114,area_code_510,yes,no,0,194.6,120,24.83,153.8,108,1.59,154.1,136,5.69,10.1,10,2.81,3,yes
USR-11202,佐藤 里佳,MA,149,area_code_415,yes,no,0,177.2,103,24.42,155.2,108,19.9,153.7,120,9.89,8.9,3,3.45,7,no
USR-11203,小林 太一,TX,139,area_code_415,no,yes,35,203.7,89,33.51,275.0,91,11.53,311.7,91,6.3,14.9,7,3.34,2,yes
USR-11204,高橋 裕美子,DE,45,area_code_415,yes,yes,0,159.4,40,36.14,206.3,89,16.22,256.6,83,6.74,7.7,5,4.65,1,yes
USR-11205,林 あすか,VA,135,area_code_510,no,yes,39,246.7,51,26.7,306.6,142,11.51,160.1,122,9.24,13.9,9,4.02,1,no
USR-11206,佐藤 京助,VT,99,area_code_415,yes,yes,42,198.5,77,22.75,225.9,78,21.49,164.8,56,7.59,13.1,3,1.96,1,no
USR-11207,山本 直子,ND,100,area_code_510,no,yes,29,179.1,109,26.27,200.0,134,14.48,121.6,98,4.87,10.0,7,2.77,0,no
USR-11208,後藤 稔,WA,166,area_code_415,no,no,0,182.6,129,51.89,153.0,84,19.49,129.9,119,8.72,12.6,3,1.88,1,no
USR-11209,山田 美加子,MN,25,area_code_408,no,yes,27,169.3,80,12.66,256.1,133,18.47,218.7,91,7.92,12.0,2,1.8,2,no
USR-11210,石井 康弘,VA,35,area_code_415,no,yes,0,155.0,120,37.22,192.5,137,15.93,164.2,115,8.55,7.9,2,2.52,1,no
USR-11211,山田 花子,MD,1,area_code_415,no,no,0,106.5,72,29.55,229.9,148,20.5,146.9,93,2.69,10.5,4,3.2,2,no
USR-11212,佐々木 幹,WI,82,area_code_415,no,no,0,270.4,103,27.67,266.7,75,17.71,203.4,80,10.59,11.2,3,4.05,1,no
USR-11213,佐藤 香織,HI,131,area_code_415,yes,yes,40,227.2,44,24.37,185.5,125,20.52,227.8,118,13.67,8.5,3,2.28,1,no
USR-11214,小林 康弘,KY,195,area_code_415,no,yes,27,200.3,64,31.68,287.4,65,21.46,165.0,63,2.94,5.4,4,3.43,1,no
USR-11215,高橋 花子,NV,94,area_code_510,no,no,0,172.1,128,36.43,204.0,100,15.64,245.0,139,4.38,5.1,2,2.0,0,no
USR-11216,林 聡太郎,MA,138,area_code_408,no,no,32,245.6,94,20.79,126.6,108,15.97,169.3,91,10.62,7.6,17,1.97,2,no
USR-11217,石井 香織,IL,101,area_code_510,no,yes,30,220.8,99,18.78,248.1,113,19.71,244.7,128,10.86,10.2,3,2.46,3,no
USR-11218,橋本 直子,PA,124,area_code_510,no,no,0,165.5,83,18.01,352.1,79,17.52,115.3,74,5.9,5.9,6,3.24,1,no
USR-11219,藤田 知実,NV,71,area_code_415,no,no,40,148.9,73,10.14,200.9,110,18.6,228.2,95,10.06,11.3,4,3.24,0,no
USR-11220,吉田 裕美子,PA,82,area_code_510,no,no,0,193.2,102,36.57,144.6,88,18.31,205.6,89,7.84,11.5,7,3.25,0,yes
USR-11221,林 幹,WY,94,area_code_415,no,no,1,204.5,129,30.82,258.7,89,14.37,158.9,98,3.11,15.8,3,4.16,2,no
USR-11222,鈴木 真綾,NJ,79,area_code_415,no,no,0,199.4,102,27.85,218.7,128,19.27,224.4,82,8.23,13.2,3,2.84,3,no
USR-11223,後藤 聡太郎,OR,82,area_code_415,no,yes,0,157.6,110,34.87,129.8,120,17.93,189.5,89,10.74,7.8,4,1.59,1,no
USR-11224,小林 智也,CT,166,area_code_510,no,yes,0,180.9,72,43.24,298.4,112,26.08,237.5,132,9.63,10.1,3,2.63,4,no
USR-11225,池田 明美,SD,114,area_code_510,no,yes,0,211.4,107,28.81,160.8,95,19.69,254.5,100,8.77,12.0,9,3.05,1,no
USR-11226,清水 結衣,AL,85,area_code_510,no,yes,32,159.1,86,29.25,182.3,134,17.65,151.7,72,2.82,2.8,2,1.87,0,no
USR-11227,鈴木 太郎,VT,113,area_code_408,yes,no,0,177.1,100,51.15,228.3,83,20.85,193.4,70,4.05,10.4,3,3.4,1,yes
USR-11228,中村 充,IA,60,area_code_415,no,no,0,204.6,113,54.78,251.1,111,15.27,156.3,140,3.6,9.4,8,2.94,4,no
USR-11229,田中 和也,PA,138,area_code_415,no,yes,40,248.0,98,29.35,202.9,125,12.82,193.1,109,10.06,8.2,3,3.4,2,yes
USR-11230,渡辺 舞,WY,131,area_code_415,yes,yes,0,244.1,103,41.26,185.3,98,21.02,218.3,88,4.14,5.0,3,0.0,1,no
USR-11231,池田 さゆり,SD,62,area_code_415,yes,no,0,290.0,84,37.81,210.6,130,14.61,174.3,125,9.1,15.6,3,2.93,1,yes
USR-11232,田中 桃子,NJ,79,area_code_415,no,no,0,153.0,78,32.69,241.7,106,20.71,209.0,113,10.03,8.7,3,2.71,1,yes
USR-11233,吉田 知実,AZ,168,area_code_408,no,no,17,191.4,96,20.94,310.7,119,20.22,317.7,75,9.07,8.2,7,3.43,0,no
USR-11234,石井 晃,PA,35,area_code_510,no,no,0,177.3,90,30.23,176.6,150,12.67,131.9,90,7.76,13.4,8,4.18,0,no
USR-11235,石井 陽一,MO,189,area_code_415,yes,no,0,162.2,85,27.05,304.9,113,18.9,117.5,110,9.08,11.1,9,1.91,4,no
USR-11236,渡辺 充,DE,151,area_code_415,yes,no,0,299.0,62,40.55,204.3,142,9.85,218.1,105,4.38,12.5,3,3.13,3,no
USR-11237,佐藤 晃,MS,79,area_code_415,no,yes,42,154.1,78,24.4,164.7,100,17.8,177.2,106,7.3,5.4,8,1.6,2,no
USR-11238,鈴木 直人,WI,153,area_code_408,no,no,32,62.4,112,29.83,185.3,105,9.17,174.3,81,11.65,16.2,3,3.09,0,yes
USR-11239,山田 太郎,HI,170,area_code_415,yes,yes,1,212.7,88,29.39,313.4,87,19.69,226.9,53,6.48,5.8,6,3.81,1,no
USR-11240,藤田 晃,ID,119,area_code_408,no,no,0,192.2,132,39.45,277.0,72,17.97,104.8,73,6.65,9.8,3,3.66,1,no
USR-11241,斉藤 裕太,MD,71,area_code_415,no,no,0,202.7,121,28.9,175.6,106,13.31,116.8,97,8.73,11.4,5,2.04,0,no
USR-11242,佐藤 舞,WY,117,area_code_408,no,no,0,186.8,121,38.54,187.2,88,14.52,177.9,112,9.8,11.3,5,2.46,4,no
USR-11243,佐藤 涼平,ME,147,area_code_510,no,yes,43,293.9,88,18.54,303.1,87,22.96,268.0,84,8.95,9.3,4,2.57,2,no
USR-11244,吉田 太郎,MS,65,area_code_408,yes,yes,43,189.2,109,45.69,247.4,110,17.97,167.6,78,8.27,14.3,6,2.4,1,no
USR-11245,加藤 浩,DE,195,area_code_408,yes,no,0,237.9,104,15.71,164.4,103,16.52,178.3,82,7.35,12.8,4,3.36,0,yes
USR-11246,藤原 あすか,WV,95,area_code_415,no,yes,30,75.7,111,26.53,144.4,142,21.31,169.0,92,5.98,7.4,2,2.46,0,no
USR-11247,鈴木 花子,IL,174,area_code_408,no,no,0,217.6,137,25.49,204.6,120,19.58,185.0,117,8.88,9.2,9,3.29,3,no
USR-11248,藤井 知実,WI,132,area_code_415,no,yes,0,110.4,85,32.32,279.7,110,11.8,208.5,117,4.94,12.0,3,2.26,2,no
USR-11249,伊藤 七夏,PA,200,area_code_408,yes,yes,1,194.5,114,19.34,232.2,103,26.64,188.1,92,10.55,8.9,5,1.69,0,no
USR-11250,阿部 太一,VA,67,area_code_408,yes,yes,0,291.4,92,36.43,128.7,74,21.06,211.9,168,7.23,13.8,2,1.79,1,no
USR-11251,鈴木 花子,PA,215,area_code_408,no,no,0,330.4,91,28.64,189.8,105,17.0,73.0,100,6.77,10.3,4,3.35,1,yes
USR-11252,福田 幹,MA,105,area_code_408,no,yes,0,199.8,111,40.75,173.5,105,15.55,108.4,90,11.85,13.0,7,4.06,1,no
USR-11253,中川 涼平,AL,54,area_code_510,no,no,31,177.5,100,41.21,177.0,110,15.85,124.1,96,6.94,6.9,7,2.7,1,no
USR-11254,山本 翼,CT,99,area_code_415,no,yes,33,261.3,129,25.26,227.1,119,13.68,104.5,136,3.93,8.1,3,2.13,1,yes
USR-11255,石井 陽子,AR,124,area_code_408,no,no,0,255.5,107,25.69,295.2,74,8.36,105.0,88,4.95,8.7,1,3.49,1,no
USR-11256,中村 さゆり,RI,193,area_code_408,yes,no,0,297.4,84,25.97,107.6,101,19.6,184.0,72,8.47,13.0,4,3.07,1,yes
USR-11257,中島 幹,CO,84,area_code_415,no,no,0,121.8,81,17.84,214.2,99,16.24,164.5,102,6.18,12.4,8,2.77,2,no
USR-11258,森 陽子,RI,152,area_code_408,yes,no,1,351.5,90,13.98,165.7,81,23.15,228.8,105,11.28,10.9,3,3.55,1,yes
USR-11259,木村 涼平,AZ,66,area_code_415,no,no,30,184.2,98,24.24,173.0,66,17.16,280.2,87,7.33,13.4,4,3.15,4,no
USR-11260,山本 晃,NJ,153,area_code_510,no,no,0,205.2,123,45.11,222.1,101,14.16,186.1,114,5.23,12.6,4,4.22,1,no
USR-11261,小林 学,LA,181,area_code_510,no,yes,0,223.1,58,28.62,231.7,102,18.41,210.8,106,4.66,13.5,6,3.74,1,no
USR-11262,藤田 美加子,CO,157,area_code_415,no,no,0,243.7,99,23.16,199.8,98,18.14,88.8,119,6.49,6.7,9,0.32,1,no
USR-11263,山本 直樹,NC,105,area_code_510,no,no,0,257.6,94,31.15,244.1,116,20.77,148.6,78,10.19,12.9,7,3.78,0,yes
USR-11264,鈴木 くみ子,NH,149,area_code_415,no,yes,0,230.7,113,30.72,240.3,151,17.27,232.4,109,6.74,6.7,1,2.78,1,no
USR-11265,石川 直子,OR,46,area_code_408,no,yes,0,212.1,99,26.98,318.0,91,21.34,171.8,92,2.56,8.3,7,3.77,1,no
USR-11266,中川 裕美子,ME,20,area_code_510,no,yes,33,287.4,59,33.4,245.8,93,18.09,214.5,88,9.22,17.4,12,2.63,2,no
USR-11267,坂本 晃,NY,63,area_code_408,no,yes,0,194.2,91,19.73,186.7,101,18.76,142.8,84,6.49,10.4,8,3.64,1,no
USR-11268,森 拓真,AZ,146,area_code_415,no,no,0,273.8,103,43.87,223.9,93,19.15,145.9,109,6.66,5.3,2,0.0,1,no
USR-11269,渡辺 美加子,VT,104,area_code_415,no,no,0,203.9,77,28.68,181.7,88,15.37,179.1,78,4.92,13.4,3,0.56,1,yes
USR-11270,小林 洋介,MO,122,area_code_408,yes,yes,47,311.7,109,26.54,214.7,96,17.62,249.5,85,10.6,4.5,7,4.26,1,no
USR-11271,高橋 治,NE,118,area_code_408,no,no,0,280.4,121,19.76,176.4,105,15.83,185.1,93,6.82,9.4,4,2.73,2,no
USR-11272,林 洋介,VT,112,area_code_415,no,yes,0,216.1,112,40.47,201.9,83,19.35,237.6,119,10.07,9.1,3,3.82,1,no
USR-11273,山田 学,IA,119,area_code_415,no,no,0,175.5,96,40.75,249.0,93,19.9,147.3,136,4.59,8.5,3,2.56,1,no
USR-11274,鈴木 健一,LA,103,area_code_408,no,yes,32,226.6,93,39.02,221.9,122,18.16,193.1,103,9.52,4.6,3,2.42,1,no
USR-11275,中島 学,NM,124,area_code_510,no,no,40,221.7,66,29.6,210.6,71,17.59,120.5,76,2.54,12.2,4,2.51,3,no
USR-11276,吉田 陽子,ID,38,area_code_510,no,yes,33,186.3,93,34.88,144.5,129,15.16,196.6,104,10.8,11.7,3,4.38,1,no
USR-11277,田中 洋介,TX,50,area_code_510,no,no,37,225.1,95,30.25,225.0,124,16.9,238.7,110,12.03,13.8,3,4.23,4,yes
USR-11278,池田 春香,NH,19,area_code_510,no,yes,28,279.4,119,36.96,202.5,87,18.22,164.1,60,5.54,15.0,3,2.95,2,no
USR-11279,長谷川 香織,SC,132,area_code_408,no,no,0,53.4,111,31.68,193.8,165,17.24,246.2,31,1.78,9.2,12,3.24,2,no
USR-11280,藤原 明美,OR,73,area_code_510,no,yes,34,139.0,83,40.6,220.8,93,15.87,184.9,102,9.28,15.0,2,2.14,2,no
USR-11281,阿部 結衣,VA,130,area_code_510,no,yes,0,243.1,126,35.8,308.6,104,22.6,177.2,118,7.4,16.6,3,3.46,4,no
USR-11282,高橋 治,RI,204,area_code_510,no,no,35,263.4,86,14.73,229.8,93,18.21,158.4,80,10.31,13.4,6,3.6,1,yes
USR-11283,吉田 桃子,SD,207,area_code_415,no,no,0,236.8,39,37.1,166.7,104,17.51,187.5,51,4.05,9.1,3,3.0,1,no
USR-11284,佐々木 直子,NJ,198,area_code_408,yes,no,0,178.7,100,31.12,191.4,82,20.96,128.5,95,9.23,11.3,3,2.5,0,no
USR-11285,太田 幹,KS,198,area_code_408,yes,yes,30,242.3,97,35.29,316.4,90,18.45,265.6,117,8.33,8.8,2,2.69,5,yes
USR-11286,田中 健一,VA,182,area_code_415,no,yes,37,254.5,82,30.7,201.6,124,17.41,141.5,137,8.44,11.5,10,0.0,0,no
USR-11287,前田 直子,OR,165,area_code_415,no,no,0,165.1,102,34.63,244.4,106,17.53,137.3,96,4.41,11.4,4,2.94,0,no
USR-11288,田中 太一,MA,112,area_code_415,no,no,0,156.0,95,34.12,226.2,79,17.76,170.7,100,10.81,10.9,3,2.59,1,no
USR-11289,福田 英樹,AR,77,area_code_415,no,no,0,217.2,104,30.46,177.5,134,16.02,159.8,104,10.33,12.0,3,2.4,4,yes
USR-11290,佐藤 浩,LA,113,area_code_415,no,no,0,233.4,109,33.02,255.6,115,21.52,104.9,119,12.1,14.2,3,3.18,0,yes
USR-11291,橋本 七夏,CT,129,area_code_408,no,yes,1,170.5,117,36.09,176.7,135,18.0,68.2,79,4.25,9.9,5,2.15,2,no
USR-11292,森 舞,IN,90,area_code_510,no,no,0,211.0,50,46.25,162.8,78,18.29,294.1,54,7.77,11.0,7,2.94,1,no
USR-11293,山崎 涼平,SD,109,area_code_415,no,no,40,216.0,70,25.92,331.5,96,19.77,108.1,61,3.53,10.4,7,2.39,1,yes
USR-11294,小林 裕美子,OH,76,area_code_415,no,no,29,172.2,97,36.33,143.7,119,18.62,183.8,86,9.07,8.8,3,2.67,0,no
USR-11295,吉田 裕太,NJ,147,area_code_415,no,no,0,153.3,84,39.26,217.6,98,19.24,171.6,92,8.74,12.4,3,3.02,1,no
USR-11296,佐藤 春香,NJ,140,area_code_415,yes,no,1,264.6,68,15.96,213.9,89,16.89,118.7,115,5.91,12.5,3,3.12,0,yes
USR-11297,山田 稔,TX,90,area_code_415,no,yes,0,139.1,117,24.71,212.3,133,18.64,211.8,91,7.78,11.3,5,4.73,0,no
USR-11298,加藤 亮介,OK,147,area_code_415,no,yes,0,262.2,100,34.93,97.6,114,15.34,134.6,88,3.55,14.4,3,3.58,2,no
USR-11299,渡辺 亮介,MN,49,area_code_415,no,yes,0,186.9,95,44.19,73.9,101,17.86,194.8,64,2.6,12.9,9,2.05,3,no
USR-11300,太田 亮介,CO,87,area_code_408,no,no,0,244.2,74,28.3,197.1,96,18.7,202.5,66,5.91,8.1,6,2.62,1,yes
USR-11301,中村 和也,ID,109,area_code_415,no,no,0,111.0,93,24.99,235.9,92,17.84,36.6,101,8.99,9.1,2,0.96,2,yes
USR-11302,藤井 さゆり,VT,122,area_code_415,no,yes,18,137.9,62,39.32,195.8,89,20.52,281.0,93,7.63,9.3,9,1.33,2,no
USR-11303,渡辺 桃子,KS,185,area_code_408,yes,yes,0,159.4,106,54.41,300.0,144,16.26,160.8,89,2.79,3.3,6,1.73,0,yes
USR-11304,渡辺 春香,DC,142,area_code_408,no,no,1,208.8,97,38.04,294.5,92,24.29,228.1,103,9.98,10.9,3,3.36,1,yes
USR-11305,山本 陽子,NH,68,area_code_415,no,no,39,172.6,84,31.35,195.3,126,19.46,193.2,117,7.34,10.4,4,3.15,1,no
USR-11306,鈴木 幹,FL,111,area_code_415,yes,no,0,185.2,114,36.46,219.7,81,17.63,175.0,85,5.08,12.7,4,2.82,2,no
USR-11307,伊藤 美加子,WA,83,area_code_510,no,yes,0,267.9,119,31.92,276.1,94,23.58,236.8,99,4.81,12.4,7,2.73,1,no
USR-11308,長谷川 英樹,PA,164,area_code_415,no,yes,31,271.0,104,20.3,203.6,77,13.66,199.5,101,3.41,9.1,3,3.79,1,no
USR-11309,山本 桃子,AK,77,area_code_510,yes,no,0,188.3,52,35.89,191.6,124,20.1,183.2,100,6.12,15.3,3,3.03,3,yes
USR-11310,斉藤 知実,MS,138,area_code_415,no,no,0,134.3,106,15.25,307.7,53,23.69,184.8,106,10.54,11.4,3,2.0,1,no
USR-11311,佐々木 健一,AZ,80,area_code_408,no,yes,0,182.0,92,33.03,179.2,127,18.64,219.3,106,8.04,10.7,7,2.89,0,no
USR-11312,山本 直人,WV,149,area_code_415,no,no,43,211.8,104,32.87,176.2,120,13.38,169.0,119,9.08,5.1,3,2.6,1,no
USR-11313,伊藤 知実,SD,61,area_code_415,no,yes,35,225.8,116,29.12,219.4,117,4.31,124.0,92,5.0,10.1,2,2.75,4,no
USR-11314,佐藤 舞,PA,162,area_code_510,no,yes,0,250.2,95,31.92,267.9,95,17.22,151.8,90,8.95,10.2,6,2.51,2,no
USR-11315,藤田 幹,IL,86,area_code_415,no,yes,0,220.2,105,44.7,174.7,88,21.47,103.3,93,9.25,9.7,2,1.57,1,no
USR-11316,鈴木 くみ子,PA,93,area_code_408,yes,no,0,201.4,100,27.4,208.7,96,21.4,142.9,114,7.38,6.4,4,3.56,2,yes
USR-11317,長谷川 陽一,MT,150,area_code_415,yes,yes,31,275.6,72,35.66,337.1,70,12.31,217.2,108,10.04,13.4,7,3.68,1,yes
USR-11318,渡辺 香織,VT,134,area_code_415,no,yes,0,155.2,88,34.39,165.2,143,13.1,116.4,107,16.82,11.5,2,3.11,1,yes
USR-11319,田中 聡太郎,VA,25,area_code_415,no,yes,0,274.5,47,27.31,300.3,84,18.24,166.1,108,3.39,7.4,3,2.86,1,no
USR-11320,渡辺 智也,IN,69,area_code_415,no,no,33,179.4,112,36.9,189.7,120,13.11,169.7,129,9.78,11.3,5,3.84,1,no
USR-11321,田中 英樹,CT,127,area_code_415,no,yes,1,238.3,110,38.92,298.0,75,20.9,169.6,81,2.99,9.9,4,1.25,1,no
USR-11322,藤田 晃,NJ,90,area_code_408,no,no,0,203.5,94,34.14,191.7,89,17.18,134.5,90,7.68,7.5,3,3.21,1,no
USR-11323,福田 花子,CO,140,area_code_415,no,no,0,257.1,102,38.18,212.1,108,5.31,187.1,76,0.37,5.5,3,2.98,1,yes
USR-11324,鈴木 陽子,RI,155,area_code_408,yes,yes,49,297.2,73,35.23,203.4,81,20.0,277.5,96,10.47,9.5,3,2.7,1,no
USR-11325,小林 裕樹,IA,169,area_code_408,no,no,23,220.4,114,46.12,349.9,77,12.33,209.5,89,5.76,10.2,4,3.09,2,yes
USR-11326,高橋 千代,ID,95,area_code_510,no,yes,29,209.3,87,34.28,337.3,114,18.87,153.2,115,11.0,10.8,7,2.39,4,no
USR-11327,小林 太一,NY,122,area_code_415,yes,no,23,163.1,99,29.3,150.0,100,20.44,201.6,110,8.71,9.6,3,0.33,1,yes
USR-11328,佐々木 千代,MO,38,area_code_510,no,no,0,155.4,108,42.76,211.9,120,9.65,147.0,96,12.77,6.3,3,3.76,2,no
USR-11329,後藤 くみ子,TN,40,area_code_510,no,yes,0,258.5,83,55.74,235.2,88,13.31,185.5,87,7.06,13.1,3,2.61,1,yes
USR-11330,中村 康弘,OR,145,area_code_408,no,yes,0,326.5,89,10.96,109.9,101,16.17,85.2,79,8.99,11.0,2,4.0,2,no
USR-11331,小林 翼,AK,125,area_code_510,no,no,0,181.1,101,20.69,233.5,108,26.17,180.7,93,9.41,8.5,0,2.98,1,yes
USR-11332,中村 涼平,IL,185,area_code_408,no,yes,26,175.8,120,33.65,271.3,102,17.7,80.9,123,10.64,7.1,3,2.24,1,no
USR-11333,西村 陽子,MT,107,area_code_408,no,no,1,201.3,89,15.79,233.3,114,20.9,157.8,47,9.23,13.9,3,2.14,1,no
USR-11334,加藤 智也,ID,32,area_code_408,no,yes,25,180.7,99,25.92,196.0,106,16.84,142.6,98,10.98,5.8,2,3.25,1,no
USR-11335,林 結衣,AK,138,area_code_415,no,no,0,199.6,127,37.16,178.7,90,16.94,114.7,104,5.66,11.7,3,3.73,2,no
USR-11336,渡辺 直子,PA,98,area_code_510,no,yes,0,239.4,80,27.14,212.0,136,19.12,181.7,150,9.78,10.7,7,4.34,0,no
USR-11337,西村 明美,UT,115,area_code_408,no,yes,43,158.2,68,44.28,183.3,109,19.83,154.1,60,7.19,12.6,4,3.07,2,no
USR-11338,西村 加奈,HI,107,area_code_510,no,yes,33,233.0,95,30.62,301.7,80,20.3,324.0,115,7.0,5.9,3,1.8,1,no
USR-11339,渡辺 香織,OR,60,area_code_510,no,yes,23,188.6,73,29.97,237.6,93,11.91,228.1,115,11.92,9.3,5,3.72,0,no
USR-11340,佐藤 零,CT,159,area_code_415,no,yes,0,194.2,73,29.73,182.0,67,14.7,108.3,126,8.32,13.3,2,4.69,4,no
USR-11341,高橋 春香,NH,65,area_code_408,no,yes,0,221.5,89,52.98,227.8,42,13.56,228.3,91,13.08,12.0,6,3.37,0,no
USR-11342,三浦 七夏,AK,138,area_code_415,no,yes,43,260.2,93,33.06,188.6,92,17.79,111.0,91,4.65,13.5,4,3.11,1,no
USR-11343,青木 香織,MN,28,area_code_408,yes,no,0,215.1,115,29.64,190.7,102,23.5,294.2,107,8.41,9.5,8,2.73,1,yes
USR-11344,小林 英樹,WV,28,area_code_510,yes,no,0,219.8,105,26.12,293.1,80,17.56,187.7,106,5.99,12.4,2,2.74,2,yes
USR-11345,井上 香織,VA,106,area_code_415,no,yes,0,239.6,92,28.4,219.4,90,19.13,244.0,113,7.62,8.4,4,3.61,0,no
USR-11346,中村 裕太,AR,142,area_code_408,no,no,0,211.0,105,35.25,274.5,120,12.57,198.6,109,5.2,7.6,3,3.07,1,no
USR-11347,斎藤 晃,SD,112,area_code_510,yes,no,0,211.5,83,25.29,148.2,89,24.21,214.5,93,8.82,9.9,3,3.06,1,yes
USR-11348,山下 太郎,CA,29,area_code_408,yes,yes,0,147.8,119,22.77,255.3,126,19.28,267.4,59,8.55,10.8,2,2.27,0,no
USR-11349,斎藤 篤司,NJ,81,area_code_510,no,yes,32,228.4,120,29.93,170.8,149,20.53,162.3,90,10.91,16.0,4,4.79,3,no
USR-11350,三浦 太郎,PA,143,area_code_510,no,no,42,244.5,141,41.04,153.1,101,15.12,133.3,92,7.15,5.8,3,4.4,2,no
USR-11351,坂本 知実,MT,162,area_code_415,no,no,34,226.1,92,39.32,211.4,77,22.2,260.3,91,11.47,7.7,4,2.64,0,yes
USR-11352,佐藤 明美,MN,194,area_code_408,no,no,0,176.1,89,29.79,191.8,160,18.77,148.4,60,8.52,9.5,7,2.42,1,no
USR-11353,清水 充,IL,100,area_code_510,no,no,0,119.8,86,31.49,314.4,116,19.16,184.5,93,6.08,10.7,3,2.51,1,no
USR-11354,高橋 裕樹,MO,19,area_code_415,no,no,29,192.9,98,27.65,222.3,98,19.79,245.7,53,6.83,10.6,2,3.71,3,no
USR-11355,渡辺 聡太郎,AZ,135,area_code_415,yes,no,0,223.4,104,41.56,240.9,91,10.92,339.0,106,6.95,9.9,3,2.62,1,no
USR-11356,西村 直人,PA,110,area_code_510,no,yes,0,213.3,121,44.59,216.6,120,15.1,160.4,47,5.76,11.2,7,2.46,1,yes
USR-11357,加藤 京助,WY,17,area_code_408,no,no,0,151.3,102,33.4,237.4,79,18.44,179.2,121,8.02,8.3,4,1.85,1,no
USR-11358,鈴木 あすか,WV,62,area_code_510,no,no,0,114.9,105,32.44,264.1,102,21.85,158.5,80,7.14,16.0,3,2.48,2,yes
USR-11359,山本 篤司,FL,68,area_code_510,no,no,0,210.4,126,40.46,209.5,93,18.49,249.7,115,6.13,9.4,5,2.47,1,no
USR-11360,坂本 知実,MT,114,area_code_408,no,yes,1,207.1,83,29.51,189.3,89,11.39,153.4,69,4.28,3.6,2,4.05,1,yes
USR-11361,松田 学,NY,114,area_code_415,yes,no,29,315.6,99,35.24,201.0,107,17.61,127.2,91,8.36,11.1,3,2.89,0,yes
USR-11362,伊藤 真綾,AZ,126,area_code_408,yes,no,0,277.8,118,44.04,315.9,139,18.81,281.0,117,9.81,14.9,3,2.54,2,yes
USR-11363,村上 智也,NV,167,area_code_408,no,yes,0,260.4,111,36.56,156.1,104,19.02,209.3,80,5.41,8.5,3,2.44,2,no
USR-11364,青木 千代,WY,223,area_code_510,yes,no,44,238.4,76,40.71,212.5,84,15.92,213.1,146,6.05,3.5,3,2.49,4,no
USR-11365,高橋 裕樹,TX,145,area_code_408,no,yes,36,155.2,103,30.65,210.1,125,10.22,221.6,93,5.71,10.7,7,1.49,0,no
USR-11366,山田 翔太,MS,200,area_code_510,no,no,0,146.1,67,34.48,170.0,107,15.81,127.7,99,10.46,10.2,3,3.83,1,no
USR-11367,伊藤 陽一,WY,61,area_code_415,no,yes,27,108.5,88,17.48,199.9,89,14.87,207.6,99,13.88,12.0,3,1.77,1,no
USR-11368,鈴木 春香,MA,135,area_code_510,no,no,0,190.2,115,37.17,160.2,112,25.47,171.2,87,11.39,8.8,3,2.88,1,no
USR-11369,森 直人,VA,113,area_code_415,no,no,0,214.0,88,15.97,211.5,112,19.27,164.7,111,9.16,12.1,5,3.96,3,no
USR-11370,斉藤 智也,OH,85,area_code_408,no,no,0,262.4,63,30.31,148.4,131,17.9,205.9,82,7.0,12.1,10,3.03,4,no
USR-11371,伊藤 聡太郎,PA,49,area_code_510,no,no,34,283.8,111,27.16,256.9,75,16.8,219.8,102,6.77,10.5,3,1.83,2,no
USR-11372,山本 さゆり,WA,113,area_code_510,no,no,0,220.2,110,38.73,272.5,120,17.57,291.1,86,8.02,11.2,2,3.18,1,yes
USR-11373,藤原 修平,NY,81,area_code_415,yes,no,0,209.0,95,32.78,171.9,126,13.55,210.0,80,6.52,10.0,3,3.1,2,yes
USR-11374,遠藤 淳,MO,115,area_code_408,no,no,0,288.9,71,37.13,160.0,127,18.82,370.4,79,11.08,4.4,4,2.14,1,no
USR-11375,吉田 晃,NE,137,area_code_408,no,no,0,169.0,101,46.12,241.6,96,17.87,170.1,73,6.41,9.3,4,3.25,3,no
USR-11376,山田 治,MS,158,area_code_510,no,no,0,208.8,82,35.44,143.7,72,19.17,262.8,116,7.76,6.2,3,3.26,1,no
USR-11377,加藤 治,MA,55,area_code_415,no,no,0,212.5,87,46.38,284.1,119,14.05,187.9,91,10.54,7.3,4,4.61,3,no
USR-11378,小林 翼,MO,224,area_code_415,no,no,0,210.9,110,25.81,144.8,122,12.59,200.9,78,13.86,13.9,5,1.91,1,yes
USR-11379,佐々木 直子,ME,158,area_code_415,no,yes,0,112.6,93,45.53,283.2,89,13.8,145.0,99,7.05,10.6,2,2.32,1,no
USR-11380,岡田 和也,UT,139,area_code_408,no,yes,0,217.5,83,19.77,225.6,128,15.97,244.4,111,7.92,10.5,3,1.87,3,no
USR-11381,佐々木 美加子,MA,76,area_code_510,no,no,0,275.6,69,29.5,219.5,92,13.11,185.8,134,4.92,11.7,12,3.03,1,no
USR-11382,佐藤 治,OH,148,area_code_415,no,no,0,111.6,104,37.65,197.9,133,14.82,129.3,72,6.57,9.4,10,4.32,1,no
USR-11383,池田 美加子,NM,110,area_code_510,yes,yes,0,140.2,120,19.32,129.0,72,13.68,117.2,52,3.01,9.0,4,2.44,1,no
USR-11384,清水 陽子,ID,140,area_code_415,no,yes,0,228.1,123,30.38,277.5,89,6.7,205.5,86,8.54,11.0,3,2.69,2,no
USR-11385,山本 太一,NE,209,area_code_510,no,yes,0,254.9,131,42.06,183.5,115,18.44,202.2,128,6.92,10.7,2,4.19,1,no
USR-11386,中村 結衣,ME,91,area_code_510,no,yes,0,252.1,85,30.16,195.6,116,18.18,112.9,95,4.75,10.8,3,4.28,1,no
USR-11387,山田 直子,CO,165,area_code_408,no,no,0,250.4,42,43.24,152.5,99,15.19,241.2,55,9.45,15.8,9,3.37,0,no
USR-11388,山下 七夏,MS,116,area_code_415,no,no,0,160.0,110,38.07,248.2,99,16.83,158.7,111,9.05,12.3,3,3.39,1,no
USR-11389,渡辺 浩,CA,178,area_code_510,yes,no,0,230.6,146,37.79,222.2,87,16.81,202.5,77,8.61,8.5,3,2.71,1,yes
USR-11390,田中 あすか,OR,136,area_code_415,no,yes,0,228.6,96,39.67,141.2,123,13.76,168.6,142,5.65,10.4,9,3.07,4,no
USR-11391,森 翼,AK,143,area_code_415,no,no,0,265.8,133,5.83,185.6,125,22.2,124.7,113,10.01,9.1,1,1.02,1,yes
USR-11392,石川 和也,PA,117,area_code_415,no,no,0,215.7,108,34.73,163.3,109,15.46,221.3,83,4.14,11.8,3,3.79,4,no
USR-11393,佐藤 直人,VT,195,area_code_408,yes,yes,0,252.6,104,29.48,161.0,97,24.0,188.9,77,9.05,7.9,4,3.74,6,no
USR-11394,山田 さゆり,RI,116,area_code_415,no,no,1,169.5,152,24.37,243.4,115,18.96,117.4,84,6.84,12.2,4,2.07,1,no
USR-11395,斎藤 桃子,MT,61,area_code_415,yes,yes,19,193.9,97,31.82,32.0,136,11.71,169.4,111,11.72,9.5,3,3.74,0,yes
USR-11396,高橋 治,GA,98,area_code_408,no,no,0,189.3,99,34.38,190.5,85,12.81,129.6,108,1.54,7.2,7,4.23,1,no
USR-11397,高橋 裕太,KY,46,area_code_415,no,no,0,182.4,95,31.52,258.8,115,8.33,178.9,118,4.88,11.8,10,3.43,1,no
USR-11398,小川 知実,KS,163,area_code_415,yes,yes,1,184.5,128,37.6,298.6,124,18.31,211.1,97,5.6,10.6,3,2.48,1,yes
USR-11399,佐藤 陽子,WY,133,area_code_415,no,yes,32,172.0,111,18.49,155.3,116,20.75,79.5,100,6.3,11.9,4,3.09,4,no
USR-11400,田中 香織,HI,68,area_code_415,yes,no,0,267.0,94,40.46,218.8,104,17.72,137.7,87,4.52,8.6,3,3.41,0,yes
USR-11401,鈴木 裕樹,OR,134,area_code_415,no,yes,24,255.1,97,47.97,186.3,75,6.2,203.2,113,12.47,8.6,2,1.54,1,yes
USR-11402,中村 くみ子,MN,92,area_code_415,yes,yes,37,253.3,62,34.22,234.2,113,23.49,235.6,99,7.77,10.5,8,3.3,5,no
USR-11403,清水 学,SD,172,area_code_510,no,no,0,177.5,84,6.19,359.3,68,18.81,232.0,139,5.21,12.3,2,4.41,1,no
USR-11404,田中 知実,TN,61,area_code_510,no,no,0,179.5,66,18.61,291.2,114,11.51,217.1,93,6.92,7.9,3,3.42,0,no
USR-11405,前田 幹,OR,81,area_code_510,no,yes,0,185.9,108,26.72,266.1,114,17.32,141.9,81,6.97,14.3,4,3.86,1,yes
USR-11406,木村 さゆり,MT,87,area_code_510,no,yes,31,140.2,110,51.94,287.5,77,15.91,157.0,122,4.76,9.0,3,0.91,2,no
USR-11407,木村 翼,MN,111,area_code_408,no,no,0,242.7,122,39.85,189.7,86,23.4,254.0,110,7.79,9.7,5,2.9,1,no
USR-11408,山本 春香,OK,209,area_code_415,no,yes,1,219.8,79,37.42,210.4,98,18.43,232.6,99,8.2,4.1,3,2.94,0,no
USR-11409,高橋 治,MN,92,area_code_510,no,no,0,259.1,101,25.67,204.4,108,18.49,217.1,95,7.53,9.0,2,2.64,1,no
USR-11410,吉田 裕樹,MS,122,area_code_408,yes,yes,26,242.3,106,32.73,190.9,97,15.73,171.7,111,7.83,12.2,9,3.1,1,no
USR-11411,中川 さゆり,NE,113,area_code_415,no,yes,32,278.9,81,28.85,195.2,92,23.29,251.0,116,8.95,5.9,7,2.97,4,no
USR-11412,佐々木 裕樹,ME,87,area_code_510,no,yes,0,302.7,111,23.39,321.2,103,15.71,226.9,114,5.9,6.3,9,1.8,1,no
USR-11413,林 零,MN,105,area_code_510,no,yes,0,249.0,113,39.23,126.1,128,16.56,126.3,125,7.74,7.3,3,4.84,3,no
USR-11414,坂本 浩,MA,186,area_code_415,no,yes,0,182.9,108,41.84,153.7,82,19.3,71.6,62,3.85,4.2,8,2.69,4,no
USR-11415,鈴木 英樹,LA,161,area_code_408,no,no,0,225.9,112,12.87,157.3,111,20.34,154.4,111,6.74,7.8,1,2.67,1,no
USR-11416,井上 知実,NE,180,area_code_408,no,yes,0,224.9,66,18.68,259.5,103,19.67,136.4,88,7.98,12.0,3,1.28,0,no
USR-11417,橋本 あすか,MI,108,area_code_408,no,no,0,202.5,61,20.65,257.6,117,6.7,185.0,93,4.97,11.5,4,2.85,1,yes
USR-11418,佐藤 千代,AL,45,area_code_510,no,yes,0,255.4,115,22.71,225.1,87,14.01,281.6,61,10.72,12.8,3,3.99,1,yes
USR-11419,後藤 七夏,MO,107,area_code_415,no,yes,0,225.1,90,27.26,225.7,85,20.2,99.7,136,4.96,6.0,10,2.84,1,yes
USR-11420,吉田 花子,RI,199,area_code_510,no,no,32,282.1,85,30.7,255.8,84,22.05,205.3,77,7.39,8.7,3,3.44,1,no
USR-11421,山下 春香,HI,151,area_code_408,no,yes,45,158.1,90,40.0,146.3,132,19.59,285.8,119,8.95,8.8,4,0.0,1,no
USR-11422,伊藤 晃,NV,184,area_code_408,no,no,0,204.6,117,41.68,172.0,44,16.15,215.5,123,3.94,9.9,2,2.46,3,no
USR-11423,中村 千代,OK,121,area_code_408,no,yes,42,303.2,111,19.61,206.1,121,19.19,107.7,115,6.55,7.7,3,2.28,0,no
USR-11424,小林 美加子,ND,94,area_code_415,no,yes,30,212.4,79,37.77,216.2,83,18.16,235.0,60,7.13,15.5,4,3.26,0,no
USR-11425,岡田 七夏,VA,150,area_code_510,no,no,0,137.3,105,36.86,171.5,109,18.83,117.4,71,0.47,14.2,3,2.17,1,no
USR-11426,小林 直子,KS,135,area_code_408,no,yes,32,188.0,93,19.61,218.2,118,20.68,148.9,60,10.53,10.6,9,2.92,0,no
USR-11427,阿部 香織,AK,17,area_code_415,no,no,0,217.3,100,23.31,208.1,136,13.71,149.2,31,8.02,11.2,5,1.88,1,no
USR-11428,山田 修平,MI,129,area_code_510,no,yes,0,198.1,79,6.39,222.1,117,22.55,157.5,60,3.88,9.8,3,2.79,2,no
USR-11429,鈴木 真綾,NH,91,area_code_408,no,yes,23,233.4,99,41.33,312.6,69,7.65,250.2,127,9.14,9.2,5,2.1,1,no
USR-11430,太田 美加子,MT,134,area_code_408,no,no,0,163.7,129,26.34,133.8,102,14.6,227.4,100,10.86,12.8,5,2.79,1,yes
USR-11431,山田 美加子,WI,115,area_code_415,yes,no,0,247.1,83,51.63,111.8,65,17.8,227.3,139,4.13,8.7,7,3.51,1,no
USR-11432,山本 明美,ID,82,area_code_408,no,no,0,91.8,123,31.74,155.5,123,7.02,157.9,75,8.65,9.1,3,1.17,1,no
USR-11433,西村 さゆり,VT,196,area_code_415,no,yes,0,343.7,73,34.94,272.7,93,16.84,207.4,77,7.36,12.8,5,3.24,4,no
USR-11434,鈴木 洋介,FL,99,area_code_415,no,no,0,221.4,65,31.61,189.5,123,15.79,252.6,115,10.81,14.9,7,3.35,1,yes
USR-11435,田中 智也,MI,143,area_code_408,no,yes,31,314.2,82,29.64,187.4,104,20.3,162.4,99,8.89,11.5,9,2.1,2,no
USR-11436,井上 美加子,NM,66,area_code_510,no,yes,0,206.9,77,31.93,302.2,129,23.57,160.2,114,5.27,12.7,3,2.64,1,no
USR-11437,岡本 稔,MO,97,area_code_415,no,yes,30,212.6,93,18.93,174.3,82,24.36,168.3,132,6.4,13.0,5,1.65,2,no
USR-11438,遠藤 篤司,MN,137,area_code_415,no,no,0,200.9,98,37.6,146.6,70,16.12,137.2,108,8.77,9.3,8,2.89,1,no
USR-11439,清水 さゆり,IA,139,area_code_415,no,no,1,225.9,100,29.52,240.4,146,21.54,212.9,78,7.81,3.4,4,2.51,1,no
USR-11440,山本 舞,NM,138,area_code_415,no,no,0,200.6,73,29.16,129.1,94,15.04,171.0,113,9.91,19.6,7,3.16,0,no
USR-11441,斉藤 洋介,NV,114,area_code_408,no,no,0,211.4,82,33.56,236.5,91,16.42,189.4,82,3.17,13.5,3,4.9,1,no
USR-11442,田中 花子,TX,129,area_code_415,no,no,1,202.8,60,30.5,161.1,97,13.18,200.1,105,8.32,7.8,3,3.59,1,yes
USR-11443,佐藤 翔太,MO,169,area_code_510,no,yes,40,194.1,82,40.18,258.1,86,16.19,169.9,108,4.3,11.4,3,1.43,1,no
USR-11444,小川 零,NE,73,area_code_510,no,no,0,119.9,95,28.08,286.9,98,15.93,208.6,60,6.81,20.0,0,3.85,2,yes
USR-11445,斉藤 稔,MS,90,area_code_415,yes,yes,0,285.3,103,24.92,215.2,114,15.46,77.9,94,4.42,8.6,5,2.84,3,yes
USR-11446,清水 春香,LA,101,area_code_510,no,no,0,209.0,113,20.73,250.4,125,14.54,172.0,44,8.57,12.2,3,3.12,3,no
USR-11447,小川 淳,AZ,126,area_code_510,no,no,0,335.6,97,59.76,229.6,104,7.2,285.7,174,1.6,2.8,6,3.27,2,no
USR-11448,池田 翼,IL,129,area_code_408,yes,yes,0,273.9,70,26.44,232.9,106,21.23,173.9,110,5.49,8.5,5,2.31,1,no
USR-11449,高橋 淳,PA,94,area_code_408,no,no,0,219.8,92,24.84,276.5,153,16.21,167.1,89,1.87,6.8,7,3.24,0,no
USR-11450,岡本 翼,SD,122,area_code_415,no,no,0,147.5,120,39.29,170.0,113,15.89,218.0,95,9.03,7.7,3,1.7,2,yes
USR-11451,斉藤 直子,MI,78,area_code_408,no,no,0,283.4,107,34.96,231.2,137,10.71,36.7,111,3.82,9.2,3,2.4,1,no
USR-11452,小川 治,AK,101,area_code_415,no,no,0,172.1,100,33.95,96.1,127,13.94,159.8,92,8.55,9.1,6,2.88,1,no
USR-11453,井上 直子,IL,81,area_code_510,no,no,0,140.0,83,25.46,229.9,145,14.54,127.7,105,8.56,11.3,3,3.42,1,yes
USR-11454,清水 明美,AR,128,area_code_510,yes,no,33,300.7,86,48.59,300.4,93,22.34,259.9,103,11.24,12.3,2,3.2,0,yes
USR-11455,伊藤 千代,NV,100,area_code_510,no,yes,0,222.0,126,31.69,242.0,97,21.12,135.3,113,5.78,14.9,3,3.17,1,no
USR-11456,中村 直樹,KS,135,area_code_415,yes,no,0,160.3,60,36.98,141.4,130,23.29,174.0,76,3.74,18.8,4,3.05,0,yes
USR-11457,伊藤 亮介,AL,92,area_code_408,yes,no,0,269.2,123,29.86,201.7,79,17.3,139.7,85,2.22,11.2,3,3.46,1,yes
USR-11458,小林 洋介,DE,99,area_code_415,no,no,19,215.9,106,28.28,194.4,112,16.25,210.7,90,11.22,14.0,3,2.76,2,no
USR-11459,阿部 さゆり,NC,147,area_code_415,yes,no,0,283.1,111,32.36,326.1,131,19.08,222.3,87,11.31,8.2,3,4.36,2,yes
USR-11460,近藤 淳,DC,174,area_code_408,yes,no,0,222.1,109,37.34,138.9,126,17.37,253.3,85,5.46,0.0,3,2.51,0,yes
USR-11461,伊藤 健一,TN,150,area_code_415,no,yes,30,158.4,100,27.96,171.4,67,11.16,127.0,102,7.36,13.6,3,2.83,1,no
USR-11462,佐藤 明美,CT,75,area_code_415,no,yes,0,124.3,95,41.54,105.8,91,18.45,102.6,72,6.51,17.1,2,4.49,0,no
USR-11463,太田 舞,MD,103,area_code_415,no,no,0,153.6,88,21.44,214.6,128,15.55,200.1,87,12.39,10.8,9,3.6,2,no
USR-11464,吉田 洋介,VA,92,area_code_415,no,yes,0,184.3,105,8.9,161.6,94,22.28,130.6,57,9.13,11.6,5,3.81,1,no
USR-11465,木村 裕美子,DE,32,area_code_510,no,yes,42,227.4,107,20.46,183.8,122,13.48,245.4,73,4.29,13.8,5,2.06,0,no
USR-11466,林 明美,DE,66,area_code_415,no,no,0,223.5,44,42.57,226.3,97,16.72,133.6,77,5.19,13.8,3,3.39,2,yes
USR-11467,鈴木 加奈,OR,132,area_code_510,no,no,0,234.5,110,28.82,259.4,77,18.5,172.9,154,6.19,12.4,6,2.24,1,yes
USR-11468,斎藤 洋介,HI,99,area_code_510,no,yes,35,160.9,71,52.96,314.9,102,15.93,197.7,74,9.75,9.8,9,2.4,1,no
USR-11469,佐藤 結衣,MN,110,area_code_415,no,yes,0,259.1,88,37.78,255.4,107,17.64,186.2,111,6.8,8.4,3,3.07,0,no
USR-11470,佐藤 舞,SC,120,area_code_510,no,no,31,214.8,122,29.28,234.1,117,11.49,144.2,133,8.84,6.9,3,2.81,0,yes
USR-11471,岡田 千代,IN,101,area_code_415,no,no,0,191.6,118,42.03,253.8,102,22.18,131.8,111,4.22,12.2,3,1.09,1,no
USR-11472,阿部 さゆり,MA,192,area_code_415,no,yes,39,351.5,41,36.43,284.7,128,20.45,240.6,114,6.29,4.8,2,3.04,1,no
USR-11473,吉田 智也,GA,175,area_code_510,no,yes,39,183.9,129,31.84,286.0,124,21.64,177.1,93,8.09,15.0,2,3.56,1,no
USR-11474,伊藤 舞,AK,120,area_code_510,no,no,0,327.3,84,40.39,192.3,81,13.42,173.8,102,2.3,7.6,3,2.0,1,yes
USR-11475,中村 加奈,NV,91,area_code_510,no,no,32,175.2,64,21.67,184.3,82,7.28,195.9,87,7.63,11.8,3,4.11,1,no
USR-11476,遠藤 智也,NC,83,area_code_510,no,yes,26,193.1,54,34.83,196.9,75,14.88,190.3,148,7.85,12.0,4,3.17,0,no
USR-11477,吉田 七夏,NY,95,area_code_415,no,yes,44,248.6,117,36.53,242.9,119,14.81,137.9,132,6.64,7.9,2,2.54,4,no
USR-11478,山田 里佳,NY,194,area_code_510,no,yes,40,108.0,107,30.62,310.9,142,17.44,211.5,55,7.73,10.2,10,2.95,0,no
USR-11479,高橋 知実,MT,162,area_code_510,yes,yes,0,140.2,107,25.54,262.3,95,19.77,114.6,90,9.12,9.8,6,1.83,1,no
USR-11480,高橋 零,OK,128,area_code_510,no,yes,49,247.3,99,36.55,157.4,79,22.94,188.0,96,12.11,10.9,3,2.77,2,no
USR-11481,鈴木 加奈,MA,103,area_code_408,no,yes,0,315.6,107,40.94,216.6,83,16.6,304.1,114,14.05,10.4,4,1.78,1,no
USR-11482,橋本 桃子,NY,63,area_code_415,no,no,18,201.2,131,23.21,215.6,112,13.82,163.7,115,8.24,6.3,3,1.43,3,no
USR-11483,佐藤 くみ子,WY,177,area_code_415,no,yes,0,172.4,51,51.57,192.9,135,28.41,221.9,109,10.02,9.6,5,2.35,1,no
USR-11484,坂本 あすか,ME,215,area_code_408,no,yes,0,243.1,119,15.25,40.4,150,18.05,273.8,118,6.17,7.6,6,1.78,2,no
USR-11485,高橋 美加子,OH,102,area_code_415,no,no,0,226.5,101,35.92,256.8,109,22.62,226.2,138,9.3,5.8,9,3.59,4,no
USR-11486,佐々木 里佳,CO,43,area_code_510,no,no,0,164.8,103,40.59,148.2,82,24.65,175.8,94,6.07,13.1,2,3.34,1,no
USR-11487,小林 幹,AK,123,area_code_408,no,no,0,210.8,80,37.24,172.1,137,10.32,185.4,93,5.45,9.0,3,2.79,4,no
USR-11488,井上 幹,MA,111,area_code_415,no,yes,0,223.8,96,31.66,134.3,109,18.91,150.2,89,15.06,11.7,3,2.61,1,no
USR-11489,佐々木 真綾,AR,115,area_code_415,yes,no,0,256.8,87,37.43,141.9,91,27.87,181.8,88,13.84,10.4,8,2.55,1,no
USR-11490,鈴木 桃子,UT,182,area_code_415,no,yes,26,248.0,95,37.75,139.1,102,10.27,257.9,148,3.88,4.0,3,2.9,1,no
USR-11491,佐々木 洋介,OK,141,area_code_415,no,no,40,203.4,109,36.09,184.9,73,16.09,57.8,125,7.2,14.6,7,2.04,1,yes
USR-11492,渡辺 直子,HI,140,area_code_408,yes,yes,33,164.3,102,19.76,194.6,89,18.39,101.5,66,10.87,10.2,3,3.67,2,no
USR-11493,青木 零,AZ,13,area_code_415,no,no,0,135.5,85,24.68,195.3,88,18.41,189.4,96,8.39,13.2,2,2.99,0,no
USR-11494,伊藤 あすか,PA,97,area_code_408,no,yes,0,201.6,128,21.16,196.4,96,8.1,175.9,134,11.12,12.5,2,2.33,1,no
USR-11495,高橋 知実,AR,99,area_code_510,yes,no,0,232.4,69,29.83,142.0,118,16.63,133.5,104,7.34,13.2,7,3.09,4,no
USR-11496,佐藤 浩,NH,70,area_code_510,yes,yes,35,147.8,105,32.35,140.5,89,11.23,146.5,105,9.12,7.9,3,3.14,1,no
USR-11497,森 結衣,NY,131,area_code_415,no,yes,29,190.9,106,34.82,242.7,111,12.47,156.4,112,8.18,8.0,10,3.5,1,yes
USR-11498,山崎 七夏,IN,218,area_code_415,no,no,0,197.5,77,51.35,156.2,101,9.86,117.3,88,2.95,7.8,3,2.41,1,no
USR-11499,石井 七夏,WA,100,area_code_408,no,yes,34,118.5,100,25.51,189.0,90,15.66,157.0,98,10.94,11.5,4,1.88,2,no
USR-11500,中島 裕樹,CO,132,area_code_415,no,no,32,172.6,104,34.81,186.8,133,23.94,208.9,103,10.5,4.7,5,2.86,0,yes
USR-11501,山下 亮介,KY,94,area_code_510,no,yes,31,207.4,100,25.13,173.2,103,17.22,210.4,127,8.64,11.5,8,4.08,1,no
USR-11502,佐藤 裕樹,MS,175,area_code_408,no,yes,0,227.8,99,18.45,175.1,129,17.0,199.9,93,9.21,8.6,4,4.05,1,no
USR-11503,山田 修平,OH,76,area_code_415,no,no,0,122.3,84,21.41,250.3,109,15.25,128.8,87,7.9,8.4,5,3.21,0,no
USR-11504,田中 英樹,AL,54,area_code_510,no,no,0,250.8,77,17.6,175.1,111,19.17,172.1,90,6.03,10.6,7,2.55,1,yes
USR-11505,松本 英樹,PA,92,area_code_415,no,yes,29,246.5,117,35.95,280.8,107,18.55,176.3,100,7.73,9.6,3,2.61,4,no
USR-11506,山口 美加子,OK,56,area_code_415,yes,yes,40,158.3,61,28.53,195.6,123,21.97,194.9,69,7.4,11.3,3,4.02,1,no
USR-11507,阿部 明美,TN,78,area_code_510,no,no,0,223.6,98,45.6,147.5,124,19.16,192.0,83,11.41,9.2,3,3.3,1,no
USR-11508,藤田 直子,CO,110,area_code_415,no,no,0,179.7,101,23.81,212.1,144,11.95,167.6,101,7.06,8.6,3,1.73,2,yes
USR-11509,中村 稔,NV,169,area_code_408,no,no,0,69.9,73,31.42,288.3,120,20.95,185.8,53,12.93,14.2,3,3.01,1,no
USR-11510,清水 あすか,SD,70,area_code_408,no,no,1,221.3,122,40.02,169.7,80,20.62,138.5,102,4.76,7.4,7,1.66,2,no
USR-11511,山口 直子,TX,98,area_code_408,no,yes,48,214.4,96,28.97,302.8,77,28.34,163.3,96,8.42,3.9,9,0.0,1,no
USR-11512,橋本 結衣,IA,117,area_code_415,no,no,0,327.6,102,24.95,161.1,117,19.48,82.9,59,10.1,10.8,8,3.75,1,no
USR-11513,山本 英樹,RI,96,area_code_510,no,no,0,210.7,105,35.85,176.1,111,17.95,136.9,142,9.52,8.7,3,1.86,1,no
USR-11514,渡辺 稔,NV,173,area_code_415,no,no,0,167.4,95,37.01,152.3,111,19.84,194.6,73,4.53,12.5,3,2.95,1,no
USR-11515,坂本 花子,WA,151,area_code_510,yes,no,0,220.3,104,32.89,173.1,113,7.03,191.6,103,3.73,11.5,3,2.75,0,no
USR-11516,吉田 拓真,AL,74,area_code_415,yes,no,0,209.2,92,42.52,206.9,98,18.28,206.4,82,4.16,15.5,1,2.53,1,yes
USR-11517,石井 さゆり,OH,9,area_code_408,no,no,0,278.3,113,31.78,152.7,107,13.71,234.3,97,9.67,14.4,2,4.1,0,no
USR-11518,森 里佳,NH,90,area_code_408,no,yes,0,239.5,125,45.35,233.2,101,9.96,195.7,105,11.57,9.7,6,1.84,1,no
USR-11519,石井 京助,IL,78,area_code_408,no,yes,0,155.9,95,41.36,234.3,114,11.45,147.8,153,6.64,10.9,6,2.41,2,no
USR-11520,井上 知実,CT,97,area_code_415,no,no,35,196.6,67,31.73,177.5,104,19.02,208.4,79,10.41,11.7,3,2.97,3,no
USR-11521,高橋 康弘,IL,53,area_code_415,no,no,36,171.4,97,35.95,190.6,105,22.6,164.2,113,9.07,11.3,5,3.47,0,no
USR-11522,伊藤 里佳,UT,15,area_code_415,no,yes,35,134.6,92,27.81,133.2,98,8.47,169.4,71,8.06,12.5,3,2.71,1,no
USR-11523,木村 あすか,DE,65,area_code_408,no,no,35,323.7,49,33.13,166.5,129,19.44,193.3,108,6.86,9.8,3,2.67,1,no
USR-11524,斉藤 真綾,AR,56,area_code_415,no,yes,38,231.0,111,34.43,48.5,94,6.74,155.0,110,6.41,9.4,3,2.02,1,no
USR-11525,森 くみ子,FL,26,area_code_415,yes,no,1,183.4,100,22.3,220.6,130,19.03,190.3,96,7.05,17.4,5,3.13,1,no
USR-11526,吉田 充,ME,166,area_code_415,no,yes,40,206.3,97,26.17,298.3,96,24.22,232.8,48,9.84,11.9,10,3.43,3,no
USR-11527,三浦 充,NJ,161,area_code_415,no,no,0,69.0,125,35.56,221.5,138,21.19,236.2,67,11.18,7.8,3,2.81,0,no
USR-11528,山本 翔太,CT,173,area_code_408,no,yes,0,206.1,102,22.73,269.7,139,22.92,204.4,122,7.85,5.6,3,3.57,0,no
USR-11529,高橋 さゆり,ID,94,area_code_408,yes,no,0,202.4,116,27.56,158.3,84,13.88,102.8,109,13.19,10.4,3,1.83,4,yes
USR-11530,遠藤 春香,MT,201,area_code_415,no,yes,0,232.4,64,20.19,231.0,63,18.65,178.9,71,4.29,13.8,9,2.68,1,no
USR-11531,藤田 花子,AL,56,area_code_415,no,no,0,150.6,61,50.36,270.5,102,17.46,156.7,71,5.13,13.4,7,2.75,1,no
USR-11532,高橋 直子,KY,157,area_code_408,yes,yes,0,293.1,96,17.42,238.2,119,17.88,257.3,70,8.7,14.9,2,3.49,1,yes
USR-11533,鈴木 陽一,ND,129,area_code_510,no,yes,41,187.7,108,29.18,219.7,82,19.02,180.5,80,11.55,10.4,3,2.75,2,no
USR-11534,木村 幹,LA,119,area_code_408,yes,no,28,179.6,121,39.09,177.6,68,9.86,200.2,143,8.85,12.3,7,2.78,2,no
USR-11535,村上 治,IN,103,area_code_415,no,no,0,206.0,86,51.97,113.0,107,26.43,162.5,65,8.57,11.5,4,3.71,0,no
USR-11536,高橋 陽一,ME,181,area_code_408,no,yes,0,285.4,96,38.24,196.2,74,21.59,170.9,137,9.42,12.3,2,4.09,2,no
USR-11537,池田 太郎,MT,160,area_code_408,yes,yes,0,178.8,87,35.89,175.1,124,15.89,186.3,89,3.11,10.3,8,4.22,1,no
USR-11538,加藤 拓真,VA,78,area_code_415,yes,yes,0,176.9,92,38.56,196.8,155,17.67,170.8,90,7.85,12.9,5,2.69,1,no
USR-11539,井上 康弘,KY,98,area_code_510,no,no,26,180.1,96,28.3,274.7,94,15.61,233.7,78,9.01,14.2,3,3.36,2,no
USR-11540,山田 裕太,IN,114,area_code_415,no,yes,0,186.3,88,27.48,316.0,114,17.15,163.5,63,6.74,11.2,3,3.82,1,no
USR-11541,藤井 京助,NJ,33,area_code_415,no,no,0,222.2,88,26.69,198.4,86,15.59,279.0,140,10.35,9.3,3,1.97,1,no
USR-11542,後藤 拓真,HI,111,area_code_415,no,no,0,172.3,118,25.44,345.4,102,22.26,224.0,100,10.21,10.5,3,2.98,4,no
USR-11543,後藤 英樹,AK,197,area_code_415,no,no,0,279.7,101,39.5,198.1,99,16.54,162.9,102,7.41,8.4,3,3.83,0,yes
USR-11544,鈴木 直子,DC,20,area_code_415,yes,no,0,126.1,108,45.42,147.4,92,17.95,114.6,99,5.82,15.0,3,5.28,2,no
USR-11545,前田 拓真,CA,81,area_code_415,no,no,0,190.6,100,40.14,188.3,99,14.31,177.6,120,7.52,7.6,3,2.69,4,yes
USR-11546,伊藤 英樹,CO,159,area_code_415,yes,yes,0,209.4,77,36.75,214.4,107,13.96,127.6,94,5.39,9.2,2,2.02,1,no
USR-11547,太田 知実,FL,116,area_code_415,no,yes,25,186.2,84,32.2,150.7,101,17.35,183.0,113,4.19,10.0,5,3.95,7,no
USR-11548,石川 学,NH,124,area_code_415,no,no,0,204.9,128,27.97,204.9,102,23.23,238.8,72,9.73,9.7,6,2.6,4,no
USR-11549,後藤 稔,ME,51,area_code_415,no,no,1,238.2,102,29.78,198.2,107,18.12,184.6,94,4.55,12.9,8,2.75,1,no
USR-11550,山下 結衣,MT,111,area_code_408,no,no,0,209.7,82,46.7,250.9,115,18.17,206.6,87,9.39,8.8,8,2.15,1,yes
USR-11551,松本 淳,WY,101,area_code_408,yes,yes,43,233.2,96,36.07,281.8,107,23.63,201.6,116,7.09,10.8,8,2.18,0,yes
USR-11552,中村 京助,DC,42,area_code_415,yes,yes,40,238.1,115,21.53,236.3,121,15.2,138.9,54,8.23,8.8,7,3.25,1,no
USR-11553,清水 治,TX,150,area_code_415,no,no,0,218.3,118,35.88,253.1,90,13.52,234.7,97,2.02,9.7,8,2.53,0,no
USR-11554,小林 康弘,AL,74,area_code_510,no,no,32,111.3,110,19.83,263.5,102,19.51,150.5,117,11.31,14.7,7,1.85,1,yes
USR-11555,伊藤 美加子,DC,116,area_code_510,no,yes,42,201.1,131,43.56,261.0,94,18.91,173.0,137,6.73,12.6,8,1.96,1,yes
USR-11556,山田 浩,OK,101,area_code_510,no,yes,1,159.9,100,35.84,127.4,147,18.37,147.2,92,5.35,7.7,3,2.1,4,no
USR-11557,伊藤 香織,CT,48,area_code_408,no,yes,34,153.4,108,36.49,211.0,98,16.5,208.5,101,6.9,13.7,3,0.46,1,no
USR-11558,西村 康弘,AK,95,area_code_510,no,no,0,161.4,100,40.24,192.3,129,17.05,230.4,104,5.74,11.3,3,2.65,0,no
USR-11559,中川 翔太,AK,154,area_code_510,no,no,0,266.5,82,49.24,201.0,86,18.34,198.6,53,5.02,14.7,3,2.74,0,yes
USR-11560,森 くみ子,MT,155,area_code_510,no,yes,26,164.7,107,43.35,138.0,112,16.98,142.6,86,2.16,9.9,4,2.38,1,no
USR-11561,鈴木 翔太,GA,96,area_code_408,no,no,0,241.4,75,16.24,240.7,87,15.45,203.5,66,4.28,5.7,3,2.98,4,no
USR-11562,森 淳,AR,214,area_code_415,yes,no,0,132.2,89,34.46,209.3,121,9.65,204.7,140,12.67,7.7,3,2.37,1,no
USR-11563,加藤 京助,IN,98,area_code_415,no,yes,25,303.4,76,33.07,135.7,133,1.23,124.0,105,0.81,9.1,2,3.92,1,no
USR-11564,高橋 零,MS,76,area_code_510,no,yes,19,244.4,107,35.09,267.0,101,18.45,287.9,152,8.41,8.4,5,1.95,1,no
USR-11565,小川 京助,WY,77,area_code_408,no,yes,49,206.7,103,31.37,316.0,136,16.31,183.2,124,11.66,5.1,3,3.11,0,no
USR-11566,伊藤 舞,KS,89,area_code_510,no,no,0,252.9,123,45.55,123.0,115,17.26,139.0,87,4.15,12.4,5,2.91,0,yes
USR-11567,三浦 桃子,AR,158,area_code_415,no,no,0,172.5,56,47.31,161.1,115,21.08,241.2,93,9.74,9.2,4,4.15,1,no
USR-11568,佐々木 篤司,OR,93,area_code_415,no,yes,0,213.4,88,35.25,188.9,114,20.76,265.8,94,4.33,11.7,3,3.06,3,no
USR-11569,木村 真綾,CT,63,area_code_510,no,yes,41,211.0,91,21.38,238.0,137,14.01,126.2,67,4.0,11.2,5,1.87,3,no
USR-11570,高橋 篤司,DE,131,area_code_408,no,no,0,287.3,79,34.5,240.5,63,11.34,279.8,87,9.53,10.5,3,3.08,2,no
USR-11571,藤井 裕太,WI,125,area_code_408,no,yes,0,159.1,98,34.92,290.6,64,21.49,164.8,148,6.34,5.8,7,1.74,3,no
USR-11572,清水 知実,NE,111,area_code_408,no,no,0,215.6,90,37.03,194.1,74,12.4,211.9,106,11.57,8.9,3,3.43,0,no
USR-11573,中村 零,MT,79,area_code_415,yes,yes,35,248.3,112,35.41,228.7,117,18.67,168.9,104,5.92,4.7,3,3.42,2,no
USR-11574,山本 直樹,IL,158,area_code_415,no,no,33,164.2,116,26.74,197.1,106,24.33,99.7,46,7.74,13.4,9,2.46,0,no
USR-11575,井上 治,NC,168,area_code_415,no,no,31,110.1,118,47.14,197.6,115,25.48,237.6,80,6.29,6.9,6,2.11,2,no
USR-11576,山本 香織,CT,108,area_code_415,no,yes,0,224.0,146,27.82,71.9,67,15.81,193.8,93,9.31,11.8,5,4.47,1,yes
USR-11577,後藤 里佳,MN,157,area_code_415,yes,no,41,235.6,102,16.83,156.8,121,12.59,85.2,113,8.4,12.1,3,3.34,2,no
USR-11578,藤井 桃子,VT,125,area_code_408,no,no,0,278.1,101,30.75,181.8,109,16.55,186.6,71,9.44,6.5,6,2.33,1,no
USR-11579,小川 里佳,OR,163,area_code_415,no,no,0,224.6,111,55.58,190.4,72,19.09,147.0,128,10.11,5.5,4,2.75,1,yes
USR-11580,山口 治,WA,67,area_code_415,no,no,0,246.6,110,22.68,216.8,92,23.9,265.6,88,6.03,8.9,3,3.39,2,no
USR-11581,後藤 七夏,MA,79,area_code_408,no,no,26,210.9,127,27.62,209.0,106,12.13,136.4,126,4.01,4.8,3,2.16,2,no
USR-11582,井上 千代,MA,20,area_code_510,no,no,0,129.9,109,35.48,58.6,87,19.0,94.8,87,8.25,13.2,3,2.79,0,no
USR-11583,高橋 加奈,CO,220,area_code_510,no,yes,26,161.6,86,46.56,246.1,137,15.53,249.9,127,9.25,11.9,3,3.2,1,yes
USR-11584,村上 健一,HI,180,area_code_510,yes,no,0,303.8,160,20.04,146.8,93,22.18,147.4,89,7.81,11.0,3,2.86,4,no
USR-11585,佐藤 修平,IL,75,area_code_415,yes,yes,0,241.8,89,44.1,286.5,89,20.75,218.4,170,8.87,9.8,3,0.71,1,no
USR-11586,高橋 加奈,IN,122,area_code_415,no,no,0,216.5,63,42.67,198.5,69,20.88,239.1,141,5.8,11.4,3,5.25,1,no
USR-11587,藤田 さゆり,NH,74,area_code_415,no,no,0,223.0,102,52.87,253.6,90,16.41,160.6,68,4.99,7.8,3,2.55,2,no
USR-11588,前田 裕樹,NM,90,area_code_408,no,no,0,314.1,96,29.59,187.7,98,14.34,130.0,118,1.32,12.4,3,2.49,1,no
USR-11589,鈴木 幹,ID,78,area_code_510,no,no,0,179.2,62,17.95,156.7,124,18.42,202.4,116,10.45,14.8,4,2.75,1,yes
USR-11590,坂本 直子,TN,117,area_code_510,no,no,41,129.0,114,34.59,215.1,132,17.78,147.4,101,8.4,9.6,3,3.51,2,no
USR-11591,加藤 康弘,IL,87,area_code_415,no,no,0,177.6,112,32.47,234.5,149,17.46,195.3,98,4.98,12.4,3,3.43,2,yes
USR-11592,林 花子,LA,114,area_code_415,no,no,0,281.3,79,43.41,175.8,112,17.08,252.3,88,11.38,5.7,3,2.25,2,no
USR-11593,山口 稔,NM,105,area_code_510,no,yes,0,200.6,91,47.03,130.1,80,17.11,221.4,120,8.71,9.9,3,2.54,1,no
USR-11594,坂本 和也,TN,101,area_code_408,no,no,37,158.9,133,34.3,231.1,116,13.37,74.1,123,9.01,11.8,2,2.36,1,no
USR-11595,石川 治,MD,112,area_code_415,no,no,0,187.2,114,31.1,191.0,130,17.91,156.8,101,5.34,9.6,9,3.37,1,no
USR-11596,田中 さゆり,CO,95,area_code_510,no,no,31,35.0,131,33.63,242.0,109,10.18,185.6,156,10.39,6.9,3,2.13,1,yes
USR-11597,山田 真綾,CO,103,area_code_510,no,no,0,242.6,75,48.8,216.8,68,22.28,157.3,91,4.04,17.2,3,4.02,1,no
USR-11598,高橋 修平,SD,161,area_code_408,no,no,0,238.0,95,36.48,113.5,73,17.28,202.8,60,6.62,11.0,3,3.85,1,no
USR-11599,山田 くみ子,NY,67,area_code_415,no,no,0,195.9,117,18.03,182.9,99,18.0,250.6,134,7.0,8.5,3,2.24,0,no
USR-11600,鈴木 桃子,IN,88,area_code_510,no,no,0,203.7,113,31.77,240.8,80,9.04,139.5,77,6.8,9.6,3,3.26,0,no
USR-11601,加藤 修平,MD,85,area_code_415,no,yes,27,210.0,84,43.61,150.5,94,8.64,223.6,111,8.55,12.9,3,2.8,1,no
USR-11602,佐々木 明美,NY,133,area_code_408,yes,no,0,190.8,103,22.99,262.4,96,19.69,141.6,75,7.74,13.1,3,3.26,1,no
USR-11603,小林 陽子,ID,220,area_code_408,no,no,0,255.0,95,30.8,211.6,100,15.68,150.0,115,4.14,8.2,7,2.62,2,no
USR-11604,小川 舞,MS,117,area_code_510,no,yes,31,201.8,113,40.32,222.8,66,12.96,210.3,96,5.75,9.3,3,2.84,2,no
USR-11605,太田 翼,IL,83,area_code_415,no,yes,30,135.5,109,28.75,163.9,87,13.39,266.1,104,6.72,5.6,8,2.04,1,no
USR-11606,木村 裕美子,MT,79,area_code_408,no,yes,38,327.0,83,37.55,267.1,44,14.95,300.4,97,12.12,12.2,3,3.27,1,yes
USR-11607,岡田 篤司,IL,108,area_code_510,no,no,0,224.9,124,35.03,210.3,106,21.42,222.8,101,11.01,8.0,3,3.19,1,yes
USR-11608,山田 翔太,VA,148,area_code_510,yes,no,1,319.8,87,23.56,268.9,115,7.97,133.9,111,10.19,10.2,6,2.58,0,no
USR-11609,山口 美加子,MA,102,area_code_415,no,yes,0,221.3,118,23.09,259.2,85,19.42,156.8,136,4.46,11.2,3,3.37,1,no
USR-11610,山本 直子,ME,65,area_code_408,no,yes,29,264.9,77,39.0,210.0,100,13.86,223.1,88,7.82,8.6,4,2.67,2,no
USR-11611,佐藤 太一,NC,82,area_code_415,no,no,0,152.5,112,37.17,121.4,112,20.47,196.5,114,7.84,11.1,9,3.45,1,no
USR-11612,山本 あすか,AL,119,area_code_415,no,no,0,217.1,81,32.44,221.1,94,15.82,110.7,101,8.59,7.0,3,2.19,1,no
USR-11613,橋本 裕美子,OR,207,area_code_415,no,yes,0,248.5,131,42.8,165.0,115,19.7,191.9,96,4.9,11.9,3,3.07,1,yes
USR-11614,石井 加奈,CO,93,area_code_415,no,yes,22,216.5,50,29.89,231.6,106,23.39,163.5,118,10.62,9.7,3,2.58,1,no
USR-11615,高橋 聡太郎,KY,78,area_code_415,no,no,0,225.7,106,30.18,182.7,170,19.95,185.3,69,5.84,5.7,6,3.14,1,yes
USR-11616,高橋 洋介,NM,110,area_code_415,no,yes,38,224.1,88,54.87,220.4,84,19.44,190.9,91,6.5,5.6,5,1.63,1,no
USR-11617,長谷川 智也,NC,147,area_code_408,no,yes,38,249.2,82,44.57,242.6,100,12.1,195.7,78,10.98,6.0,4,2.63,0,no
USR-11618,鈴木 亮介,ME,103,area_code_510,yes,no,1,351.5,83,22.47,204.4,125,22.14,139.5,84,4.92,7.5,3,2.42,2,no
USR-11619,山本 結衣,WV,71,area_code_415,no,no,0,286.7,126,17.88,209.5,115,23.81,166.0,125,7.73,7.8,7,1.17,1,yes
USR-11620,小林 拓真,MT,171,area_code_415,no,yes,25,188.1,105,44.31,227.0,111,19.96,225.6,112,5.38,8.8,4,2.05,0,no
USR-11621,西村 春香,OK,137,area_code_415,no,yes,1,248.3,79,44.75,262.3,125,16.41,150.5,73,8.7,8.4,6,4.5,1,no
USR-11622,佐藤 舞,OH,28,area_code_408,no,no,0,175.7,55,40.69,248.3,106,16.23,160.1,79,4.28,6.9,3,2.56,0,no
USR-11623,佐々木 幹,WI,116,area_code_408,yes,yes,0,223.5,93,39.22,182.6,102,13.74,192.8,116,6.42,6.1,11,3.14,1,yes
USR-11624,伊藤 桃子,MN,148,area_code_415,no,no,1,138.7,86,27.37,202.2,102,25.14,214.0,70,7.94,12.8,6,3.06,2,no
USR-11625,小林 涼平,AL,73,area_code_408,yes,no,0,209.9,99,40.78,166.2,102,13.95,80.1,96,8.17,7.0,1,3.15,1,yes
USR-11626,福田 翼,ND,211,area_code_510,no,yes,44,338.5,58,30.32,305.3,100,13.62,152.5,112,0.38,10.1,4,2.06,1,no
USR-11627,坂本 くみ子,IL,88,area_code_415,no,no,0,117.1,113,53.63,204.1,109,12.95,146.6,96,7.05,10.8,3,3.51,1,no
USR-11628,吉田 篤司,NH,59,area_code_415,no,yes,46,176.6,86,28.85,200.3,140,13.24,176.4,73,2.42,6.9,3,4.42,2,no
USR-11629,中島 聡太郎,WY,69,area_code_415,no,no,0,150.9,110,28.81,179.0,131,13.66,183.2,105,7.0,6.7,3,3.26,4,no
USR-11630,福田 直樹,MD,35,area_code_510,no,no,1,175.5,88,49.33,266.3,66,19.1,190.0,111,9.99,9.7,3,0.92,1,no
USR-11631,佐藤 さゆり,FL,95,area_code_510,yes,no,0,170.9,97,38.28,103.6,73,16.36,204.1,125,6.69,16.5,4,2.03,2,no
USR-11632,小林 裕樹,NE,164,area_code_510,no,yes,0,248.9,108,34.86,193.5,59,18.01,176.4,128,6.29,10.8,4,4.14,0,no
USR-11633,斎藤 花子,WI,174,area_code_415,no,no,38,266.8,74,47.01,247.7,134,12.15,208.6,118,14.24,9.8,9,2.7,2,no
USR-11634,高橋 浩,FL,155,area_code_408,yes,no,31,244.8,78,41.89,232.9,126,15.29,205.6,87,8.51,10.4,3,3.11,3,yes
USR-11635,松本 美加子,DC,185,area_code_510,no,yes,27,328.3,99,27.15,275.9,71,19.49,157.8,123,14.02,10.3,3,3.53,0,yes
USR-11636,鈴木 篤司,OR,94,area_code_510,no,no,0,246.8,86,27.77,260.6,101,21.48,265.5,88,9.59,9.6,3,3.26,3,yes
USR-11637,山本 智也,OR,150,area_code_415,no,yes,19,213.7,128,37.84,287.0,131,18.25,240.5,93,10.42,11.2,3,3.21,1,no
USR-11638,中島 篤司,TN,128,area_code_510,no,no,0,135.8,104,23.67,245.4,104,17.24,99.0,73,6.55,12.2,2,4.91,2,no
USR-11639,鈴木 裕美子,ME,53,area_code_510,no,yes,43,228.0,87,33.32,206.4,130,13.69,163.4,75,7.65,6.6,3,2.13,1,no
USR-11640,小林 涼平,DC,121,area_code_408,no,yes,31,173.9,61,32.47,185.7,104,17.99,182.9,102,9.3,10.7,4,2.75,1,no
USR-11641,斎藤 涼平,WI,76,area_code_415,no,no,1,209.1,97,30.2,130.5,112,17.98,124.1,94,4.01,10.5,9,2.6,1,no
USR-11642,佐々木 稔,LA,130,area_code_415,no,yes,25,183.1,106,25.78,335.1,128,19.2,153.4,76,9.61,10.8,9,2.1,1,no
USR-11643,近藤 里佳,MS,96,area_code_415,yes,no,0,203.3,107,46.89,146.7,116,19.26,122.8,85,8.79,11.3,12,3.23,1,yes
USR-11644,斎藤 くみ子,ID,57,area_code_415,no,no,0,227.6,87,29.11,222.4,99,12.47,316.8,166,9.67,11.0,4,1.92,1,no
USR-11645,太田 里佳,AZ,125,area_code_415,no,no,0,259.0,92,34.02,221.9,103,17.97,168.4,92,9.73,13.0,6,3.35,1,yes
USR-11646,鈴木 七夏,SD,87,area_code_415,no,no,0,231.0,118,7.42,184.1,134,18.56,148.2,95,9.02,10.8,5,2.79,2,yes
USR-11647,吉田 修平,NH,140,area_code_415,no,yes,33,283.3,69,30.14,184.6,125,10.57,252.9,97,6.1,8.4,4,2.15,1,no
USR-11648,佐藤 舞,WY,202,area_code_415,no,no,0,256.6,114,15.39,205.3,92,16.12,191.6,95,1.83,10.7,10,2.79,4,no
USR-11649,木村 稔,CO,94,area_code_510,no,yes,35,311.2,104,39.35,200.6,95,22.52,201.2,138,5.42,10.4,3,3.19,2,no
USR-11650,山下 裕美子,VA,102,area_code_510,no,no,23,157.7,85,21.04,147.6,116,18.52,236.7,69,8.89,10.7,6,2.45,1,yes
USR-11651,橋本 陽子,MS,149,area_code_408,no,yes,43,258.4,88,28.63,274.7,94,22.93,300.6,75,4.95,9.1,2,3.3,1,no
USR-11652,鈴木 淳,FL,71,area_code_415,no,yes,0,204.4,114,46.69,123.7,97,22.83,178.8,100,10.37,12.0,3,2.92,1,yes
USR-11653,小林 春香,ME,110,area_code_510,no,no,0,167.9,87,19.7,223.5,132,17.29,169.2,123,10.17,9.9,8,2.19,3,no
USR-11654,佐藤 直樹,NV,101,area_code_408,no,no,0,340.2,91,26.06,281.5,104,15.59,166.9,117,10.95,1.5,2,3.7,0,yes
USR-11655,鈴木 充,NV,209,area_code_408,no,no,0,150.4,79,0.0,158.5,134,23.79,147.5,114,13.73,10.0,7,2.09,1,no
USR-11656,高橋 直樹,MT,37,area_code_408,no,no,0,278.5,69,26.49,219.4,71,18.31,292.7,120,7.79,10.1,3,4.71,1,no
USR-11657,木村 和也,IA,123,area_code_415,no,no,0,227.2,124,27.94,202.2,86,8.6,173.1,94,6.85,12.2,7,4.76,1,no
USR-11658,鈴木 舞,CA,90,area_code_415,no,no,0,154.4,68,36.89,155.2,48,18.47,212.9,91,11.51,10.4,4,2.24,1,yes
USR-11659,山口 あすか,VA,61,area_code_415,no,no,0,233.9,98,41.28,226.5,119,23.01,145.5,114,11.95,4.6,3,2.5,1,no
USR-11660,山崎 直人,NY,100,area_code_408,no,no,1,229.1,106,18.73,177.4,151,16.58,146.0,99,5.52,9.6,3,4.08,2,yes
USR-11661,青木 結衣,NM,132,area_code_415,no,yes,0,222.6,91,40.36,244.8,110,18.87,222.6,95,9.62,9.7,9,2.8,1,no
USR-11662,佐藤 美加子,MN,135,area_code_408,no,yes,0,184.1,69,38.09,151.8,102,9.97,140.7,47,8.32,9.6,1,3.86,1,no
USR-11663,阿部 充,MA,187,area_code_510,no,no,25,324.9,78,43.23,157.0,104,16.65,298.6,93,5.28,5.2,4,2.65,0,no
USR-11664,森 亮介,IN,25,area_code_510,no,no,1,181.9,113,34.7,129.2,93,17.15,244.0,89,6.36,9.9,4,2.43,0,no
USR-11665,長谷川 修平,MA,52,area_code_415,yes,yes,0,195.7,87,20.75,213.0,108,28.21,216.8,124,10.32,11.5,3,2.66,1,no
USR-11666,山本 花子,CA,122,area_code_510,yes,no,0,247.9,120,26.48,210.5,118,15.98,151.2,46,2.18,0.0,3,3.07,2,yes
USR-11667,高橋 裕太,KY,78,area_code_510,no,yes,33,226.3,81,20.3,260.2,101,19.02,256.0,48,8.33,12.6,3,2.35,1,no
USR-11668,清水 加奈,NE,71,area_code_408,no,yes,35,180.9,114,36.14,216.3,122,17.17,182.1,109,8.61,10.5,9,3.21,1,no
USR-11669,長谷川 拓真,IL,81,area_code_415,no,yes,37,161.8,98,17.2,289.0,100,28.71,136.7,93,2.94,2.8,8,3.24,0,no
USR-11670,高橋 浩,WA,153,area_code_510,no,no,29,175.9,121,23.63,205.8,111,18.33,175.6,114,9.23,10.6,4,1.49,0,no
USR-11671,鈴木 康弘,MA,53,area_code_510,no,yes,0,169.0,86,19.73,282.0,132,19.68,218.2,86,10.43,8.7,3,3.56,0,no
USR-11672,山本 篤司,MN,102,area_code_415,yes,no,44,134.7,118,27.73,192.3,96,5.86,158.6,142,5.78,13.6,3,1.39,1,yes
USR-11673,太田 涼平,MT,59,area_code_415,no,no,0,292.9,118,23.01,180.2,105,18.63,157.0,110,9.72,8.4,3,4.45,1,no
USR-11674,伊藤 稔,MO,122,area_code_510,no,yes,0,242.7,101,47.08,161.0,91,17.5,153.9,130,4.95,7.4,8,1.05,2,no
USR-11675,石川 陽一,RI,126,area_code_415,no,no,1,351.5,44,24.37,251.2,126,20.65,126.5,113,5.01,9.2,3,2.2,1,no
USR-11676,山本 舞,PA,73,area_code_415,yes,no,0,244.0,89,43.91,208.0,108,9.81,206.3,93,4.42,8.3,3,1.94,0,yes
USR-11677,鈴木 花子,ID,119,area_code_510,yes,yes,0,190.1,80,32.03,205.2,116,13.5,287.9,92,10.48,0.0,7,2.3,2,no
USR-11678,三浦 美加子,IA,95,area_code_408,no,no,31,190.5,81,32.82,302.1,107,14.51,183.7,72,3.49,5.2,3,2.95,2,no
USR-11679,伊藤 香織,FL,121,area_code_415,no,no,0,302.6,103,29.38,308.9,108,15.78,184.1,94,11.91,8.0,8,3.39,0,yes
USR-11680,山崎 裕樹,CT,68,area_code_415,no,yes,41,211.0,115,22.65,176.8,103,19.73,153.5,144,3.27,12.5,3,1.82,4,no
USR-11681,中島 陽子,TN,72,area_code_510,no,yes,1,223.6,48,37.18,264.1,114,25.17,212.4,73,6.7,12.7,4,3.33,2,no
USR-11682,斎藤 翔太,UT,77,area_code_415,no,yes,36,160.6,68,44.24,154.1,133,15.07,196.3,77,9.45,8.7,4,3.8,3,no
USR-11683,鈴木 明美,CA,119,area_code_510,no,no,27,192.4,161,21.5,203.0,60,12.74,169.5,109,12.86,11.5,7,3.38,2,yes
USR-11684,伊藤 真綾,WA,57,area_code_415,no,no,0,213.4,55,41.02,318.1,112,18.1,227.3,98,9.5,10.8,3,3.84,1,no
USR-11685,阿部 裕美子,MI,103,area_code_415,no,yes,0,150.6,94,25.2,235.4,96,17.98,209.3,45,9.19,5.9,1,3.76,1,no
USR-11686,橋本 くみ子,SD,86,area_code_415,no,no,0,243.1,118,36.33,234.0,105,14.7,98.8,137,9.01,9.5,5,2.74,4,no
USR-11687,藤田 桃子,AK,153,area_code_408,no,no,1,245.2,48,17.69,230.6,120,17.86,190.0,79,4.41,14.1,3,3.05,0,no
USR-11688,佐藤 晃,DC,100,area_code_408,no,no,0,165.9,92,23.12,176.5,86,19.42,131.2,92,7.3,11.8,8,2.49,4,yes
USR-11689,山下 学,NH,168,area_code_510,no,yes,38,223.1,98,34.7,270.0,109,16.16,207.0,117,7.16,11.5,2,2.93,2,no
USR-11690,中村 直子,WV,81,area_code_510,no,no,0,160.9,127,25.08,248.6,95,16.6,207.5,128,7.1,8.3,3,3.85,1,no
USR-11691,鈴木 幹,NH,19,area_code_408,no,yes,37,154.3,128,23.41,200.8,133,10.61,177.7,74,5.8,9.8,5,1.39,1,no
USR-11692,坂本 修平,TX,134,area_code_408,no,yes,1,190.1,62,27.61,178.2,127,14.21,130.7,61,8.23,17.5,3,2.51,1,yes
USR-11693,中村 治,WY,159,area_code_408,no,no,0,263.3,86,43.2,248.2,78,17.52,167.6,95,10.04,10.8,3,2.08,3,no
USR-11694,高橋 稔,KY,172,area_code_510,yes,no,0,157.9,119,22.7,176.6,141,22.69,179.1,95,8.58,14.1,3,2.32,1,yes
USR-11695,三浦 健一,AZ,75,area_code_415,no,yes,38,207.1,94,34.27,198.3,156,9.1,192.6,97,8.87,11.9,6,2.28,1,no
USR-11696,加藤 翔太,ID,66,area_code_415,no,no,1,74.0,65,37.24,162.4,137,11.39,158.3,104,8.75,9.2,3,1.39,1,no
USR-11697,高橋 直子,WY,153,area_code_408,yes,no,0,210.6,92,44.83,129.0,117,28.64,246.5,65,8.63,11.8,3,3.04,0,no
USR-11698,佐藤 和也,NY,154,area_code_510,yes,yes,0,240.5,111,35.18,168.4,103,16.29,253.4,114,8.39,3.3,1,2.43,1,no
USR-11699,渡辺 直人,OR,84,area_code_510,no,no,0,152.8,109,42.66,151.8,113,14.85,184.4,124,9.49,13.4,3,2.68,2,no
USR-11700,松本 涼平,MN,150,area_code_415,no,no,25,211.6,105,52.03,242.3,134,12.04,202.2,99,9.79,7.7,7,2.24,1,no
USR-11701,山崎 修平,NM,216,area_code_510,no,no,0,192.3,65,31.38,221.5,131,18.32,109.8,123,6.03,12.0,4,2.7,0,no
USR-11702,藤田 美加子,WV,112,area_code_510,no,no,28,235.4,62,35.34,215.0,113,20.03,149.3,124,4.32,7.4,7,2.78,1,no
USR-11703,佐藤 康弘,FL,129,area_code_510,no,no,1,261.9,115,43.77,231.7,134,12.21,224.4,94,4.93,14.1,3,3.17,1,no
USR-11704,岡田 結衣,VT,30,area_code_415,yes,yes,34,218.6,117,27.2,206.9,76,16.55,206.6,128,8.18,10.9,4,2.56,0,no
USR-11705,松本 香織,SD,58,area_code_415,no,yes,0,232.1,136,33.63,201.5,123,10.44,146.5,84,8.84,3.2,4,1.46,1,no
USR-11706,山本 健一,WV,24,area_code_415,no,no,0,174.3,108,25.26,216.3,112,15.41,93.3,126,9.79,4.4,8,2.1,1,no
USR-11707,三浦 花子,NH,60,area_code_510,no,yes,0,198.0,115,28.56,83.9,115,14.63,143.1,113,8.56,16.8,5,2.85,1,no
USR-11708,山田 あすか,PA,120,area_code_415,no,no,0,167.6,107,41.81,100.1,54,16.45,175.7,115,7.76,13.4,5,1.91,1,no
USR-11709,伊藤 零,KY,225,area_code_415,yes,no,0,196.7,81,36.48,227.9,94,14.26,244.0,74,7.76,7.3,3,3.03,1,no
USR-11710,岡田 さゆり,OK,124,area_code_415,no,yes,1,272.6,94,41.0,147.3,167,7.21,192.8,106,7.41,7.8,3,3.29,0,no
USR-11711,高橋 幹,NY,117,area_code_415,no,no,0,192.3,110,18.39,196.8,69,8.66,224.5,94,11.59,14.7,4,4.16,1,no
USR-11712,清水 英樹,FL,33,area_code_408,yes,no,1,183.7,135,21.41,250.5,119,22.69,134.0,49,8.51,12.2,6,2.16,2,yes
USR-11713,中川 篤司,MI,7,area_code_510,no,no,0,120.0,94,25.43,315.9,116,18.14,215.0,57,9.94,6.3,3,2.94,0,yes
USR-11714,森 美加子,TN,77,area_code_510,no,no,0,232.3,123,22.93,218.8,93,15.92,156.3,116,7.91,8.1,3,2.58,2,yes
USR-11715,中島 学,MO,195,area_code_408,no,no,0,239.9,127,36.4,251.2,116,11.28,136.0,101,4.52,8.6,4,2.25,1,no
USR-11716,太田 零,IL,191,area_code_415,no,no,17,152.5,125,40.41,205.6,83,16.02,225.8,74,8.22,12.6,6,2.73,2,no
USR-11717,田中 裕太,MO,96,area_code_408,no,no,0,257.4,88,41.66,189.8,89,8.39,155.8,120,6.55,10.3,2,2.0,1,yes
USR-11718,石井 幹,MI,134,area_code_408,yes,yes,0,211.5,96,38.04,144.6,148,19.17,228.6,86,5.06,14.4,2,3.18,1,yes
USR-11719,山田 陽一,DC,197,area_code_408,yes,no,0,237.4,93,21.98,212.4,74,24.23,158.7,100,7.71,14.1,3,3.62,1,no
USR-11720,佐々木 翔太,ME,117,area_code_415,no,no,36,247.9,104,32.62,267.3,116,10.77,174.5,106,11.8,10.7,8,2.32,1,no
USR-11721,高橋 陽子,NE,75,area_code_415,no,yes,0,43.6,86,28.29,186.0,107,15.01,156.6,82,10.09,16.7,3,2.4,1,no
USR-11722,中島 里佳,AR,137,area_code_415,no,no,1,186.9,74,39.27,166.4,108,12.35,151.0,135,4.37,9.8,4,2.75,2,no
USR-11723,田中 舞,CT,81,area_code_415,no,yes,0,258.8,93,30.39,182.6,106,19.76,152.3,82,5.41,11.6,4,3.66,1,no
USR-11724,前田 さゆり,AR,73,area_code_415,no,no,0,175.1,119,29.31,167.4,72,19.42,247.7,83,7.48,5.6,6,2.68,4,no
USR-11725,三浦 真綾,HI,91,area_code_510,no,no,0,250.3,100,28.21,63.4,146,8.08,147.3,73,3.98,10.2,3,2.7,2,no
USR-11726,佐藤 結衣,VA,103,area_code_415,no,no,0,189.9,106,34.76,111.6,92,16.34,136.9,87,8.32,9.0,9,3.25,2,no
USR-11727,中村 浩,SC,118,area_code_408,no,yes,29,160.2,129,39.48,217.3,109,17.16,165.0,76,5.71,15.5,3,1.7,2,no
USR-11728,三浦 亮介,VA,120,area_code_408,yes,yes,0,260.5,77,50.1,250.3,82,16.05,178.6,91,9.62,14.8,9,4.1,1,no
USR-11729,鈴木 英樹,WA,122,area_code_408,yes,no,0,214.1,106,30.98,188.9,86,18.2,179.3,115,9.44,7.7,2,4.77,1,no
USR-11730,小川 聡太郎,OR,97,area_code_415,yes,no,0,268.0,95,33.08,194.2,133,17.52,209.9,143,7.57,9.0,3,3.05,1,yes
USR-11731,中村 陽子,SD,130,area_code_415,no,no,0,198.8,82,34.44,209.5,95,27.71,298.2,129,7.7,10.6,7,2.26,2,no
USR-11732,加藤 さゆり,OR,51,area_code_408,no,no,27,189.4,107,45.61,158.2,93,27.83,185.2,69,8.51,13.1,2,1.81,3,no
USR-11733,佐々木 直樹,OR,92,area_code_408,no,yes,28,190.2,97,26.31,227.0,86,12.36,190.3,110,8.53,8.4,8,3.49,1,no
USR-11734,近藤 七夏,TX,162,area_code_408,no,yes,0,149.6,81,48.34,130.9,124,19.96,154.5,99,5.11,9.6,0,3.04,1,no
USR-11735,太田 美加子,MD,116,area_code_408,yes,yes,28,229.1,106,29.18,194.8,69,11.18,142.2,116,13.45,8.9,3,3.6,0,no
USR-11736,岡田 翔太,RI,109,area_code_408,no,no,0,129.0,109,45.63,170.7,97,16.99,151.8,86,6.44,6.3,5,0.67,1,no
USR-11737,長谷川 春香,WY,110,area_code_415,yes,no,0,233.0,90,24.37,206.1,117,20.6,173.0,97,5.04,8.4,6,2.66,0,no
USR-11738,山本 聡太郎,RI,105,area_code_415,no,yes,0,216.3,103,32.05,193.4,89,16.68,132.5,64,11.08,16.1,4,3.1,1,no
USR-11739,斎藤 直人,VT,69,area_code_408,no,yes,33,95.4,102,41.86,243.3,75,21.74,217.5,85,8.12,11.8,7,2.92,0,no
USR-11740,渡辺 陽子,KY,58,area_code_510,no,yes,35,197.1,130,37.8,188.3,87,18.13,210.0,70,10.41,14.9,5,3.84,1,no
USR-11741,鈴木 陽子,MI,102,area_code_415,no,no,0,215.4,83,30.76,238.3,96,20.07,80.0,52,9.47,11.4,7,2.21,0,no
USR-11742,田中 明美,MA,124,area_code_510,yes,yes,31,150.4,91,36.22,194.2,116,20.66,223.4,128,14.66,10.9,4,3.79,2,yes
USR-11743,福田 和也,CA,140,area_code_510,no,no,0,198.1,118,42.19,162.8,108,17.82,242.1,117,7.37,9.1,4,3.15,2,no
USR-11744,斉藤 あすか,NH,53,area_code_510,no,yes,0,206.1,109,25.1,221.0,64,13.98,195.5,88,12.22,15.3,2,2.57,0,no
USR-11745,池田 加奈,IL,160,area_code_408,yes,no,0,210.6,98,27.69,181.1,88,21.71,164.8,88,1.24,10.8,7,3.82,4,no
USR-11746,高橋 太郎,WY,152,area_code_415,no,no,0,191.3,68,27.21,293.8,147,23.22,158.9,82,7.95,7.6,3,5.4,3,no
USR-11747,田中 香織,CA,57,area_code_510,yes,yes,0,174.8,110,25.05,231.2,135,14.52,142.6,104,10.34,9.1,9,0.0,1,yes
USR-11748,清水 太郎,LA,180,area_code_510,no,yes,0,263.6,146,30.5,291.7,119,19.26,200.7,130,7.69,11.0,4,3.83,1,no
USR-11749,佐々木 直子,TX,144,area_code_415,no,no,0,112.1,92,15.35,211.3,140,15.72,126.9,55,8.09,13.4,7,2.96,1,no
USR-11750,伊藤 陽一,MO,46,area_code_415,no,no,38,240.1,108,26.45,163.9,73,16.73,231.9,70,9.55,7.3,4,1.44,1,no
USR-11751,青木 陽子,NJ,82,area_code_408,no,no,0,263.3,136,32.34,197.4,134,12.84,232.1,119,8.95,7.7,8,1.66,2,no
USR-11752,岡田 加奈,SD,124,area_code_408,no,no,0,299.2,84,43.52,153.9,124,14.7,259.9,76,8.06,7.9,9,3.23,2,no
USR-11753,加藤 零,OH,128,area_code_415,no,no,36,243.6,70,29.33,177.5,61,18.08,142.1,119,4.08,13.4,9,2.77,0,no
USR-11754,藤井 千代,NH,16,area_code_415,no,yes,32,199.7,109,52.72,237.9,72,17.75,178.5,102,6.53,10.0,4,1.18,1,no
USR-11755,林 稔,SD,109,area_code_408,no,no,0,201.5,82,34.19,160.7,107,17.89,245.9,53,5.03,10.3,2,3.05,1,no
USR-11756,中川 さゆり,WA,133,area_code_510,no,no,0,208.1,85,35.18,180.0,115,11.22,147.2,95,6.1,6.6,3,2.66,1,no
USR-11757,吉田 康弘,NE,53,area_code_510,no,yes,0,343.0,126,44.84,181.1,89,13.96,191.6,33,9.02,10.0,4,2.47,1,no
USR-11758,近藤 七夏,NV,97,area_code_510,no,no,0,128.9,95,35.44,146.4,121,13.28,181.2,73,6.87,14.4,3,1.56,1,yes
USR-11759,中島 直子,NM,111,area_code_415,yes,no,0,191.3,109,24.49,326.2,99,18.87,189.3,118,11.21,6.7,6,3.38,1,yes
USR-11760,小林 裕美子,MA,129,area_code_510,no,yes,41,223.5,92,34.41,194.8,94,17.95,238.9,115,4.77,15.5,3,2.69,1,no
USR-11761,伊藤 舞,MO,135,area_code_408,no,no,0,217.7,105,54.48,227.6,128,19.67,229.0,74,10.02,4.5,3,2.85,1,yes
USR-11762,木村 聡太郎,PA,111,area_code_510,no,no,0,270.9,100,17.19,280.4,64,13.96,149.1,62,10.94,12.3,5,3.22,2,yes
USR-11763,田中 康弘,NY,118,area_code_510,no,no,0,221.6,125,40.81,248.7,118,18.49,170.4,92,7.0,7.8,8,2.78,2,yes
USR-11764,村上 直子,MT,128,area_code_408,no,yes,0,218.2,124,39.3,249.8,103,18.73,202.5,106,7.53,8.9,3,1.54,1,no
USR-11765,岡田 裕樹,NV,116,area_code_408,yes,no,0,214.9,84,22.87,247.0,96,18.37,257.8,109,9.9,6.1,3,2.83,0,yes
USR-11766,田中 拓真,CA,79,area_code_415,yes,no,32,106.6,98,38.95,224.8,121,20.26,218.0,96,8.01,12.1,2,2.71,1,no
USR-11767,中村 舞,RI,64,area_code_415,no,yes,0,108.0,95,40.39,162.2,105,15.86,198.3,83,6.4,11.4,3,1.93,1,no
USR-11768,斎藤 学,IA,176,area_code_408,no,no,0,208.1,96,23.27,258.7,101,17.65,152.6,98,7.84,9.6,3,3.97,2,no
USR-11769,石川 加奈,VT,103,area_code_408,no,no,0,217.7,98,43.75,193.1,101,18.97,262.0,81,7.42,13.3,3,3.68,1,no
USR-11770,田中 治,CO,66,area_code_408,no,no,0,181.0,100,27.11,157.9,138,18.92,172.2,91,8.38,11.8,3,2.82,1,yes
USR-11771,清水 涼平,OR,148,area_code_408,yes,yes,0,228.1,110,23.27,188.6,103,7.46,166.2,75,3.08,8.6,5,2.6,0,no
USR-11772,長谷川 裕太,MO,130,area_code_408,no,no,0,190.4,53,25.04,169.4,91,13.94,120.9,53,7.45,14.9,4,2.94,0,no
USR-11773,藤井 健一,ID,81,area_code_415,yes,no,0,149.4,117,28.19,177.4,111,15.52,189.7,49,6.27,8.9,9,2.42,2,yes
USR-11774,田中 加奈,HI,86,area_code_415,no,no,1,213.4,95,31.89,327.9,105,20.45,175.2,83,2.84,9.8,6,2.15,1,no
USR-11775,加藤 結衣,DC,114,area_code_510,yes,yes,32,249.0,83,34.47,87.5,88,20.61,223.0,86,7.51,13.0,9,4.81,1,no
USR-11776,高橋 智也,MD,106,area_code_415,no,no,0,209.0,92,27.59,238.8,109,16.97,184.1,105,5.32,11.6,3,3.38,1,no
USR-11777,田中 七夏,MA,191,area_code_408,no,no,0,279.0,102,24.04,162.2,101,11.94,168.1,109,10.7,13.0,3,2.21,2,no
USR-11778,斎藤 春香,KS,80,area_code_510,no,yes,34,224.2,112,44.86,89.3,101,11.8,144.4,133,7.94,13.5,4,3.28,1,no
USR-11779,佐藤 裕太,OR,60,area_code_408,yes,no,0,299.7,78,37.77,186.8,113,17.0,247.9,78,6.8,12.7,6,5.2,0,yes
USR-11780,井上 裕美子,NE,123,area_code_408,no,yes,0,193.1,109,23.72,74.3,105,18.06,225.4,118,10.75,9.4,4,0.83,4,no
USR-11781,鈴木 さゆり,ME,92,area_code_415,no,no,0,175.7,67,46.37,214.1,97,14.94,87.2,68,4.19,10.8,4,3.05,1,no
USR-11782,石川 直子,WV,91,area_code_408,no,yes,0,242.6,108,39.06,242.3,92,24.28,191.4,93,9.3,8.1,4,3.59,1,yes
USR-11783,中村 さゆり,UT,124,area_code_415,no,yes,33,210.6,102,19.68,199.9,113,12.3,115.5,68,10.13,6.6,3,3.11,1,no
USR-11784,山下 真綾,OR,118,area_code_415,no,yes,0,205.5,76,34.17,188.9,144,18.63,189.9,103,9.6,12.1,7,3.31,1,no
USR-11785,伊藤 桃子,NH,71,area_code_415,no,yes,0,198.0,105,25.5,186.0,116,21.56,235.5,88,10.38,13.7,3,2.27,1,no
USR-11786,橋本 あすか,DC,138,area_code_510,yes,no,0,207.4,116,34.75,236.5,98,8.2,146.8,86,7.97,10.8,3,1.63,2,yes
USR-11787,小林 和也,VA,167,area_code_510,no,no,0,299.5,102,18.29,307.0,104,15.79,162.5,118,11.19,3.5,3,3.13,4,no
USR-11788,三浦 結衣,NY,42,area_code_408,no,no,0,234.5,58,33.23,141.6,66,16.39,180.2,85,8.54,15.0,3,3.2,0,no
USR-11789,橋本 晃,VT,56,area_code_408,yes,no,0,192.7,114,22.84,177.3,96,19.43,125.6,64,8.28,10.8,6,2.84,1,no
USR-11790,太田 裕樹,PA,83,area_code_408,no,yes,0,200.4,102,33.03,161.3,118,4.73,256.8,81,7.59,10.1,4,3.6,2,no
USR-11791,佐々木 里佳,OR,4,area_code_510,no,yes,0,180.3,98,21.19,171.7,103,25.74,177.8,106,7.84,16.7,3,3.17,1,no
USR-11792,渡辺 幹,CA,57,area_code_415,no,yes,37,184.0,123,19.49,222.2,104,18.29,182.6,90,12.97,0.0,7,3.93,1,no
USR-11793,伊藤 洋介,WY,69,area_code_415,no,yes,16,186.6,92,43.19,206.0,86,17.92,203.5,109,5.32,12.6,7,3.96,4,no
USR-11794,池田 舞,NC,60,area_code_415,no,yes,1,217.2,120,36.5,301.2,92,11.38,198.2,121,6.27,7.3,3,2.36,1,yes
USR-11795,井上 知実,PA,79,area_code_510,no,no,0,150.5,89,27.41,228.1,76,18.86,124.6,87,3.82,13.0,3,2.32,2,yes
USR-11796,森 春香,IA,77,area_code_408,no,no,1,236.1,109,17.51,176.5,120,15.48,158.5,93,7.55,14.9,3,3.07,1,no
USR-11797,山下 くみ子,OH,103,area_code_408,yes,no,0,247.0,111,37.13,157.5,85,17.12,124.5,100,7.17,10.7,5,3.05,1,yes
USR-11798,阿部 くみ子,SC,117,area_code_510,yes,yes,0,222.2,66,27.45,236.5,109,12.79,242.1,132,13.13,6.8,2,2.19,1,no
USR-11799,坂本 涼平,IN,135,area_code_415,no,no,1,225.1,92,33.95,263.3,128,15.87,249.0,124,4.14,3.1,3,2.31,0,no
USR-11800,橋本 康弘,CO,94,area_code_408,no,no,0,244.7,91,28.17,191.2,75,14.49,180.9,81,9.32,10.0,4,4.21,1,no
USR-11801,山下 修平,MS,175,area_code_510,no,no,0,193.0,87,25.97,155.7,92,13.67,224.2,88,4.77,14.3,3,3.09,2,no
USR-11802,田中 直子,TN,81,area_code_510,no,yes,40,198.5,126,30.17,204.4,160,15.42,136.1,86,11.63,9.3,6,1.5,2,no
USR-11803,鈴木 英樹,WI,165,area_code_415,no,yes,0,208.5,107,13.71,234.7,47,13.23,129.9,46,8.91,8.7,2,2.35,1,no
USR-11804,加藤 翔太,IA,90,area_code_415,yes,no,0,208.5,86,32.14,232.6,95,21.37,201.8,82,6.84,7.2,7,2.47,2,yes
USR-11805,藤原 康弘,OH,16,area_code_408,yes,yes,27,243.4,80,47.65,196.9,96,18.47,222.3,126,11.77,14.4,3,2.3,1,no
USR-11806,佐々木 真綾,NM,108,area_code_415,no,yes,0,235.6,79,36.88,119.4,124,8.45,250.1,83,10.85,12.1,3,2.38,0,no
USR-11807,山崎 太一,PA,71,area_code_510,no,no,28,194.0,116,6.24,210.8,124,17.63,258.3,128,8.62,9.6,8,3.34,0,no
USR-11808,小林 陽子,AZ,74,area_code_415,no,yes,38,202.9,90,23.63,309.4,91,20.55,201.4,96,9.84,9.8,2,4.7,4,no
USR-11809,高橋 亮介,IA,53,area_code_408,no,yes,40,198.6,105,25.51,152.9,112,21.67,349.0,93,9.07,13.2,7,2.95,0,no
USR-11810,西村 直樹,CA,101,area_code_415,yes,no,0,269.6,111,13.32,132.0,89,11.81,83.0,98,4.73,8.5,4,2.76,3,no
USR-11811,斎藤 さゆり,WV,109,area_code_510,yes,no,32,230.7,75,32.16,194.8,111,17.37,242.2,137,14.91,12.0,6,2.49,0,no
USR-11812,木村 零,NY,103,area_code_510,no,no,0,157.0,115,37.47,192.1,82,19.02,174.2,86,8.91,11.3,8,3.29,3,no
USR-11813,山田 千代,UT,61,area_code_510,no,yes,0,206.8,90,33.26,161.6,111,6.72,128.4,99,7.31,6.2,9,2.91,1,no
USR-11814,岡本 美加子,NC,116,area_code_415,yes,no,31,156.5,73,35.01,143.7,76,22.06,263.9,93,8.76,14.1,1,2.45,0,no
USR-11815,田中 直樹,ME,124,area_code_408,yes,yes,25,242.8,87,28.03,299.5,112,12.15,211.6,116,3.28,9.1,3,3.83,0,no
USR-11816,伊藤 智也,CO,156,area_code_415,no,no,43,255.4,83,14.46,238.5,135,22.03,241.0,119,5.73,9.1,3,2.21,0,no
USR-11817,鈴木 千代,NV,111,area_code_415,yes,no,0,224.1,51,35.87,283.4,119,20.99,130.9,104,6.33,10.9,1,2.91,3,yes
USR-11818,山本 明美,WV,118,area_code_415,no,no,0,136.3,101,14.29,239.8,117,19.82,130.9,106,10.4,14.3,10,2.16,1,no
USR-11819,山田 加奈,WV,128,area_code_408,no,no,0,185.9,104,18.39,249.1,70,17.25,177.4,84,7.16,14.0,3,2.69,1,no
USR-11820,山崎 直子,MN,69,area_code_408,no,no,0,162.1,93,19.22,177.5,105,17.17,183.0,115,11.94,9.0,5,1.98,0,no
USR-11821,佐々木 七夏,WI,30,area_code_415,no,yes,0,207.8,123,23.59,168.8,130,19.8,235.5,96,6.23,14.0,3,2.34,1,no
USR-11822,渡辺 桃子,TX,107,area_code_408,no,yes,0,226.7,71,31.62,196.0,124,21.23,209.9,87,5.58,9.5,4,3.31,2,no
USR-11823,佐々木 明美,GA,106,area_code_408,no,no,0,198.8,111,26.62,164.2,93,13.5,138.7,127,6.59,11.4,2,2.19,0,yes
USR-11824,岡本 治,NH,132,area_code_510,no,no,1,254.7,127,48.87,246.4,86,12.04,140.7,97,12.3,9.7,8,2.8,1,no
USR-11825,加藤 治,VT,88,area_code_408,no,yes,0,210.2,95,31.81,132.0,83,18.07,213.6,133,10.14,11.8,4,2.29,2,no
USR-11826,渡辺 知実,SC,158,area_code_510,no,no,0,121.6,77,34.44,175.7,80,18.41,180.3,116,5.47,18.8,2,4.08,3,no
USR-11827,小川 知実,AR,167,area_code_415,yes,yes,0,256.0,122,27.44,299.1,100,20.49,139.3,128,8.04,9.7,5,3.42,1,no
USR-11828,佐藤 花子,MN,96,area_code_408,no,no,0,157.2,91,16.18,63.1,106,5.03,208.4,97,5.44,7.5,3,3.17,1,no
USR-11829,鈴木 結衣,WI,115,area_code_408,no,yes,0,223.5,84,33.64,200.4,96,21.89,238.4,94,9.34,5.6,9,1.73,1,no
USR-11830,高橋 裕美子,KS,151,area_code_415,yes,no,35,254.5,124,26.8,196.3,94,14.59,125.7,111,5.18,11.4,3,3.42,1,yes
USR-11831,阿部 さゆり,NY,122,area_code_415,yes,no,1,219.6,106,27.74,302.6,119,19.27,113.6,87,8.87,12.5,8,2.75,1,no
USR-11832,斎藤 治,TN,126,area_code_415,no,no,0,163.5,59,23.48,159.9,119,13.54,246.6,69,8.93,12.7,7,2.75,1,no
USR-11833,佐藤 陽子,ID,55,area_code_510,no,yes,0,152.7,100,26.42,217.5,128,23.13,108.0,99,0.3,11.4,2,1.18,1,no
USR-11834,村上 太郎,MI,183,area_code_408,no,no,0,251.7,80,20.16,217.2,115,18.52,227.8,142,9.31,11.9,3,2.63,1,no
USR-11835,山田 直人,VT,142,area_code_415,no,no,0,115.2,110,36.33,161.6,108,15.25,205.5,129,9.81,11.7,4,2.44,2,no
USR-11836,石井 春香,WY,100,area_code_408,no,no,0,170.1,114,19.85,232.5,53,27.18,224.7,92,9.81,16.4,4,2.02,2,no
USR-11837,木村 花子,CO,203,area_code_408,no,no,0,178.3,94,39.4,208.1,102,17.8,201.3,98,9.17,6.3,7,2.55,0,no
USR-11838,鈴木 裕美子,MD,53,area_code_408,yes,no,0,173.7,137,15.64,216.9,96,19.84,119.4,96,10.5,9.8,7,3.99,2,yes
USR-11839,中村 直人,PA,55,area_code_415,no,no,0,258.6,116,23.19,286.9,106,15.56,160.6,69,8.61,10.0,3,3.94,2,no
USR-11840,佐藤 陽一,MN,42,area_code_415,no,yes,45,187.2,112,30.82,183.8,136,13.43,218.1,99,5.92,9.5,4,2.02,1,no
USR-11841,吉田 治,LA,147,area_code_415,yes,yes,0,208.1,56,39.76,234.5,96,15.91,174.3,85,5.69,10.9,8,3.05,1,no
USR-11842,斉藤 加奈,WY,92,area_code_415,no,yes,48,282.2,114,21.01,192.4,110,22.83,259.6,111,6.99,5.6,1,2.27,1,no
USR-11843,小林 太郎,LA,139,area_code_510,no,yes,31,84.5,128,36.31,161.8,76,29.26,168.0,76,9.87,12.4,8,4.06,0,no
USR-11844,石井 真綾,MI,93,area_code_415,yes,no,0,243.5,100,25.72,123.4,99,24.02,250.5,104,11.11,16.9,3,1.56,2,yes
USR-11845,清水 翼,WV,116,area_code_415,no,no,0,223.6,95,27.72,220.6,93,13.54,290.7,131,8.89,9.4,3,4.37,1,no
USR-11846,伊藤 直子,TN,55,area_code_408,no,no,0,189.7,66,35.21,296.9,100,17.69,187.0,113,7.0,9.8,7,3.45,3,no
USR-11847,中川 裕樹,FL,48,area_code_415,yes,no,0,273.9,122,31.58,230.2,139,11.59,167.1,98,5.85,11.4,8,0.79,1,yes
USR-11848,山本 淳,MT,115,area_code_408,no,yes,42,229.1,86,33.28,305.6,92,15.98,165.9,115,6.37,5.3,3,2.12,1,no
USR-11849,岡本 晃,OR,151,area_code_408,no,no,0,240.4,119,31.69,183.1,106,7.52,35.6,108,8.2,10.5,7,2.88,1,no
USR-11850,山口 直人,ND,172,area_code_510,no,yes,0,206.7,108,25.6,167.9,87,12.07,241.7,109,10.66,6.0,9,2.75,1,no
USR-11851,石井 英樹,TX,39,area_code_415,yes,no,29,120.1,111,33.59,144.3,70,15.84,204.9,128,8.07,5.6,0,3.62,1,no
USR-11852,田中 充,ID,130,area_code_510,yes,no,0,277.5,114,33.64,262.6,100,17.67,196.5,90,5.78,7.4,3,3.73,1,yes
USR-11853,吉田 里佳,ME,140,area_code_415,yes,no,0,211.7,107,39.8,129.3,93,28.27,181.1,57,6.79,14.5,7,2.72,0,no
USR-11854,山崎 裕太,TX,205,area_code_415,no,no,0,137.7,67,42.82,268.3,124,19.62,136.7,79,10.42,8.8,9,4.24,4,no
USR-11855,石川 裕美子,NE,105,area_code_415,no,no,0,225.9,96,35.11,233.9,92,16.48,145.0,111,5.22,11.5,3,2.49,2,yes
USR-11856,小林 さゆり,MD,83,area_code_408,no,no,0,247.6,104,35.7,263.8,107,10.47,179.0,110,7.67,10.0,4,4.96,0,no
USR-11857,太田 稔,CT,87,area_code_510,no,yes,47,231.5,113,34.02,217.5,122,11.85,155.9,142,2.83,10.6,3,2.7,1,no
USR-11858,近藤 加奈,TN,97,area_code_408,no,no,0,184.8,86,26.73,186.4,116,16.75,209.8,99,7.42,13.2,4,3.47,4,no
USR-11859,鈴木 幹,MS,35,area_code_415,no,yes,32,152.7,115,28.62,221.8,91,18.41,196.7,115,8.63,10.4,4,2.84,1,no
USR-11860,木村 桃子,LA,193,area_code_510,no,no,0,200.3,75,51.21,234.9,79,18.84,151.1,110,6.36,10.8,3,1.38,2,no
USR-11861,高橋 あすか,VA,101,area_code_510,no,yes,31,67.4,62,25.69,177.2,95,21.53,195.2,94,10.14,8.5,3,2.61,0,no
USR-11862,佐藤 さゆり,KS,102,area_code_408,yes,yes,0,208.0,63,34.09,39.9,97,13.85,277.7,130,5.28,12.3,3,2.41,0,no
USR-11863,木村 学,TN,50,area_code_408,yes,yes,43,238.6,96,26.02,185.7,73,11.11,170.4,111,7.86,6.3,5,2.54,0,no
USR-11864,加藤 京助,NY,154,area_code_510,no,no,0,160.0,130,35.62,234.8,76,22.07,162.9,111,5.96,9.2,9,3.22,3,no
USR-11865,佐々木 聡太郎,IA,163,area_code_415,yes,yes,0,175.8,127,52.32,78.0,102,16.37,138.1,106,1.85,9.3,10,3.6,2,no
USR-11866,橋本 裕美子,MD,132,area_code_415,no,no,42,263.8,79,5.7,169.9,84,15.16,211.2,107,5.13,9.8,3,3.32,1,no
USR-11867,田中 零,NC,109,area_code_415,no,no,0,317.2,105,35.42,196.1,76,18.86,229.9,118,8.3,8.7,3,2.63,1,yes
USR-11868,藤原 知実,NH,159,area_code_510,no,yes,0,200.5,115,28.78,233.3,104,18.51,286.6,101,9.09,9.4,4,1.57,2,no
USR-11869,鈴木 里佳,HI,65,area_code_408,yes,yes,33,150.2,106,35.25,210.7,118,16.06,273.4,86,8.18,7.0,2,0.0,1,no
USR-11870,藤田 明美,NV,35,area_code_510,no,no,0,189.2,92,20.52,272.3,71,23.32,98.2,81,4.16,10.5,8,2.79,2,no
USR-11871,林 加奈,TN,84,area_code_408,no,no,0,239.1,109,37.16,247.0,80,12.93,217.6,98,9.03,11.8,2,3.28,1,yes
USR-11872,斎藤 さゆり,ID,81,area_code_415,no,no,31,164.8,104,25.92,176.3,125,13.46,243.6,124,6.93,7.3,1,2.49,4,no
USR-11873,高橋 淳,MO,165,area_code_510,no,no,0,147.5,106,22.15,207.0,81,6.44,189.7,117,7.9,10.5,4,3.37,2,no
USR-11874,小川 京助,MN,123,area_code_415,no,no,0,269.9,87,30.3,197.6,94,13.09,193.3,90,10.08,11.7,3,3.91,2,no
USR-11875,高橋 英樹,WY,170,area_code_408,no,no,0,275.7,46,28.74,118.8,125,2.58,138.5,76,10.79,13.1,3,3.06,1,yes
USR-11876,前田 太郎,CT,112,area_code_408,no,no,46,157.0,109,33.57,278.0,74,26.01,244.7,80,7.43,10.3,1,3.69,1,no
USR-11877,鈴木 真綾,AR,113,area_code_415,yes,yes,0,157.3,120,30.17,163.1,92,17.58,195.8,102,7.24,8.4,9,3.09,1,no
USR-11878,森 舞,GA,159,area_code_510,no,no,0,242.8,64,31.38,136.1,108,12.57,243.0,113,7.61,8.7,0,1.96,3,no
USR-11879,木村 涼平,MS,145,area_code_415,no,no,0,304.6,78,28.53,278.9,147,16.54,256.4,105,4.94,7.5,3,3.02,1,no
USR-11880,池田 幹,ND,177,area_code_415,no,no,0,303.9,45,34.03,145.4,120,19.29,158.4,118,8.33,9.9,3,2.75,1,no
USR-11881,松本 舞,WV,88,area_code_415,no,no,0,214.2,105,24.43,337.4,104,7.7,131.3,56,7.14,5.5,7,2.01,0,no
USR-11882,伊藤 春香,NY,105,area_code_510,no,yes,36,209.5,93,19.65,293.5,116,23.59,116.2,81,7.47,9.0,8,3.17,1,no
USR-11883,村上 舞,ID,67,area_code_510,no,yes,0,187.2,116,28.39,197.0,123,16.31,116.8,69,6.61,13.8,3,1.93,1,yes
USR-11884,林 篤司,PA,126,area_code_408,yes,no,0,201.6,133,35.98,217.0,84,18.69,168.4,117,0.48,10.7,4,2.3,1,no
USR-11885,阿部 智也,WY,160,area_code_510,no,yes,48,213.0,115,26.05,196.2,102,20.3,165.9,70,2.39,9.5,4,2.26,2,no
USR-11886,小林 香織,WI,47,area_code_415,no,no,41,139.9,103,27.02,131.3,129,11.89,205.5,94,4.97,6.9,3,3.3,1,no
USR-11887,前田 直子,KY,158,area_code_510,no,no,0,198.4,85,27.23,176.4,114,19.31,205.2,104,11.14,10.0,7,1.6,1,yes
USR-11888,伊藤 亮介,KS,95,area_code_415,no,no,1,246.6,73,34.86,327.9,110,12.79,217.2,80,10.3,8.6,9,1.65,2,yes
USR-11889,岡本 陽子,WA,43,area_code_415,no,no,0,190.1,80,26.92,219.8,96,19.02,244.7,97,6.31,10.5,3,1.46,1,no
USR-11890,田中 太一,GA,67,area_code_415,no,no,0,252.3,60,42.46,175.2,59,16.41,190.6,93,7.2,10.2,2,3.1,1,no
USR-11891,木村 学,ND,107,area_code_415,no,no,0,186.9,142,24.09,184.3,89,22.14,198.5,90,6.54,10.8,3,4.67,1,no
USR-11892,中川 幹,MN,128,area_code_415,no,no,0,137.8,82,31.44,220.9,90,23.85,128.0,65,6.81,8.0,3,2.91,1,no
USR-11893,高橋 太一,NV,123,area_code_415,no,no,0,98.3,110,32.86,174.2,136,22.13,188.9,89,5.89,13.0,4,3.09,2,yes
USR-11894,斎藤 裕樹,NM,62,area_code_510,no,yes,0,237.7,104,25.85,306.6,101,13.46,199.6,79,6.99,9.5,10,2.01,1,no
USR-11895,伊藤 零,ME,100,area_code_510,yes,yes,0,180.1,98,17.17,178.1,116,19.0,236.0,58,8.98,11.0,8,2.89,0,yes
USR-11896,高橋 涼平,WY,125,area_code_510,no,yes,44,281.4,124,33.0,193.0,132,20.68,171.7,106,3.76,5.3,8,3.12,1,no
USR-11897,山田 浩,VA,72,area_code_510,no,yes,28,209.7,71,39.19,216.2,124,17.89,286.0,112,7.03,6.4,4,1.81,0,no
USR-11898,鈴木 花子,MA,195,area_code_408,no,yes,23,177.5,116,34.24,159.3,84,13.21,206.2,120,9.67,9.3,2,1.68,1,no
USR-11899,林 七夏,NY,97,area_code_415,yes,no,0,130.4,94,22.93,146.3,74,20.61,98.4,89,8.08,8.3,3,2.61,1,no
USR-11900,山田 里佳,NE,64,area_code_408,no,yes,31,195.3,119,28.35,227.7,130,19.13,87.4,62,7.6,6.5,4,2.78,1,no
USR-11901,吉田 浩,PA,156,area_code_415,no,yes,0,169.3,74,32.98,180.0,80,19.38,77.9,68,3.44,11.2,6,2.78,1,no
USR-11902,井上 陽一,WA,8,area_code_415,yes,no,0,257.0,72,30.62,263.3,133,19.66,192.6,59,6.55,9.3,3,2.98,0,yes
USR-11903,松本 加奈,NC,52,area_code_408,no,yes,30,217.1,126,20.78,123.1,121,19.54,275.6,115,5.78,6.8,5,2.55,3,yes
USR-11904,小林 洋介,WY,104,area_code_415,no,yes,27,246.7,95,25.61,283.9,79,14.89,202.2,77,7.25,12.6,2,3.39,1,yes
USR-11905,清水 春香,IN,165,area_code_408,no,yes,0,206.4,126,22.59,185.8,67,18.13,103.9,108,4.95,8.6,3,3.54,2,no
USR-11906,太田 和也,WY,62,area_code_408,no,no,0,185.7,87,21.21,317.7,109,18.4,228.1,58,5.03,16.0,3,3.36,1,no
USR-11907,井上 さゆり,CT,39,area_code_408,no,no,34,201.7,82,26.02,204.8,109,14.08,200.2,116,5.5,11.6,3,4.15,0,no
USR-11908,後藤 陽子,MT,85,area_code_415,no,no,0,204.1,95,42.6,172.2,114,15.53,101.6,140,2.77,10.9,4,2.37,1,no
USR-11909,山田 裕樹,VT,177,area_code_415,yes,no,0,161.4,89,43.91,41.2,125,15.25,137.0,119,9.09,10.5,3,3.01,1,no
USR-11910,藤原 千代,RI,98,area_code_415,yes,no,0,249.2,74,30.57,160.3,139,19.3,133.3,121,9.21,14.4,7,3.09,0,no
USR-11911,太田 知実,NC,69,area_code_408,no,no,1,240.9,102,40.45,205.4,114,18.45,266.3,126,6.18,10.8,3,2.86,0,no
USR-11912,吉田 治,MN,107,area_code_415,no,no,0,229.8,106,23.05,174.9,153,15.55,186.6,122,4.41,9.2,3,4.39,1,no
USR-11913,佐藤 美加子,CO,130,area_code_415,yes,yes,0,145.1,106,27.54,248.3,95,24.77,246.7,133,6.26,11.7,5,3.73,2,no
USR-11914,阿部 里佳,SD,44,area_code_510,no,no,0,214.7,77,16.13,230.2,108,7.59,171.2,68,8.5,12.4,3,3.69,1,no
USR-11915,西村 加奈,CA,127,area_code_415,no,no,1,260.0,86,38.5,184.8,68,20.71,206.1,83,8.25,5.5,8,1.03,1,no
USR-11916,清水 充,VT,169,area_code_510,no,yes,0,304.5,104,27.5,221.2,83,10.37,172.2,140,10.19,12.4,9,1.97,0,yes
USR-11917,池田 あすか,FL,178,area_code_408,no,no,25,186.8,115,46.92,170.2,119,23.14,210.5,112,6.97,9.8,6,1.46,1,no
USR-11918,小川 翔太,MI,129,area_code_408,no,yes,0,309.8,112,25.73,194.7,89,16.94,202.0,145,7.87,5.7,5,3.48,1,no
USR-11919,小川 亮介,ME,91,area_code_510,yes,no,0,162.6,127,50.79,261.8,59,10.24,241.9,155,6.44,10.6,4,1.94,1,no
USR-11920,加藤 香織,CO,1,area_code_510,no,no,0,79.6,91,40.92,117.0,105,17.85,205.8,105,5.48,14.6,2,2.34,3,no
USR-11921,山本 裕樹,OK,24,area_code_510,no,no,28,161.1,73,35.94,129.2,82,29.62,172.8,100,6.45,15.4,5,2.83,1,no
USR-11922,石井 美加子,RI,133,area_code_510,no,yes,27,139.8,137,48.2,174.7,91,11.33,145.7,92,8.45,11.4,3,1.08,1,no
USR-11923,鈴木 充,AK,48,area_code_510,no,yes,0,239.6,66,46.08,190.1,94,15.65,237.6,125,9.91,12.9,3,3.33,1,no
USR-11924,松本 晃,NC,132,area_code_510,no,no,1,224.4,82,40.27,235.6,102,18.58,246.3,98,6.0,10.8,3,3.87,1,yes
USR-11925,岡田 千代,NV,87,area_code_415,no,no,29,142.4,97,38.15,183.4,115,19.95,203.4,107,9.11,9.9,10,4.2,0,yes
USR-11926,長谷川 零,ND,86,area_code_415,no,yes,31,292.2,48,23.87,318.7,133,16.75,184.5,70,9.91,9.0,9,3.96,1,no
USR-11927,阿部 陽一,NJ,48,area_code_415,no,no,1,200.5,111,10.15,216.6,140,24.1,239.7,94,5.76,10.8,7,3.58,2,no
USR-11928,清水 陽子,UT,101,area_code_415,yes,no,1,267.4,95,25.9,185.5,79,14.07,139.9,91,2.65,15.3,3,3.54,1,no
USR-11929,斉藤 美加子,AL,140,area_code_415,no,no,0,165.1,101,42.78,272.9,85,14.63,173.2,107,8.95,9.1,4,0.74,2,yes
USR-11930,佐藤 結衣,ME,171,area_code_408,no,yes,32,261.9,98,46.19,223.8,84,15.11,235.0,118,10.51,12.7,5,2.05,1,no
USR-11931,小林 京助,NY,109,area_code_510,no,no,29,183.3,98,25.26,145.5,76,15.47,231.8,60,11.34,9.3,3,2.8,0,no
USR-11932,近藤 裕太,VT,160,area_code_510,yes,no,37,155.1,110,23.75,214.4,121,16.42,107.0,47,9.04,12.3,2,3.33,0,no
USR-11933,小林 あすか,GA,150,area_code_408,no,no,0,154.0,89,47.15,127.0,132,21.75,202.3,104,10.14,10.7,3,2.96,3,no
USR-11934,森 陽子,MN,113,area_code_415,yes,no,0,130.3,135,38.45,142.7,105,19.71,217.1,75,11.08,10.3,5,3.01,0,yes
USR-11935,小川 舞,DE,108,area_code_510,no,yes,0,173.2,119,23.75,200.3,121,21.05,109.8,102,4.36,17.8,6,4.79,0,no
USR-11936,清水 亮介,OK,126,area_code_408,no,yes,36,208.2,48,52.16,146.1,121,18.47,229.8,92,10.33,3.8,3,2.85,1,no
USR-11937,山崎 加奈,SD,98,area_code_408,no,yes,0,133.1,83,31.27,162.1,121,17.86,154.3,87,9.77,7.6,4,2.79,1,no
USR-11938,鈴木 稔,VA,95,area_code_510,yes,yes,0,132.7,115,29.93,204.7,135,14.69,151.6,133,11.62,13.6,3,2.25,2,yes
USR-11939,鈴木 聡太郎,LA,195,area_code_408,no,no,0,286.6,100,32.45,219.7,110,18.5,182.8,124,13.2,9.7,3,3.19,0,yes
USR-11940,山本 春香,IA,171,area_code_408,no,no,0,203.1,127,36.03,175.1,86,19.51,278.5,116,13.14,13.9,4,3.41,1,no
USR-11941,松田 加奈,MA,212,area_code_510,no,yes,36,223.8,97,41.21,207.0,95,13.92,149.4,121,2.94,8.5,3,3.58,1,no
USR-11942,西村 香織,LA,126,area_code_510,yes,no,0,208.5,83,17.25,359.3,103,18.83,154.8,98,9.34,9.5,6,4.25,1,yes
USR-11943,伊藤 直子,MN,42,area_code_408,no,yes,0,136.7,54,13.63,359.3,130,17.5,144.4,92,3.33,14.0,4,3.36,4,no
USR-11944,斎藤 美加子,NJ,198,area_code_415,no,yes,34,213.6,63,29.57,97.6,104,23.3,162.0,89,4.2,8.5,9,2.76,1,no
USR-11945,鈴木 陽子,CT,196,area_code_415,no,yes,28,164.4,93,58.72,250.0,93,19.63,200.4,88,11.63,6.5,8,3.33,1,no
USR-11946,山本 直子,CA,51,area_code_510,no,no,0,76.6,113,34.77,199.0,100,23.59,180.7,116,6.64,5.6,3,2.48,2,no
USR-11947,斉藤 さゆり,WV,56,area_code_415,yes,yes,33,347.6,102,43.29,359.3,105,23.82,282.6,125,8.31,8.7,7,3.03,1,yes
USR-11948,井上 晃,AR,137,area_code_415,yes,no,0,235.9,84,50.76,145.8,135,18.94,221.9,69,9.03,8.8,4,2.6,1,no
USR-11949,加藤 晃,CT,63,area_code_408,no,no,0,158.3,109,28.87,263.2,115,18.96,39.5,81,7.79,12.5,3,2.98,2,no
USR-11950,佐藤 拓真,AL,108,area_code_510,no,no,0,250.1,96,46.69,167.4,130,23.33,149.4,76,4.05,12.8,11,3.77,0,yes
USR-11951,高橋 加奈,NJ,132,area_code_415,no,no,1,312.2,98,48.44,310.7,125,15.52,136.6,93,1.54,9.2,2,1.87,1,yes
USR-11952,渡辺 さゆり,KS,169,area_code_510,no,no,0,186.7,91,28.94,123.2,77,16.93,96.6,52,5.85,6.1,3,2.81,1,no
USR-11953,橋本 裕太,MT,83,area_code_408,no,yes,31,275.7,85,46.36,152.3,87,15.31,200.2,78,5.38,16.5,2,3.06,1,no
USR-11954,高橋 さゆり,TX,88,area_code_408,no,no,0,240.1,102,21.53,279.5,112,14.38,144.7,83,4.07,13.1,4,2.3,1,no
USR-11955,佐藤 亮介,RI,143,area_code_510,no,yes,36,185.5,105,23.54,288.4,131,10.87,194.8,89,5.33,12.8,3,1.65,2,no
USR-11956,後藤 知実,ND,122,area_code_415,no,no,0,222.6,104,12.92,140.9,125,13.44,238.5,80,8.26,4.0,3,3.92,2,no
USR-11957,松本 花子,NV,148,area_code_415,no,yes,0,207.2,95,33.21,92.8,58,18.19,157.2,111,9.25,17.0,3,3.32,0,no
USR-11958,中村 充,MA,83,area_code_408,yes,no,39,242.9,115,30.49,202.5,116,10.76,141.7,100,5.46,5.1,3,4.07,1,yes
USR-11959,山本 くみ子,ME,109,area_code_510,no,no,0,164.8,101,33.33,191.6,108,18.4,139.6,83,6.74,10.4,6,2.03,1,no
USR-11960,清水 明美,CO,48,area_code_408,no,no,45,223.3,81,35.97,211.1,145,21.08,217.8,71,0.21,12.8,7,5.02,0,yes
USR-11961,遠藤 翼,MN,102,area_code_415,no,no,0,219.8,86,30.77,250.9,87,17.21,215.9,92,7.29,12.5,9,3.12,1,no
USR-11962,橋本 直子,IA,60,area_code_415,yes,no,0,301.2,81,34.17,290.8,78,27.34,148.7,114,5.24,13.1,4,3.21,2,yes
USR-11963,佐藤 京助,MT,126,area_code_415,no,no,0,280.2,84,30.19,257.6,71,13.08,217.7,133,8.97,8.1,5,3.66,1,no
USR-11964,山田 翔太,DE,98,area_code_415,no,no,0,232.7,97,22.4,83.4,97,12.67,147.2,90,3.68,13.5,3,3.18,1,no
USR-11965,森 英樹,NM,89,area_code_415,no,no,0,208.8,124,31.71,113.8,84,10.9,100.8,105,10.4,9.8,7,1.06,1,no
USR-11966,石川 七夏,ND,108,area_code_408,no,yes,43,222.8,91,28.81,200.2,72,17.51,109.4,104,6.54,11.8,3,2.36,1,no
USR-11967,清水 真綾,MN,103,area_code_408,no,yes,23,197.3,69,43.25,82.8,84,11.2,182.0,146,7.39,11.6,2,2.18,1,no
USR-11968,池田 直子,MN,137,area_code_415,yes,no,1,215.7,75,18.37,267.3,111,16.84,173.6,67,3.01,15.4,4,3.49,0,no
USR-11969,小林 洋介,MA,148,area_code_415,no,yes,33,218.4,110,52.32,197.3,79,17.26,143.2,101,9.24,9.5,8,3.1,1,no
USR-11970,山田 直樹,NY,122,area_code_408,yes,no,0,179.8,108,23.72,152.0,117,15.68,130.4,102,9.76,4.5,3,1.78,2,no
USR-11971,中村 健一,MD,80,area_code_408,no,yes,0,51.3,67,25.76,177.8,110,19.26,201.3,111,6.73,14.1,3,2.7,1,no
USR-11972,石川 知実,HI,85,area_code_510,no,no,37,199.6,115,35.82,317.9,108,17.11,123.2,85,0.61,12.9,3,3.02,3,yes
USR-11973,佐藤 さゆり,NJ,20,area_code_415,no,no,0,312.3,84,31.31,296.8,146,21.68,186.1,120,11.59,3.8,6,2.58,1,no
USR-11974,小林 涼平,AL,119,area_code_408,no,yes,37,255.2,114,36.81,162.9,95,14.13,193.2,87,6.99,9.1,4,1.67,1,no
USR-11975,石川 和也,SC,56,area_code_510,no,yes,31,222.9,85,28.97,170.2,82,20.41,174.7,121,10.18,9.8,6,1.81,1,yes
USR-11976,小川 真綾,NH,118,area_code_408,no,no,0,239.8,54,27.46,217.2,77,13.7,243.8,126,13.17,7.2,4,2.01,1,no
USR-11977,遠藤 裕美子,MS,124,area_code_510,no,no,0,165.4,104,10.91,174.6,120,18.4,107.5,17,6.65,7.1,3,3.05,1,no
USR-11978,鈴木 里佳,NY,130,area_code_415,no,no,0,220.5,98,20.66,213.9,82,21.84,145.8,90,8.33,13.2,3,5.4,3,yes
USR-11979,田中 京助,UT,89,area_code_415,no,yes,27,223.9,100,38.11,176.4,134,16.1,204.5,103,10.43,11.1,2,1.87,2,no
USR-11980,斉藤 京助,WY,167,area_code_415,no,no,0,158.0,111,26.65,186.0,94,18.51,292.0,74,8.92,9.5,5,2.11,0,no
USR-11981,渡辺 涼平,MN,41,area_code_408,no,no,0,299.8,83,29.81,214.0,98,12.79,212.0,54,10.93,12.1,3,3.66,1,no
USR-11982,岡本 拓真,NJ,80,area_code_408,no,no,0,212.5,114,25.52,218.8,79,13.46,235.6,109,6.49,8.1,1,2.65,1,no
USR-11983,清水 京助,CO,133,area_code_510,yes,no,0,237.7,79,20.94,200.8,66,15.61,160.6,87,4.33,9.6,6,4.06,1,yes
USR-11984,井上 英樹,MS,100,area_code_510,no,no,0,175.5,102,21.58,359.3,90,15.34,273.6,74,5.77,17.0,2,3.43,1,no
USR-11985,佐藤 明美,ME,107,area_code_408,no,yes,0,147.3,113,36.14,235.5,94,20.0,95.4,96,7.88,7.9,2,1.6,1,no
USR-11986,木村 修平,IA,2,area_code_408,no,no,0,39.6,98,18.29,45.1,99,13.58,237.5,86,8.21,9.7,6,2.76,1,no
USR-11987,三浦 直子,WA,184,area_code_510,no,yes,0,225.3,109,38.66,177.5,130,18.03,177.7,120,4.54,17.7,6,4.7,1,yes
USR-11988,渡辺 修平,MA,87,area_code_510,no,yes,0,224.6,89,42.44,154.2,72,9.6,163.8,153,13.33,15.2,9,5.03,1,no
USR-11989,鈴木 稔,NV,116,area_code_415,yes,no,0,223.8,49,42.86,210.4,105,20.95,192.5,87,9.65,15.1,3,4.76,4,yes
USR-11990,阿部 七夏,IL,120,area_code_408,no,yes,0,259.8,96,20.12,292.7,77,22.61,272.4,63,1.15,7.9,4,4.11,4,no
USR-11991,井上 七夏,AR,133,area_code_510,no,no,38,191.7,90,20.75,235.4,119,14.29,125.2,63,5.66,9.4,3,2.16,2,no
USR-11992,伊藤 裕美子,PA,145,area_code_510,no,no,0,310.1,67,32.23,175.8,92,19.77,168.7,145,6.33,4.6,3,1.47,1,no
USR-11993,佐々木 聡太郎,DC,148,area_code_408,no,no,0,241.0,84,28.45,190.0,80,18.66,176.4,57,7.74,13.6,2,3.32,6,no
USR-11994,高橋 裕太,WA,89,area_code_510,no,no,0,342.9,97,32.14,169.8,72,17.0,244.2,98,13.88,18.8,8,2.69,1,no
USR-11995,井上 幹,NM,117,area_code_510,no,yes,0,150.5,87,22.67,171.9,104,20.97,123.7,76,4.14,8.7,2,3.31,4,no
USR-11996,伊藤 稔,AL,111,area_code_415,yes,no,1,244.6,70,32.05,170.5,114,22.36,216.3,92,13.86,10.5,3,3.33,0,yes
USR-11997,渡辺 智也,AK,136,area_code_415,yes,no,0,319.3,134,33.93,190.8,82,14.73,215.8,78,2.68,4.3,7,3.1,2,yes
USR-11998,高橋 加奈,OR,100,area_code_415,no,no,0,92.0,102,24.0,244.9,143,12.49,193.8,98,5.52,4.9,4,3.15,5,no
USR-11999,斎藤 あすか,MN,55,area_code_510,yes,yes,34,181.6,104,47.91,164.1,95,18.23,238.7,78,7.31,10.1,8,2.07,0,no
USR-12000,清水 康弘,WA,168,area_code_408,no,no,0,169.0,101,36.8,151.8,105,15.65,115.3,119,8.53,9.0,4,1.16,0,no
USR-12001,高橋 あすか,SD,101,area_code_415,no,yes,0,216.9,104,23.29,176.4,135,14.51,178.0,78,6.25,9.9,3,4.16,1,no
USR-12002,石川 翼,NM,120,area_code_415,yes,no,0,195.7,120,22.02,236.1,85,19.84,172.8,100,6.38,9.7,8,2.92,4,yes
USR-12003,石川 修平,CO,157,area_code_415,yes,yes,0,180.2,71,41.76,286.5,110,8.81,243.9,123,11.34,9.4,4,3.04,1,yes
USR-12004,伊藤 千代,NC,42,area_code_415,no,no,29,164.3,94,16.3,326.7,107,20.37,173.4,95,11.21,16.2,8,3.44,3,no
USR-12005,木村 美加子,NJ,121,area_code_408,no,yes,0,163.7,121,34.41,189.7,122,28.26,178.0,101,8.05,9.8,3,2.72,1,yes
USR-12006,山口 桃子,ND,92,area_code_415,no,yes,0,325.2,79,40.64,120.5,66,11.75,90.6,100,3.38,10.8,3,3.88,2,no
USR-12007,佐藤 太郎,RI,96,area_code_415,no,no,0,178.6,128,39.12,102.6,125,19.69,122.0,129,6.59,11.1,5,1.58,2,no
USR-12008,村上 さゆり,NH,97,area_code_510,no,no,0,178.5,119,32.21,252.0,111,17.7,185.7,73,7.27,7.3,4,2.51,1,no
USR-12009,中村 裕美子,DE,177,area_code_415,yes,no,1,182.4,57,27.87,185.1,89,25.43,244.0,94,5.51,10.0,2,2.47,1,yes
USR-12010,山本 拓真,CO,97,area_code_415,no,no,0,152.3,109,35.39,117.8,105,9.57,129.6,114,8.42,9.4,3,3.53,4,no
USR-12011,林 京助,PA,130,area_code_408,no,no,0,179.8,104,35.33,123.5,106,12.18,176.5,75,7.77,6.1,7,3.39,2,yes
USR-12012,加藤 真綾,IL,131,area_code_415,yes,no,32,238.2,70,56.22,214.4,79,18.67,190.3,112,7.99,10.4,2,3.63,4,yes
USR-12013,田中 裕太,UT,190,area_code_510,no,yes,32,125.9,98,38.13,198.9,123,11.45,90.5,77,6.58,5.4,7,2.85,1,no
USR-12014,坂本 千代,OR,215,area_code_415,no,no,29,228.8,71,41.14,275.6,89,19.49,131.9,100,6.14,12.6,3,2.04,4,no
USR-12015,田中 陽子,LA,148,area_code_510,no,no,0,285.0,87,42.52,283.3,98,14.53,190.2,125,2.91,12.0,4,1.5,1,no
USR-12016,藤田 太一,LA,162,area_code_510,no,no,0,158.2,96,34.53,229.2,92,20.96,165.8,67,6.89,9.1,3,3.57,0,yes
USR-12017,鈴木 千代,CT,67,area_code_510,no,yes,43,239.1,69,20.18,181.0,59,17.18,139.7,102,3.92,12.4,3,3.09,1,no
USR-12018,中島 知実,WY,98,area_code_510,no,yes,47,230.2,109,13.06,241.2,98,16.72,236.5,95,7.82,11.1,8,4.39,1,no
USR-12019,高橋 舞,WY,194,area_code_415,no,yes,0,121.9,113,43.81,194.1,114,20.8,200.2,133,10.6,10.5,3,1.73,0,no
USR-12020,鈴木 裕太,AR,132,area_code_510,no,yes,34,166.1,122,16.88,165.1,131,17.78,89.0,48,9.35,12.8,3,3.3,0,no
USR-12021,木村 裕美子,MN,52,area_code_415,no,no,0,225.2,101,32.24,223.3,96,16.94,233.4,124,6.98,8.6,4,3.32,0,no
USR-12022,佐々木 加奈,NJ,120,area_code_415,no,no,0,324.1,92,42.82,173.6,95,12.02,195.3,107,7.46,11.3,5,1.51,1,yes
USR-12023,佐藤 京助,AK,25,area_code_510,no,yes,0,223.7,84,24.35,187.1,89,17.6,233.0,76,8.54,12.4,5,3.34,0,no
USR-12024,藤井 さゆり,WV,109,area_code_408,no,yes,0,77.2,129,28.31,205.9,95,16.89,219.9,84,9.47,15.4,8,2.78,3,no
USR-12025,渡辺 直子,WA,129,area_code_510,no,no,0,212.3,110,38.6,179.2,97,11.93,178.2,86,9.27,13.6,3,2.29,1,no
USR-12026,井上 篤司,AR,131,area_code_415,no,no,0,224.2,46,26.49,178.9,85,17.7,215.4,103,7.22,9.1,9,2.56,2,yes
USR-12027,高橋 千代,MT,106,area_code_510,yes,no,0,252.8,62,43.66,171.2,52,17.95,162.7,138,7.4,10.5,3,2.97,2,yes
USR-12028,高橋 春香,ME,141,area_code_415,no,no,34,199.5,80,51.38,248.8,124,21.86,238.4,45,7.51,10.1,4,1.75,0,no
USR-12029,山崎 亮介,NE,127,area_code_415,no,yes,36,196.7,108,34.01,235.8,112,11.41,215.8,118,8.68,8.8,7,2.02,2,no
USR-12030,清水 くみ子,IN,194,area_code_510,no,no,0,226.1,83,42.75,115.3,105,16.43,293.5,85,10.42,9.2,6,2.17,0,no
USR-12031,吉田 知実,DC,101,area_code_415,yes,yes,0,234.5,97,33.71,207.0,142,24.89,199.9,101,6.16,12.2,12,2.21,0,yes
USR-12032,青木 京助,KS,139,area_code_408,no,no,0,176.2,106,52.69,214.7,94,17.09,203.0,99,8.59,9.9,3,2.03,2,no
USR-12033,石川 健一,AL,132,area_code_415,no,no,0,262.7,80,30.31,140.7,98,16.74,150.5,123,8.99,10.5,5,2.88,1,no
USR-12034,山崎 学,IA,88,area_code_415,no,no,0,208.1,97,22.83,241.5,121,15.28,218.4,93,3.91,9.7,7,3.02,0,no
USR-12035,池田 治,WY,73,area_code_415,no,no,0,201.5,93,38.55,169.6,94,18.86,203.4,100,9.27,5.3,3,3.26,2,yes
USR-12036,佐々木 美加子,NV,116,area_code_415,no,no,0,165.2,78,40.47,270.0,104,12.68,211.6,107,6.22,12.0,3,0.41,3,no
USR-12037,藤原 千代,NM,102,area_code_415,yes,no,1,276.1,88,32.04,284.8,91,17.49,217.7,84,4.33,10.8,8,3.51,0,no
USR-12038,長谷川 あすか,LA,136,area_code_510,no,yes,35,148.6,111,17.12,208.8,121,16.28,195.0,131,8.88,6.8,4,4.42,1,no
USR-12039,佐藤 桃子,TN,41,area_code_408,no,yes,0,171.0,113,36.48,218.7,114,17.71,194.4,116,9.1,15.2,3,3.62,1,no
USR-12040,中村 明美,AR,48,area_code_415,no,no,0,155.5,104,17.35,219.2,139,23.08,231.2,66,10.02,8.2,3,2.04,1,yes
USR-12041,斎藤 千代,OR,42,area_code_415,no,yes,24,203.3,128,18.16,228.0,101,30.35,280.3,76,7.85,9.4,3,2.85,1,no
USR-12042,田中 千代,CO,196,area_code_510,yes,yes,29,166.6,96,45.51,292.7,60,15.23,158.4,77,5.95,12.7,7,3.61,1,yes
USR-12043,佐藤 さゆり,CT,70,area_code_408,no,yes,49,287.6,87,16.79,325.8,85,19.29,215.9,67,5.29,9.2,4,0.37,2,no
USR-12044,鈴木 裕樹,NJ,107,area_code_510,no,no,31,174.5,104,35.64,278.3,89,25.0,120.9,118,9.08,12.6,8,2.65,1,no
USR-12045,三浦 亮介,NC,45,area_code_510,no,yes,1,292.6,100,40.58,195.9,114,18.0,224.3,141,9.56,10.7,3,2.36,1,no
USR-12046,高橋 直子,NY,130,area_code_408,yes,no,0,170.7,93,43.03,225.1,133,16.75,164.1,84,7.9,6.8,2,2.76,2,yes
USR-12047,加藤 里佳,VT,117,area_code_510,yes,no,0,220.2,91,38.18,220.5,87,22.43,160.1,107,1.53,9.1,5,3.29,1,yes
USR-12048,村上 智也,WA,93,area_code_510,no,no,0,181.1,117,4.35,201.7,118,12.13,135.8,99,3.65,9.9,3,2.49,1,yes
USR-12049,佐々木 直樹,PA,34,area_code_415,no,no,1,228.3,82,34.29,143.4,121,19.74,157.8,105,4.48,3.2,3,0.11,1,no
USR-12050,佐藤 亮介,CA,110,area_code_510,no,no,1,257.5,88,26.72,247.0,94,11.59,234.3,94,7.7,8.7,3,3.58,1,yes
USR-12051,前田 明美,VT,162,area_code_415,no,no,21,176.5,106,43.31,161.6,131,14.14,245.2,78,11.38,6.8,7,3.06,1,yes
USR-12052,井上 亮介,TN,102,area_code_415,no,no,0,184.7,94,50.46,107.7,107,13.6,116.5,84,6.47,0.0,6,3.15,1,yes
USR-12053,山下 桃子,ID,14,area_code_415,no,no,0,192.2,87,39.58,160.0,129,17.2,230.6,58,10.63,6.3,6,2.69,1,yes
USR-12054,佐藤 浩,AL,86,area_code_510,no,no,0,238.4,94,33.49,259.3,103,19.57,124.0,125,5.99,10.0,10,2.77,1,no
USR-12055,清水 太郎,SC,24,area_code_415,no,yes,0,295.1,104,38.2,228.0,92,20.64,192.5,109,6.42,13.0,3,4.63,1,no
USR-12056,青木 裕樹,IA,91,area_code_510,no,no,0,203.0,96,45.84,223.6,101,16.71,162.2,95,4.87,6.6,9,2.09,0,no
USR-12057,小林 太郎,MT,92,area_code_510,no,no,0,155.4,87,34.89,177.7,121,15.85,219.5,118,4.64,9.7,7,3.37,0,no
USR-12058,伊藤 直子,NJ,100,area_code_510,no,no,0,299.2,126,32.74,218.9,111,18.16,159.4,114,8.53,7.2,4,2.59,2,no
USR-12059,小林 晃,MT,118,area_code_415,no,yes,29,297.1,68,42.15,164.0,90,13.29,97.4,70,2.8,0.0,7,0.69,2,no
USR-12060,田中 くみ子,VA,113,area_code_415,yes,yes,0,134.5,77,26.06,120.6,62,17.39,172.8,82,8.45,10.4,5,3.21,1,no
USR-12061,井上 結衣,WV,67,area_code_408,no,no,0,153.9,100,53.62,194.9,125,17.05,233.6,94,8.82,8.9,4,2.43,0,yes
USR-12062,橋本 直人,NJ,85,area_code_415,no,yes,20,253.0,107,16.64,278.4,117,21.91,175.1,104,8.56,7.2,9,2.07,3,no
USR-12063,小林 浩,MN,48,area_code_408,yes,no,0,303.2,96,27.89,178.7,131,16.08,178.8,104,5.03,8.0,5,3.46,1,no
USR-12064,田中 七夏,WI,130,area_code_415,no,no,0,229.8,111,13.16,320.7,83,16.4,213.9,111,10.44,14.1,9,3.27,1,no
USR-12065,村上 加奈,ND,91,area_code_415,no,no,31,243.2,36,30.34,224.6,88,18.08,201.2,30,2.01,15.1,4,3.02,1,no
USR-12066,長谷川 花子,SC,87,area_code_510,no,yes,0,207.3,139,23.18,223.6,126,21.42,155.0,91,5.76,10.7,8,1.68,2,no
USR-12067,高橋 直樹,WI,140,area_code_415,yes,yes,32,255.4,81,50.11,255.5,99,16.98,251.4,66,8.99,11.8,4,2.64,0,no
USR-12068,渡辺 亮介,NE,169,area_code_408,no,yes,36,207.5,86,15.59,218.5,137,18.91,185.1,87,6.86,9.2,5,3.7,3,no
USR-12069,渡辺 あすか,AR,106,area_code_510,yes,no,0,196.8,77,37.65,75.1,74,15.04,157.1,104,12.35,14.6,3,3.1,1,yes
USR-12070,加藤 あすか,MN,81,area_code_415,no,yes,0,193.0,104,33.25,149.4,128,8.19,112.0,85,7.4,13.0,3,2.0,6,no
USR-12071,山本 晃,NM,88,area_code_510,no,no,0,185.9,87,10.84,263.1,111,19.38,175.9,113,8.22,9.3,8,3.22,3,no
USR-12072,加藤 充,MI,109,area_code_408,no,yes,0,165.1,93,45.12,230.4,105,20.28,151.8,66,9.46,12.0,7,2.38,1,no
USR-12073,阿部 七夏,LA,112,area_code_408,no,yes,0,230.5,97,16.66,150.3,79,17.51,143.8,114,10.82,16.6,11,3.63,2,yes
USR-12074,林 明美,CO,131,area_code_408,no,yes,0,218.9,103,18.92,277.8,80,20.28,177.9,137,9.18,3.0,3,3.64,1,no
USR-12075,太田 七夏,MS,95,area_code_510,no,yes,0,180.4,121,25.84,293.5,87,17.56,165.5,69,6.79,12.8,3,0.8,2,no
USR-12076,阿部 直子,VT,62,area_code_415,yes,yes,0,199.2,102,39.28,210.1,107,17.58,158.9,108,7.7,14.6,8,2.47,0,no
USR-12077,西村 陽子,KS,84,area_code_510,no,yes,0,200.1,111,25.67,256.7,76,18.86,207.6,53,2.2,11.8,4,2.2,6,no
USR-12078,松本 桃子,IN,28,area_code_510,no,no,1,270.5,59,27.48,227.3,131,19.81,155.3,110,1.7,14.2,5,1.83,1,no
USR-12079,加藤 直人,SD,84,area_code_415,no,yes,20,210.3,56,30.43,171.1,115,23.36,259.5,69,6.52,11.7,5,3.3,3,no
USR-12080,田中 結衣,OR,72,area_code_415,no,yes,36,232.1,102,28.41,159.2,129,16.26,198.7,93,11.55,10.7,3,2.58,1,no
USR-12081,田中 春香,DC,55,area_code_408,no,no,0,191.9,84,43.08,182.8,101,17.41,159.2,79,9.63,11.1,11,3.3,0,no
USR-12082,佐藤 和也,LA,142,area_code_408,no,yes,27,212.6,91,34.29,240.8,87,10.66,136.1,104,3.77,12.0,7,1.4,2,yes
USR-12083,小林 知実,NY,33,area_code_510,yes,no,0,201.0,88,31.8,333.2,106,21.19,248.3,51,8.53,12.2,7,2.72,2,yes
USR-12084,山崎 篤司,MT,32,area_code_415,no,no,0,239.6,94,39.16,176.0,125,19.44,206.1,151,6.63,10.9,3,2.15,1,no
USR-12085,小林 充,WA,78,area_code_415,no,no,0,220.5,105,21.97,161.4,129,16.78,137.0,121,8.92,8.1,3,1.8,1,no
USR-12086,坂本 陽子,WI,98,area_code_408,no,no,0,255.7,79,41.42,184.8,140,14.7,261.1,99,4.15,8.8,7,2.33,1,no
USR-12087,渡辺 康弘,MD,212,area_code_510,no,yes,52,184.4,72,29.85,273.3,74,14.93,134.7,91,4.53,7.1,6,2.31,0,no
USR-12088,清水 翼,ME,83,area_code_408,no,yes,0,244.0,108,21.58,181.4,67,21.85,106.8,80,5.06,15.3,4,1.86,1,no
USR-12089,佐藤 京助,TN,123,area_code_510,no,no,0,297.0,114,25.09,262.0,75,19.44,148.9,95,4.01,10.9,2,2.56,1,yes
USR-12090,山田 充,MO,99,area_code_510,no,no,27,158.5,77,38.23,203.0,128,19.92,126.5,109,8.41,13.6,5,2.06,1,no
USR-12091,村上 零,KY,148,area_code_415,no,no,0,256.2,59,28.51,191.3,99,14.51,168.9,142,6.26,9.3,1,1.76,2,no
USR-12092,藤井 加奈,CT,130,area_code_415,yes,no,0,180.7,82,38.52,208.5,123,17.97,221.0,89,8.58,10.1,9,2.9,1,no
USR-12093,小川 里佳,MS,136,area_code_408,no,no,0,278.4,76,17.69,182.1,116,18.26,238.8,51,4.45,10.9,3,2.73,2,no
USR-12094,阿部 花子,WY,71,area_code_510,no,yes,0,177.1,127,27.65,210.7,125,16.5,176.3,110,10.48,10.2,2,3.34,1,no
USR-12095,高橋 稔,IN,15,area_code_408,no,no,0,146.9,111,33.6,201.5,95,21.67,205.8,92,14.26,7.8,5,2.85,0,no
USR-12096,斉藤 太郎,PA,95,area_code_408,no,no,0,248.2,97,38.56,167.9,85,11.53,230.4,118,7.78,13.9,3,2.72,2,no
USR-12097,加藤 修平,CO,123,area_code_408,no,yes,48,201.3,119,30.45,213.4,106,11.2,220.4,69,8.61,8.0,4,3.32,1,yes
USR-12098,斎藤 花子,MN,27,area_code_408,no,no,24,153.4,97,39.29,218.3,111,10.77,310.8,106,6.81,10.8,1,2.81,1,no
USR-12099,佐々木 京助,NH,159,area_code_510,no,yes,47,208.1,120,37.82,217.7,107,15.87,200.1,100,6.69,9.0,3,2.01,1,no
USR-12100,山崎 里佳,IL,100,area_code_415,no,no,25,209.4,99,9.93,251.3,122,18.55,221.6,140,9.78,9.6,1,2.83,3,yes
USR-12101,田中 修平,VT,230,area_code_415,no,no,0,206.7,119,32.09,209.6,138,22.18,180.7,69,6.77,11.2,5,2.44,4,no
USR-12102,鈴木 舞,MA,83,area_code_510,no,no,0,213.4,103,48.21,251.9,91,19.83,181.6,121,2.77,11.6,5,2.52,3,no
USR-12103,阿部 零,CA,91,area_code_415,yes,no,0,286.1,90,26.81,140.8,102,20.16,142.0,92,10.37,16.2,2,3.48,1,no
USR-12104,石井 直人,KS,95,area_code_408,yes,no,30,241.2,77,17.55,167.6,104,19.43,196.7,119,11.87,11.6,5,1.29,0,no
USR-12105,高橋 花子,AZ,203,area_code_408,no,no,0,326.0,44,37.99,224.3,137,15.66,173.8,109,7.85,6.2,8,2.83,1,no
USR-12106,田中 里佳,NC,177,area_code_415,no,yes,0,247.8,58,39.48,299.9,77,16.58,199.1,150,8.82,7.9,4,2.39,1,no
USR-12107,森 裕樹,WA,74,area_code_415,no,yes,37,236.0,82,31.68,98.1,97,19.67,181.3,132,7.11,16.9,4,2.64,1,no
USR-12108,山本 香織,KS,111,area_code_408,yes,yes,1,210.0,94,37.54,191.7,72,10.37,251.6,102,7.44,8.5,4,3.4,1,yes
USR-12109,小林 加奈,NJ,194,area_code_510,no,no,0,220.8,94,24.81,236.8,98,9.63,164.2,65,7.12,12.2,2,2.62,0,yes
USR-12110,阿部 くみ子,FL,159,area_code_408,yes,no,38,229.4,113,34.1,215.8,103,16.16,187.0,104,7.14,3.4,8,2.13,4,yes
USR-12111,高橋 康弘,DC,226,area_code_510,no,no,0,207.1,135,19.2,319.2,112,25.65,149.3,106,8.74,8.0,3,1.66,1,yes
USR-12112,山下 幹,NJ,106,area_code_408,yes,yes,0,120.2,87,22.55,250.9,83,12.53,132.1,86,7.85,8.2,3,2.18,1,no
USR-12113,西村 修平,MD,182,area_code_415,no,no,0,200.1,107,30.98,187.2,117,23.91,167.4,68,12.47,10.8,8,3.82,1,yes
USR-12114,佐々木 明美,MN,104,area_code_415,no,no,0,259.8,46,34.23,228.1,84,19.65,258.7,84,6.1,12.8,9,3.0,2,no
USR-12115,小林 浩,MS,125,area_code_415,no,no,1,229.9,91,31.74,219.2,95,15.68,135.8,102,5.39,13.5,9,3.46,1,no
USR-12116,松本 春香,NM,213,area_code_415,no,no,41,215.9,62,34.32,216.4,112,18.5,201.7,80,4.07,3.4,5,2.46,0,no
USR-12117,佐々木 真綾,VT,71,area_code_415,no,yes,0,240.2,95,26.5,187.5,96,6.73,183.8,90,8.39,9.9,3,4.06,1,no
USR-12118,鈴木 舞,NC,41,area_code_415,no,yes,0,297.0,101,36.22,221.3,102,15.3,293.2,117,7.74,9.7,8,1.33,2,no
USR-12119,中川 美加子,WI,106,area_code_510,no,no,27,189.4,118,43.9,219.0,125,22.96,169.8,68,3.69,6.2,3,3.3,3,no
USR-12120,高橋 さゆり,NY,106,area_code_408,no,yes,44,223.6,82,31.9,206.8,162,17.57,144.8,105,10.23,8.2,3,2.34,1,no
USR-12121,松田 さゆり,KS,97,area_code_408,yes,yes,0,190.7,75,21.24,224.6,113,22.44,302.1,83,7.92,11.0,3,4.34,4,no
USR-12122,田中 晃,WI,74,area_code_415,no,no,1,183.0,89,41.59,112.7,87,15.29,225.2,137,6.82,9.8,9,3.65,2,no
USR-12123,佐藤 洋介,VA,55,area_code_510,no,yes,0,242.8,80,37.46,202.8,135,17.36,131.1,95,0.88,10.6,9,2.15,1,no
USR-12124,佐々木 直樹,OR,173,area_code_408,no,no,0,230.3,115,30.16,149.0,104,11.95,148.0,139,8.09,12.7,7,2.8,2,no
USR-12125,森 健一,CO,133,area_code_510,no,no,0,214.4,94,22.16,220.0,123,17.14,215.2,115,9.51,10.2,8,2.06,0,yes
USR-12126,山崎 裕太,ND,159,area_code_510,no,yes,0,168.4,99,31.98,281.7,93,28.87,197.3,84,4.08,10.4,7,3.14,5,no
USR-12127,佐藤 知実,AL,132,area_code_510,no,no,0,260.8,99,31.44,297.1,123,17.66,164.8,86,10.77,10.3,3,3.08,1,yes
USR-12128,中島 くみ子,MO,31,area_code_408,no,no,0,212.7,60,29.83,140.1,114,16.55,225.5,52,8.55,10.4,3,4.29,2,no
USR-12129,遠藤 明美,NV,181,area_code_408,yes,yes,33,182.3,106,34.8,81.8,53,21.71,134.9,79,11.49,10.3,5,2.34,1,no
USR-12130,岡田 裕美子,OK,189,area_code_510,yes,no,0,181.8,126,31.33,117.6,79,19.39,194.5,91,10.94,17.5,3,3.15,0,yes
USR-12131,井上 陽一,WI,94,area_code_415,no,no,0,222.3,95,37.28,198.2,139,18.05,124.0,84,6.43,8.5,10,4.13,2,no
USR-12132,坂本 あすか,OR,110,area_code_408,no,yes,36,268.3,102,21.15,317.2,84,20.31,147.0,138,9.4,11.0,3,2.33,1,no
USR-12133,佐々木 稔,WY,205,area_code_415,yes,yes,0,300.4,83,29.72,186.4,73,20.71,260.9,90,9.0,14.8,4,2.95,1,no
USR-12134,前田 涼平,MT,92,area_code_415,yes,no,17,164.8,96,23.45,217.2,101,19.43,197.6,118,6.56,9.6,3,3.75,1,yes
USR-12135,中村 涼平,MN,157,area_code_510,yes,no,0,255.1,87,31.03,257.4,93,15.2,115.5,97,8.26,13.9,10,4.24,2,yes
USR-12136,坂本 学,HI,86,area_code_408,no,no,35,259.7,91,19.99,95.0,93,20.24,111.3,56,9.06,13.3,3,4.26,1,no
USR-12137,後藤 直子,SD,177,area_code_510,no,no,27,162.1,139,24.17,282.3,137,21.51,150.0,86,4.56,9.7,3,2.49,1,no
USR-12138,木村 直人,VT,96,area_code_415,no,no,0,199.2,125,16.55,204.7,88,19.51,189.6,92,3.73,11.6,5,4.05,1,no
USR-12139,前田 浩,NE,94,area_code_408,no,yes,0,185.4,120,35.83,225.9,139,17.49,147.4,141,8.48,5.1,5,1.93,1,yes
USR-12140,林 結衣,IA,121,area_code_510,no,yes,28,299.3,84,23.64,143.3,115,15.85,110.3,121,4.92,10.1,3,3.54,1,no
USR-12141,遠藤 くみ子,WY,121,area_code_415,no,yes,43,242.7,54,46.17,179.2,110,27.64,231.8,77,12.08,10.0,4,2.93,0,no
USR-12142,山田 晃,TN,109,area_code_408,no,no,37,225.4,72,15.55,257.9,106,20.23,134.3,45,7.4,13.8,4,3.42,2,no
USR-12143,鈴木 健一,IA,93,area_code_510,yes,no,0,244.0,45,27.76,277.8,95,15.23,269.3,101,12.58,16.2,4,4.15,1,yes
USR-12144,池田 稔,KS,130,area_code_408,yes,yes,0,227.3,52,39.06,237.3,112,13.9,181.5,103,6.49,11.9,6,4.06,2,yes
USR-12145,田中 聡太郎,SD,126,area_code_415,no,no,1,173.8,114,41.22,281.5,98,18.48,40.2,71,6.09,11.0,3,2.11,1,yes
USR-12146,山崎 結衣,WY,98,area_code_510,no,no,0,113.5,106,14.9,200.6,121,15.52,149.4,108,5.06,9.3,16,2.57,2,no
USR-12147,山口 さゆり,NC,111,area_code_415,no,yes,0,201.9,78,53.1,161.2,67,16.24,225.8,139,7.34,8.8,8,3.06,3,no
USR-12148,伊藤 稔,MI,119,area_code_415,yes,no,0,234.1,99,26.74,214.7,89,23.9,73.9,92,5.8,10.5,3,2.28,1,yes
USR-12149,渡辺 智也,NH,189,area_code_415,no,yes,36,211.1,90,27.56,253.3,95,13.62,164.5,116,10.33,7.7,8,2.08,1,no
USR-12150,松田 あすか,SD,63,area_code_408,no,yes,0,304.4,92,19.24,205.8,106,19.36,189.0,110,9.31,11.9,3,2.99,2,no
USR-12151,池田 七夏,UT,133,area_code_415,no,yes,24,99.1,102,36.8,215.8,88,11.48,183.0,90,3.8,7.8,3,2.29,1,no
USR-12152,木村 明美,NH,171,area_code_415,no,no,31,187.0,95,31.65,204.8,81,20.93,147.2,104,8.14,9.1,3,3.98,1,no
USR-12153,高橋 直樹,MT,153,area_code_510,no,no,0,220.5,68,34.74,144.8,93,7.02,230.8,115,3.14,9.9,4,2.64,0,no
USR-12154,小林 康弘,TX,148,area_code_510,yes,no,0,258.1,59,36.38,127.1,76,19.87,123.1,70,4.59,10.8,3,1.78,1,yes
USR-12155,佐藤 裕美子,OR,128,area_code_415,no,no,40,258.9,66,40.26,268.8,107,17.03,177.5,112,8.0,10.0,2,3.65,1,no
USR-12156,阿部 智也,CO,184,area_code_408,yes,no,0,196.6,111,56.6,153.6,52,15.51,158.4,116,3.87,13.4,2,2.6,1,yes
USR-12157,鈴木 直人,KS,90,area_code_510,no,yes,0,260.0,115,43.69,313.5,138,18.03,241.0,75,4.64,13.4,2,3.67,1,yes
USR-12158,山田 香織,TN,127,area_code_415,no,no,41,185.2,96,34.09,305.0,100,10.06,180.6,140,8.03,12.6,4,0.0,0,no
USR-12159,佐藤 幹,AL,72,area_code_408,no,no,0,205.5,112,25.74,252.2,144,12.41,154.7,100,5.73,7.7,9,2.49,1,no
USR-12160,井上 結衣,PA,56,area_code_510,no,no,0,226.2,87,39.51,213.0,130,17.11,204.3,134,7.43,10.9,3,3.72,2,no
USR-12161,池田 里佳,CT,119,area_code_408,no,no,22,196.7,117,35.55,170.5,106,16.5,157.7,99,9.7,0.0,4,1.67,0,no
USR-12162,木村 零,RI,65,area_code_510,no,no,0,269.6,104,32.61,285.7,114,15.5,166.3,113,9.83,15.3,4,2.7,2,no
USR-12163,森 裕美子,WI,109,area_code_415,no,no,15,321.0,81,32.03,187.3,128,16.48,249.1,119,11.13,9.8,5,2.55,1,no
USR-12164,前田 陽一,MA,132,area_code_415,no,no,0,249.2,58,10.69,216.6,78,19.31,123.3,66,8.1,11.3,3,3.65,1,no
USR-12165,松本 裕美子,WA,202,area_code_415,no,yes,37,239.2,50,46.98,235.9,110,27.81,193.2,123,5.67,9.3,8,2.6,1,no
USR-12166,伊藤 美加子,AZ,203,area_code_510,no,no,35,239.9,120,26.27,289.8,113,13.47,187.2,110,10.61,3.4,3,2.18,0,no
USR-12167,橋本 春香,OH,27,area_code_408,no,no,0,148.6,79,32.34,186.4,133,18.42,127.3,80,4.6,10.5,3,3.25,1,no
USR-12168,中川 七夏,OR,173,area_code_415,yes,yes,0,200.3,88,31.71,329.6,121,18.28,183.7,87,11.31,9.0,6,2.51,0,yes
USR-12169,鈴木 七夏,WY,17,area_code_408,no,yes,31,212.7,101,38.35,191.6,95,14.27,197.5,130,9.54,8.9,4,2.87,1,no
USR-12170,藤井 真綾,NH,163,area_code_415,no,yes,0,225.3,62,28.86,244.4,97,18.13,231.6,129,4.98,10.3,9,2.89,2,no
USR-12171,遠藤 千代,LA,162,area_code_510,no,yes,0,255.3,106,37.41,271.6,130,16.55,146.9,92,8.29,9.0,3,3.73,0,no
USR-12172,田中 稔,WV,125,area_code_415,no,no,0,224.4,91,38.62,199.4,95,9.02,149.2,121,6.61,9.0,8,3.87,2,yes
USR-12173,伊藤 加奈,WV,132,area_code_510,no,no,27,173.0,92,48.98,246.3,142,13.73,201.8,139,6.57,9.4,3,2.22,1,yes
USR-12174,山崎 里佳,TN,5,area_code_415,yes,no,0,235.4,135,24.69,267.7,121,15.77,164.0,117,6.69,8.9,7,1.72,1,no
USR-12175,佐々木 洋介,ME,23,area_code_408,no,yes,0,149.8,86,33.98,205.8,111,18.52,252.2,117,12.7,11.1,7,1.88,1,no
USR-12176,吉田 京助,OH,86,area_code_510,no,yes,37,169.3,102,25.82,233.8,100,18.09,176.5,95,6.58,12.4,3,2.21,0,no
USR-12177,後藤 裕美子,MT,156,area_code_415,no,yes,0,215.3,86,38.65,136.2,106,15.51,103.7,82,8.12,9.8,9,2.93,1,no
USR-12178,木村 あすか,MA,120,area_code_415,no,no,27,222.5,102,15.48,211.7,110,21.55,279.3,77,7.91,6.6,5,3.44,3,no
USR-12179,加藤 美加子,FL,146,area_code_510,no,no,0,271.7,89,33.25,184.8,125,17.55,214.4,68,10.16,11.4,7,3.08,4,yes
USR-12180,坂本 裕樹,NJ,95,area_code_415,no,yes,36,178.9,95,35.37,221.7,130,17.5,158.3,130,3.15,6.0,3,1.84,2,no
USR-12181,田中 舞,MI,134,area_code_408,no,yes,33,251.2,86,25.73,229.9,112,15.8,176.0,97,3.98,7.4,2,1.56,2,no
USR-12182,鈴木 稔,OR,118,area_code_510,no,no,0,276.0,84,40.83,332.6,86,17.62,165.5,101,5.08,7.8,3,2.49,2,no
USR-12183,伊藤 洋介,GA,74,area_code_510,no,yes,1,226.6,82,38.69,245.0,92,7.27,183.7,136,5.71,10.7,2,2.37,3,no
USR-12184,林 聡太郎,IL,51,area_code_415,no,no,0,165.7,140,41.87,207.8,97,14.3,170.0,138,8.8,11.4,3,1.05,1,yes
USR-12185,清水 里佳,UT,203,area_code_408,yes,yes,0,212.3,96,29.96,206.7,85,11.8,158.1,80,4.22,12.5,3,3.81,1,no
USR-12186,山本 充,IL,36,area_code_408,no,no,0,217.1,101,28.1,187.8,95,18.33,240.5,72,3.52,4.4,2,2.95,1,no
USR-12187,阿部 春香,NV,67,area_code_415,no,no,39,167.7,107,31.68,226.7,105,17.95,212.2,107,3.16,9.0,4,1.94,1,no
USR-12188,佐藤 零,MN,138,area_code_408,no,no,0,213.9,107,39.38,213.3,75,20.85,148.6,94,6.85,9.3,3,2.91,2,no
USR-12189,鈴木 結衣,NJ,118,area_code_408,no,yes,0,309.4,107,14.61,198.1,128,8.4,159.3,116,6.1,8.4,3,3.12,4,no
USR-12190,佐藤 直子,NY,78,area_code_415,no,yes,0,209.6,110,37.96,219.7,81,20.39,151.7,75,6.94,12.2,1,3.19,2,no
USR-12191,藤原 涼平,KS,97,area_code_408,no,no,0,278.1,101,34.0,198.1,83,18.5,227.7,86,13.58,8.4,7,2.86,2,yes
USR-12192,佐藤 零,LA,79,area_code_510,no,yes,0,193.3,101,19.71,211.3,136,25.7,200.9,111,8.89,8.9,5,2.11,2,no
USR-12193,中村 舞,OR,71,area_code_510,yes,no,0,208.2,154,54.8,213.3,113,13.56,158.2,96,8.12,12.8,8,3.89,1,yes
USR-12194,佐藤 陽子,SD,34,area_code_408,no,no,0,331.3,99,23.96,208.9,112,21.42,216.6,155,4.75,12.4,3,2.68,1,yes
USR-12195,橋本 京助,ID,102,area_code_415,no,no,29,102.5,117,34.24,166.2,102,19.15,76.1,116,8.53,13.2,3,1.75,1,no
USR-12196,太田 英樹,OH,184,area_code_415,no,no,0,215.5,54,35.11,207.6,101,20.16,127.6,93,2.18,11.5,10,3.92,0,no
USR-12197,石川 裕太,TX,88,area_code_510,no,yes,0,186.2,102,11.59,167.4,73,21.06,140.9,93,5.44,9.2,3,3.98,1,no
USR-12198,佐藤 陽一,SD,109,area_code_415,yes,no,0,318.7,85,27.77,173.6,93,21.33,118.0,112,4.35,12.3,3,2.18,2,no
USR-12199,山本 くみ子,MS,109,area_code_415,no,no,0,236.1,87,26.8,204.2,117,18.32,259.6,132,6.42,4.9,3,5.14,1,no
USR-12200,渡辺 和也,TN,82,area_code_408,no,no,0,175.7,110,24.43,111.6,106,13.67,222.6,76,9.36,9.5,3,3.56,0,no
USR-12201,斎藤 稔,MN,133,area_code_510,no,no,0,199.3,63,33.55,355.9,111,24.38,140.2,69,4.06,3.0,3,2.31,1,no
USR-12202,山崎 千代,DC,114,area_code_415,no,yes,39,246.9,88,25.49,187.8,120,17.6,275.6,84,11.97,9.1,3,3.07,4,yes
USR-12203,佐々木 浩,WA,90,area_code_415,no,no,1,105.0,134,33.26,226.7,95,21.32,108.8,105,7.16,8.2,3,2.09,1,no
USR-12204,小林 千代,MO,153,area_code_408,no,yes,0,200.7,115,4.06,272.8,98,20.68,174.5,112,8.02,10.6,7,2.98,1,no
USR-12205,高橋 修平,IN,80,area_code_408,no,yes,0,148.1,109,29.88,344.4,91,28.83,282.8,79,12.36,10.5,7,3.41,1,no
USR-12206,山口 零,PA,187,area_code_408,no,no,0,197.3,114,30.31,218.7,61,17.97,248.0,85,2.96,8.7,4,3.15,1,no
USR-12207,山本 和也,OR,176,area_code_415,no,no,0,192.1,107,38.03,162.8,101,19.32,146.4,99,9.49,9.6,3,2.81,3,no
USR-12208,遠藤 聡太郎,AL,22,area_code_510,no,yes,36,204.3,109,38.03,249.7,116,22.44,282.6,113,7.84,14.8,8,3.07,0,no
USR-12209,佐藤 香織,AR,152,area_code_510,yes,yes,41,229.1,81,29.12,277.1,94,15.19,172.6,134,5.9,9.4,6,1.98,1,no
USR-12210,山田 直子,ME,183,area_code_408,no,yes,0,214.4,105,32.48,175.9,109,15.27,192.5,99,5.01,6.1,5,4.76,2,no
USR-12211,青木 さゆり,CA,75,area_code_415,yes,no,0,215.3,99,27.13,273.8,134,18.43,169.5,117,7.15,4.2,3,2.33,0,yes
USR-12212,佐藤 学,MO,88,area_code_408,no,yes,0,226.9,83,22.99,245.9,113,18.93,205.8,72,9.31,8.4,6,3.01,1,no
USR-12213,村上 聡太郎,RI,151,area_code_415,no,yes,0,219.1,123,41.78,265.6,121,17.7,217.5,161,7.58,9.5,4,2.85,4,no
USR-12214,小林 結衣,OR,131,area_code_408,yes,yes,29,217.6,109,56.22,159.4,94,18.31,148.1,66,7.08,13.4,9,3.7,1,yes
USR-12215,林 智也,NE,100,area_code_408,no,no,1,214.1,108,29.94,296.4,130,16.94,241.5,58,11.84,11.1,4,3.02,2,no
USR-12216,三浦 結衣,PA,79,area_code_415,no,yes,29,184.1,79,51.89,204.0,110,15.4,309.9,158,10.71,13.3,3,2.12,1,no
USR-12217,岡田 幹,NH,140,area_code_510,no,yes,28,108.8,93,28.64,217.7,126,15.62,264.5,92,7.22,11.9,9,1.11,3,no
USR-12218,近藤 加奈,ME,121,area_code_408,no,yes,0,198.1,113,53.2,100.9,97,20.35,125.8,98,7.37,11.8,8,3.02,0,no
USR-12219,山本 幹,NH,37,area_code_408,no,no,0,229.5,95,25.56,162.5,69,15.85,212.7,65,10.63,7.2,8,2.05,0,no
USR-12220,中島 直子,AZ,84,area_code_415,yes,yes,0,254.2,73,29.73,230.5,106,13.05,225.7,90,7.74,6.7,1,3.68,1,no
USR-12221,鈴木 京助,NH,76,area_code_510,no,no,0,220.0,102,22.79,241.0,104,22.19,114.7,78,7.34,16.1,3,1.8,1,no
USR-12222,佐藤 結衣,SC,85,area_code_510,no,yes,21,204.0,86,37.91,182.9,118,25.78,197.6,104,8.64,10.0,3,3.04,2,no
USR-12223,松本 浩,NY,97,area_code_408,no,yes,37,193.1,100,9.17,184.2,74,16.14,135.0,119,9.37,13.7,5,3.12,0,no
USR-12224,佐々木 くみ子,TN,83,area_code_408,no,no,27,181.3,133,28.81,235.9,95,16.7,200.9,118,12.8,8.1,8,2.57,1,no
USR-12225,佐藤 花子,HI,132,area_code_415,no,no,0,202.1,105,41.04,263.5,134,21.69,204.3,128,5.66,10.3,3,2.81,1,no
USR-12226,坂本 七夏,AK,69,area_code_415,yes,no,0,178.8,88,27.36,176.9,92,21.38,189.6,66,5.71,11.3,9,3.09,1,no
USR-12227,山崎 裕樹,NY,197,area_code_415,no,no,0,255.2,82,29.28,244.6,109,13.57,187.0,102,8.69,10.6,6,3.97,0,yes
USR-12228,中川 学,MN,100,area_code_415,yes,no,0,212.4,102,40.19,105.4,58,19.24,142.4,91,9.97,9.0,5,3.11,1,no
USR-12229,加藤 浩,AR,114,area_code_510,no,yes,35,220.0,115,17.24,228.8,83,11.67,201.8,109,6.42,9.2,2,1.85,2,no
USR-12230,鈴木 翔太,PA,104,area_code_510,yes,no,0,179.0,110,29.53,138.1,111,21.66,117.1,119,7.76,7.7,3,2.89,1,no
USR-12231,中川 加奈,WY,150,area_code_415,no,no,0,192.4,112,31.99,191.1,82,12.12,123.5,99,6.79,15.0,4,3.47,0,no
USR-12232,小川 翔太,NC,124,area_code_415,no,yes,0,210.1,103,34.35,187.5,113,17.4,206.9,107,9.96,9.4,3,2.6,1,no
USR-12233,青木 聡太郎,MO,145,area_code_408,no,yes,0,210.9,84,27.62,299.6,125,17.36,222.1,104,6.81,8.8,3,2.01,1,no
USR-12234,田中 稔,MI,12,area_code_510,no,yes,28,236.8,111,32.53,234.2,92,19.81,193.6,122,9.0,11.6,9,2.48,1,yes
USR-12235,伊藤 零,NV,207,area_code_415,no,no,0,198.5,104,48.01,176.9,129,11.85,148.3,119,3.37,9.2,6,3.05,2,yes
USR-12236,西村 治,CT,133,area_code_408,no,yes,36,192.6,65,16.21,283.9,81,16.11,181.4,104,3.47,14.3,3,3.26,1,no
USR-12237,高橋 加奈,WI,55,area_code_408,yes,yes,0,169.4,86,32.57,192.2,158,7.8,273.6,76,9.17,12.9,6,2.29,1,yes
USR-12238,田中 直子,MN,27,area_code_415,no,yes,0,179.7,118,29.34,60.1,138,15.62,197.2,101,10.96,13.4,3,2.92,1,no
USR-12239,高橋 淳,RI,133,area_code_510,no,yes,1,239.7,98,41.85,178.0,80,14.55,120.7,64,9.37,12.0,3,3.19,1,no
USR-12240,藤原 くみ子,PA,115,area_code_408,no,yes,0,215.7,67,31.05,180.5,83,17.76,120.4,55,8.05,10.5,9,3.82,1,no
USR-12241,小川 洋介,AL,166,area_code_415,no,no,0,232.3,49,37.09,165.9,137,14.78,222.8,96,4.67,8.6,9,4.79,3,yes
USR-12242,松本 修平,TX,92,area_code_510,no,no,0,229.2,87,37.57,216.7,137,18.81,251.9,100,6.87,8.4,3,2.96,1,no
USR-12243,吉田 春香,HI,174,area_code_415,no,no,0,229.7,74,28.57,127.2,121,22.18,171.0,113,6.41,8.7,3,2.31,1,yes
USR-12244,小林 直人,MN,114,area_code_408,no,no,0,223.9,93,22.08,177.3,99,17.8,277.6,137,8.09,13.6,3,4.06,2,no
USR-12245,佐藤 智也,FL,173,area_code_510,no,no,38,215.1,98,21.44,293.3,122,13.6,222.9,78,3.62,9.2,6,4.35,2,no
USR-12246,加藤 太郎,AL,149,area_code_510,yes,yes,31,215.5,103,22.33,120.1,84,23.31,190.2,125,4.8,13.2,9,0.0,2,yes
USR-12247,太田 稔,AL,53,area_code_510,no,no,0,175.8,82,40.96,343.3,103,21.16,199.6,133,12.21,13.1,3,1.93,1,yes
USR-12248,佐々木 香織,MT,53,area_code_510,no,yes,1,200.3,108,36.47,177.6,94,21.86,239.9,109,4.06,10.7,3,2.81,1,yes
USR-12249,阿部 香織,ME,107,area_code_415,no,no,0,155.8,97,22.79,195.3,120,20.68,172.1,73,6.18,5.3,3,3.21,1,no
USR-12250,斉藤 裕太,VT,90,area_code_415,no,no,0,330.3,110,40.09,277.8,125,12.55,280.9,119,12.29,10.5,3,2.9,0,no
USR-12251,加藤 あすか,IA,107,area_code_510,no,no,37,177.1,102,45.05,179.2,107,19.67,187.4,78,11.42,10.6,3,3.07,1,no
USR-12252,岡田 翔太,WY,39,area_code_510,no,no,38,230.2,93,13.31,253.6,80,19.55,203.2,91,9.4,8.3,3,2.0,1,no
USR-12253,鈴木 学,RI,124,area_code_408,yes,yes,36,234.0,84,24.09,244.7,126,18.07,242.9,102,9.27,12.5,6,1.85,0,no
USR-12254,前田 桃子,MD,116,area_code_415,no,no,0,238.8,101,38.51,174.0,87,13.57,184.3,132,4.03,12.0,3,2.4,1,yes
USR-12255,村上 真綾,OR,75,area_code_415,no,no,39,151.8,93,22.75,302.2,94,23.53,196.3,106,7.0,10.8,3,1.69,0,no
USR-12256,佐藤 太郎,NH,124,area_code_415,no,no,0,169.8,68,23.32,162.7,115,19.16,209.4,94,12.44,14.9,8,2.91,1,no
USR-12257,佐々木 里佳,NJ,58,area_code_415,no,no,0,214.8,107,27.77,214.4,130,17.99,175.4,112,8.46,10.4,3,0.74,1,no
USR-12258,岡田 晃,WI,95,area_code_415,yes,no,0,184.8,70,19.83,253.0,141,18.05,136.8,94,3.93,9.0,3,2.12,2,no
USR-12259,橋本 治,NE,97,area_code_408,no,yes,0,244.4,99,27.39,235.9,95,10.13,187.8,108,7.69,9.0,3,2.78,0,no
USR-12260,佐藤 健一,PA,104,area_code_408,no,no,0,207.9,134,30.42,293.7,131,16.93,213.3,128,5.96,7.1,3,4.1,1,no
USR-12261,高橋 英樹,LA,123,area_code_415,no,no,19,189.5,139,40.18,290.5,114,14.22,195.2,92,4.62,8.2,7,1.63,1,no
USR-12262,佐藤 健一,OR,23,area_code_510,no,no,0,197.8,120,19.57,239.9,132,25.91,126.1,62,6.27,4.6,6,3.27,2,yes
USR-12263,小林 康弘,MD,107,area_code_408,yes,yes,0,328.6,41,29.81,333.2,76,18.64,183.1,96,8.25,14.3,2,5.21,1,yes
USR-12264,岡田 美加子,AK,133,area_code_415,no,yes,31,191.8,112,36.96,221.5,121,13.92,164.7,130,5.94,5.8,5,2.09,0,no
USR-12265,佐藤 涼平,ME,37,area_code_408,no,no,1,198.8,155,21.25,187.6,100,21.75,111.1,87,7.11,9.8,3,2.62,2,no
USR-12266,坂本 篤司,PA,175,area_code_510,no,no,0,188.3,133,31.32,155.2,139,7.31,137.4,85,3.65,6.1,3,4.05,1,no
USR-12267,田中 翼,MT,206,area_code_408,no,no,0,211.2,103,40.57,194.6,82,15.98,154.4,93,5.47,11.9,2,4.63,2,no
USR-12268,斉藤 加奈,MI,58,area_code_415,yes,no,0,234.8,95,31.92,316.5,94,17.53,140.3,61,7.54,9.7,3,1.99,1,yes
USR-12269,井上 治,ID,162,area_code_415,yes,yes,39,250.1,114,31.5,269.3,109,19.21,112.2,108,10.6,7.3,9,2.79,2,yes
USR-12270,山本 淳,NM,161,area_code_408,no,yes,50,247.9,107,53.27,184.4,97,20.53,209.7,87,8.02,9.2,9,1.66,3,no
USR-12271,森 真綾,MN,147,area_code_510,no,no,41,225.2,96,27.89,181.2,88,18.33,236.3,51,9.68,6.7,7,1.98,0,no
USR-12272,伊藤 結衣,IN,62,area_code_510,yes,yes,26,224.0,69,37.07,268.0,89,16.0,150.6,92,6.56,10.3,1,2.41,3,no
USR-12273,田中 和也,UT,153,area_code_408,yes,no,0,263.8,85,31.56,198.1,79,19.26,162.8,116,12.17,4.5,7,3.51,1,yes
USR-12274,岡本 拓真,PA,144,area_code_408,no,yes,0,139.9,102,24.57,293.6,116,24.38,218.8,116,8.46,10.9,4,3.2,3,yes
USR-12275,山田 裕太,OK,97,area_code_415,no,no,0,270.6,120,21.58,189.4,113,16.21,188.7,112,6.87,11.8,9,3.9,4,yes
USR-12276,清水 裕樹,OK,188,area_code_415,no,no,0,276.6,85,41.29,171.6,115,8.63,196.9,118,8.06,6.9,3,4.75,1,no
USR-12277,高橋 治,WY,102,area_code_415,no,no,0,257.1,108,36.97,192.7,124,18.84,243.7,93,10.34,5.7,5,1.75,1,no
USR-12278,中村 裕美子,NV,71,area_code_415,yes,no,1,208.6,130,26.7,227.2,94,20.31,145.3,121,12.67,6.1,3,1.7,1,yes
USR-12279,坂本 太郎,AK,134,area_code_510,no,yes,0,167.3,136,45.62,181.8,80,12.95,176.9,112,7.44,9.3,3,2.38,1,no
USR-12280,石川 淳,SD,133,area_code_510,yes,no,0,272.7,68,32.43,194.8,115,22.4,240.8,101,9.94,7.5,3,1.62,1,yes
USR-12281,山本 真綾,WV,95,area_code_510,no,yes,35,218.6,134,40.92,284.0,117,21.33,152.2,72,7.65,14.4,3,2.43,1,no
USR-12282,松本 あすか,SD,134,area_code_510,no,no,0,281.7,97,33.36,188.8,120,4.99,204.4,122,8.61,8.8,6,3.23,0,yes
USR-12283,池田 太一,MO,134,area_code_510,no,yes,37,209.5,129,33.96,147.2,106,19.05,242.9,147,12.38,9.4,4,2.18,1,no
USR-12284,佐藤 晃,CO,168,area_code_510,no,no,0,194.8,101,29.67,320.7,98,20.86,166.7,104,12.23,15.3,3,2.94,1,yes
USR-12285,高橋 翔太,HI,13,area_code_510,no,yes,27,172.8,120,22.11,187.1,98,18.72,239.2,93,8.14,14.3,3,4.08,2,no
USR-12286,山本 直子,WV,100,area_code_510,no,yes,22,141.9,127,29.39,206.8,101,15.27,195.4,124,6.41,13.0,1,4.61,1,no
USR-12287,近藤 和也,WY,67,area_code_408,no,no,22,257.9,105,38.44,161.5,108,15.49,193.7,128,5.9,8.7,6,2.15,1,no
USR-12288,伊藤 陽子,CT,102,area_code_510,no,yes,0,202.0,95,28.68,291.1,99,18.43,149.1,76,10.46,10.9,7,3.87,1,no
USR-12289,長谷川 拓真,CO,155,area_code_408,no,yes,31,178.4,65,15.17,220.4,71,17.4,126.2,49,9.98,10.4,2,3.91,1,no
USR-12290,中村 英樹,ME,55,area_code_408,no,yes,39,156.2,115,36.63,203.9,114,21.52,254.3,135,5.46,13.8,5,2.48,3,no
USR-12291,藤井 修平,ID,139,area_code_415,yes,no,0,242.3,87,40.32,175.0,82,24.01,221.1,61,4.24,6.1,4,2.44,2,no
USR-12292,伊藤 加奈,NY,146,area_code_510,yes,no,0,220.6,73,38.07,122.3,118,25.7,223.7,119,9.02,3.4,3,3.26,0,no
USR-12293,鈴木 直樹,NJ,116,area_code_415,no,no,0,225.6,90,38.87,156.4,85,20.15,249.0,138,5.81,10.4,3,3.22,1,no
USR-12294,後藤 学,TX,124,area_code_408,no,no,34,275.3,100,28.84,192.6,67,13.49,234.2,111,4.59,13.6,7,3.08,1,no
USR-12295,佐藤 拓真,ME,87,area_code_415,no,yes,0,199.8,62,19.25,76.7,126,14.69,201.8,92,12.49,13.2,3,0.0,1,no
USR-12296,森 洋介,VA,155,area_code_415,no,no,0,179.1,112,34.12,142.2,108,17.48,135.3,117,7.45,10.9,9,2.81,2,no
USR-12297,鈴木 充,MS,118,area_code_415,no,no,0,181.4,94,21.43,160.8,110,19.89,217.1,93,5.15,13.9,2,4.06,2,no
USR-12298,加藤 直子,MD,1,area_code_510,no,yes,0,273.1,108,18.91,307.4,126,13.42,227.0,121,13.36,12.4,5,3.53,1,no
USR-12299,山本 知実,WV,108,area_code_415,no,no,0,248.5,79,21.76,303.7,109,7.92,187.7,125,4.33,9.1,7,2.5,0,yes
USR-12300,木村 真綾,VT,121,area_code_510,no,no,0,194.0,84,34.15,238.6,116,18.43,142.2,77,6.08,6.6,3,2.74,0,no
USR-12301,小林 京助,MS,158,area_code_510,yes,yes,37,214.1,84,21.06,217.1,114,17.09,189.9,101,13.24,15.6,4,3.22,2,no
USR-12302,小林 千代,AZ,114,area_code_408,no,yes,38,246.3,40,34.78,334.6,95,20.95,189.3,107,3.79,9.3,5,2.27,2,no
USR-12303,前田 零,CA,118,area_code_408,yes,no,0,238.4,72,28.61,172.5,104,26.03,260.4,88,8.53,11.7,3,3.42,1,no
USR-12304,鈴木 桃子,CT,49,area_code_510,no,no,0,163.1,87,16.67,223.2,105,25.81,217.3,96,11.81,8.0,7,2.79,0,no
USR-12305,中村 加奈,TN,88,area_code_408,no,yes,24,175.2,87,51.77,126.6,82,24.99,208.2,74,3.12,13.6,19,3.06,2,yes
USR-12306,鈴木 修平,WY,129,area_code_408,no,yes,0,206.4,112,33.23,162.9,112,20.78,222.1,82,7.13,4.5,4,2.46,1,no
USR-12307,鈴木 真綾,IA,49,area_code_510,no,yes,36,204.1,109,26.46,236.5,97,5.61,206.3,156,4.72,9.1,9,2.1,2,no
USR-12308,林 花子,LA,155,area_code_415,no,yes,37,259.3,92,26.94,253.9,139,17.69,134.7,101,4.2,9.5,8,4.05,3,no
USR-12309,吉田 舞,NH,78,area_code_415,no,yes,31,257.3,107,43.04,277.7,91,16.22,213.0,97,8.11,13.8,8,4.56,1,no
USR-12310,後藤 くみ子,VA,87,area_code_415,no,no,0,251.9,85,32.41,147.4,103,20.42,137.9,80,2.91,9.9,3,3.66,1,no
USR-12311,渡辺 篤司,IA,104,area_code_510,no,yes,31,228.2,78,44.18,288.2,94,18.71,264.7,163,9.09,5.9,3,2.94,1,no
USR-12312,高橋 里佳,MO,74,area_code_408,no,no,0,229.2,70,25.4,312.4,132,22.12,123.9,80,6.78,13.0,3,3.32,1,no
USR-12313,清水 洋介,MN,109,area_code_408,yes,yes,11,167.2,77,25.17,147.0,116,16.94,214.2,127,7.63,7.3,3,3.7,1,yes
USR-12314,田中 結衣,CT,107,area_code_415,no,yes,37,215.6,114,45.69,111.8,96,15.36,256.3,88,7.32,6.5,12,2.44,1,no
USR-12315,西村 くみ子,TX,16,area_code_415,no,no,0,218.4,108,35.52,147.0,83,16.78,150.0,65,9.47,13.1,2,3.89,1,yes
USR-12316,伊藤 晃,OK,121,area_code_415,no,no,0,285.6,110,25.36,243.8,133,11.02,174.2,84,4.89,8.2,3,1.18,2,no
USR-12317,福田 英樹,VT,103,area_code_415,no,no,0,273.1,81,30.13,288.2,115,17.84,189.0,131,6.21,7.7,3,2.5,1,no
USR-12318,太田 くみ子,ID,117,area_code_415,no,no,0,205.5,107,38.21,198.2,150,18.75,194.5,73,7.45,11.4,1,2.49,1,yes
USR-12319,井上 太郎,DE,127,area_code_408,no,yes,0,209.2,92,36.54,190.1,106,22.35,160.1,103,5.2,8.3,4,2.65,4,no
USR-12320,山本 花子,TX,96,area_code_408,yes,no,0,228.4,97,46.2,302.6,97,15.64,179.8,93,9.25,5.1,3,3.29,3,no
USR-12321,高橋 涼平,RI,111,area_code_415,yes,no,35,158.0,102,37.49,174.7,90,13.68,125.2,46,8.1,13.0,8,3.66,0,no
USR-12322,清水 洋介,WI,146,area_code_408,yes,yes,15,208.9,121,20.0,217.0,85,18.78,164.7,97,9.01,10.6,7,2.22,1,no
USR-12323,前田 七夏,MN,198,area_code_510,yes,no,44,288.0,99,41.6,177.5,124,18.67,319.7,134,8.05,4.5,3,2.29,1,no
USR-12324,後藤 さゆり,ME,147,area_code_408,no,yes,0,266.5,68,25.92,264.3,106,8.09,211.8,149,9.52,9.8,3,3.04,2,no
USR-12325,鈴木 幹,IA,183,area_code_408,no,no,0,251.7,102,35.12,141.3,86,20.39,226.7,111,6.82,8.4,3,2.14,2,no
USR-12326,佐々木 浩,FL,65,area_code_510,no,no,0,244.9,129,34.15,333.8,80,21.4,110.4,93,3.48,12.9,3,1.96,1,yes
USR-12327,橋本 直樹,TX,161,area_code_415,no,no,0,211.4,104,23.27,141.5,95,13.07,194.8,104,5.53,10.9,7,3.62,2,no
USR-12328,松田 香織,AZ,71,area_code_408,no,no,0,152.1,100,32.69,175.0,110,17.55,198.4,56,10.03,10.6,6,2.89,1,no
USR-12329,木村 花子,ID,130,area_code_408,no,no,0,182.9,102,28.95,269.7,125,18.51,191.2,56,5.44,6.2,3,3.88,2,yes
USR-12330,高橋 あすか,NC,138,area_code_415,no,yes,44,316.3,55,53.34,206.6,101,17.32,35.8,84,5.79,10.3,7,2.68,1,no
USR-12331,中村 陽子,MT,87,area_code_415,no,yes,31,228.3,112,34.55,205.3,55,22.55,222.8,80,5.16,8.2,4,3.01,1,no
USR-12332,前田 里佳,OK,29,area_code_510,no,yes,0,157.0,128,31.04,157.2,80,19.99,146.5,118,5.49,15.5,2,2.25,1,no
USR-12333,山口 修平,GA,128,area_code_510,no,no,0,155.9,69,24.38,303.6,95,21.36,213.6,100,9.45,6.3,3,2.82,1,no
USR-12334,清水 花子,SD,125,area_code_408,yes,no,0,168.9,97,18.82,162.3,72,18.99,249.3,92,13.39,11.4,9,4.11,1,no
USR-12335,吉田 あすか,MO,131,area_code_510,no,yes,34,211.6,127,34.13,264.6,98,13.59,174.8,87,4.87,12.6,9,3.83,1,no
USR-12336,後藤 晃,ND,133,area_code_415,no,yes,0,133.0,92,27.59,176.9,117,22.16,184.2,84,11.98,10.3,3,4.2,1,no
USR-12337,阿部 康弘,DC,188,area_code_415,yes,yes,33,280.0,85,38.7,141.2,84,11.52,245.6,142,4.9,5.0,5,3.28,1,yes
USR-12338,坂本 里佳,TN,95,area_code_415,yes,yes,32,210.0,69,46.89,227.1,99,18.03,275.0,123,8.37,8.5,3,3.86,1,no
USR-12339,青木 さゆり,NV,191,area_code_415,no,no,0,195.9,109,45.09,213.0,79,21.32,187.3,106,6.01,10.4,16,1.92,2,no
USR-12340,福田 直人,NV,139,area_code_408,no,yes,0,229.5,101,29.31,314.1,94,10.81,125.7,91,6.34,11.9,8,3.83,1,yes
USR-12341,山崎 舞,MI,114,area_code_415,no,no,0,183.7,93,43.7,260.6,136,16.77,111.0,83,10.06,12.2,3,3.44,4,yes
USR-12342,高橋 太郎,PA,121,area_code_510,no,no,0,50.9,46,30.26,225.1,149,24.28,191.8,34,6.27,8.9,3,2.42,1,no
USR-12343,中川 花子,CT,61,area_code_415,no,yes,1,232.2,90,27.02,178.6,118,20.1,274.2,68,11.22,13.2,5,2.64,1,no
USR-12344,石井 直人,NH,31,area_code_510,no,no,0,143.1,89,49.35,163.9,79,22.38,209.4,102,9.4,10.1,7,2.89,3,no
USR-12345,石川 陽子,KS,103,area_code_408,yes,yes,38,190.8,85,33.1,241.2,86,21.17,191.7,77,5.12,8.9,5,1.8,1,yes
USR-12346,斉藤 健一,MS,113,area_code_415,no,yes,0,178.4,122,21.45,245.0,112,16.51,174.8,87,8.77,5.5,3,3.48,1,no
USR-12347,松本 智也,MD,157,area_code_510,yes,yes,0,189.5,90,6.93,305.8,73,15.54,176.5,98,10.11,13.5,3,2.65,1,yes
USR-12348,吉田 結衣,NE,222,area_code_510,no,yes,43,213.2,100,16.56,168.1,95,20.62,178.6,88,3.07,9.5,3,2.2,2,no
USR-12349,中村 裕美子,CA,91,area_code_415,yes,yes,0,270.1,76,23.57,315.6,104,13.32,220.3,97,8.97,9.5,3,1.81,0,no
USR-12350,山本 結衣,AZ,166,area_code_408,no,no,0,238.0,103,22.91,234.0,105,14.94,207.6,133,12.04,9.3,3,3.16,1,no
USR-12351,後藤 明美,CO,97,area_code_408,no,yes,0,238.4,92,47.84,242.7,154,18.41,290.2,125,10.43,9.3,9,1.34,2,no
USR-12352,佐藤 里佳,NJ,139,area_code_408,no,no,1,273.5,109,26.24,194.9,116,11.16,123.7,132,7.67,8.8,3,2.43,3,no
USR-12353,佐藤 さゆり,SD,42,area_code_408,no,yes,40,240.7,52,40.89,196.9,130,21.1,168.6,60,8.52,8.3,3,1.5,1,yes
USR-12354,佐々木 加奈,CA,206,area_code_415,yes,yes,0,187.5,98,38.12,200.9,109,14.08,140.8,142,5.9,7.6,5,3.31,2,yes
USR-12355,池田 明美,AR,39,area_code_415,no,yes,0,208.0,99,31.39,146.6,126,16.68,169.1,112,9.31,9.8,3,4.35,0,no
USR-12356,小林 明美,IA,203,area_code_510,no,no,0,201.9,76,24.25,186.7,92,16.64,122.5,115,9.21,5.7,3,2.68,0,no
USR-12357,石川 裕美子,WY,183,area_code_415,no,yes,40,250.4,96,26.81,190.1,137,14.25,179.3,63,5.27,6.4,2,2.69,1,no
USR-12358,三浦 結衣,CA,96,area_code_510,no,no,0,231.2,90,41.45,177.2,101,12.62,184.1,128,6.42,11.0,3,4.35,1,no
USR-12359,清水 聡太郎,MA,112,area_code_510,no,yes,0,198.5,81,39.76,170.7,112,17.61,140.3,120,8.37,12.5,3,1.88,3,yes
USR-12360,山本 修平,TX,69,area_code_510,no,yes,0,238.4,89,23.89,136.4,98,17.43,283.9,94,4.08,12.3,3,2.91,1,no
USR-12361,斎藤 裕太,DE,93,area_code_408,no,no,0,252.8,51,29.27,202.7,94,19.12,199.1,74,6.39,11.6,3,3.62,0,no
USR-12362,木村 里佳,PA,105,area_code_510,no,yes,0,239.7,141,43.16,148.0,100,17.15,204.2,154,4.54,13.2,3,1.82,1,no
USR-12363,小林 稔,VT,109,area_code_408,no,yes,0,222.8,71,26.18,216.2,100,22.97,217.4,63,4.97,8.7,4,2.87,1,no
USR-12364,阿部 直人,IL,119,area_code_510,yes,no,0,245.7,105,26.02,342.6,90,26.68,128.6,91,6.24,12.7,2,2.9,1,yes
USR-12365,橋本 浩,IL,155,area_code_408,no,no,0,200.5,110,19.2,215.3,83,19.77,96.2,87,8.49,9.2,3,2.97,0,no
USR-12366,伊藤 陽子,MA,129,area_code_415,no,no,0,183.2,111,28.74,237.8,124,15.64,188.2,103,3.88,11.1,2,1.49,2,no
USR-12367,松本 翔太,NY,103,area_code_415,yes,no,39,312.4,118,32.22,215.1,92,26.57,196.0,81,8.86,12.1,4,3.13,2,no
USR-12368,林 さゆり,CT,176,area_code_510,no,yes,36,93.4,85,18.6,286.5,73,16.3,197.8,90,8.69,9.5,3,2.35,1,yes
USR-12369,青木 太郎,OH,134,area_code_408,no,no,0,260.8,61,18.29,282.4,60,22.54,166.9,87,5.59,11.4,3,3.01,2,no
USR-12370,松田 直樹,NH,65,area_code_415,no,yes,36,218.5,92,30.13,231.9,102,18.98,241.0,85,8.67,8.3,9,2.14,3,no
USR-12371,高橋 結衣,CO,75,area_code_415,no,no,0,181.0,111,29.18,207.0,114,18.77,139.7,96,6.5,11.0,5,2.98,1,no
USR-12372,佐藤 拓真,MA,78,area_code_510,no,no,0,251.9,96,29.13,274.6,102,12.31,181.3,106,8.59,4.0,7,2.37,1,yes
USR-12373,山下 香織,OH,94,area_code_415,yes,no,0,194.2,83,23.38,222.8,92,17.91,250.0,117,10.48,9.6,2,3.81,1,no
USR-12374,渡辺 さゆり,AL,85,area_code_408,no,no,0,186.3,132,31.47,145.9,102,18.46,204.0,139,6.22,9.0,3,2.62,1,no
USR-12375,高橋 治,AR,59,area_code_415,yes,no,0,258.4,90,36.81,205.7,108,17.63,129.5,103,9.88,7.5,3,3.36,1,no
USR-12376,吉田 裕太,GA,78,area_code_415,no,yes,30,173.9,115,38.88,172.5,93,18.65,159.2,156,8.87,4.0,4,2.08,1,no
USR-12377,吉田 桃子,SD,82,area_code_408,no,yes,0,245.1,58,28.62,250.9,80,16.06,239.5,94,11.06,10.2,6,3.32,2,no
USR-12378,高橋 真綾,UT,121,area_code_415,no,yes,0,227.5,101,39.83,178.6,103,19.13,197.3,93,5.85,9.9,3,2.57,1,no
USR-12379,太田 陽一,CO,75,area_code_415,no,no,0,262.5,50,34.3,151.4,93,15.61,257.1,97,10.62,11.1,3,4.58,0,no
USR-12380,山本 七夏,AR,207,area_code_415,yes,no,0,218.7,100,52.73,245.4,96,21.79,137.7,72,3.58,8.0,3,1.12,1,no
USR-12381,佐藤 美加子,CA,117,area_code_510,no,no,0,253.4,69,33.94,204.7,110,15.93,149.0,120,6.93,7.1,3,3.83,1,yes
USR-12382,斎藤 里佳,ME,124,area_code_408,yes,yes,0,288.1,105,28.96,134.4,115,8.32,173.4,117,6.7,12.0,5,2.08,2,no
USR-12383,木村 聡太郎,NH,161,area_code_415,no,no,0,280.7,105,38.98,151.7,78,17.35,152.2,80,4.74,12.6,3,2.13,1,no
USR-12384,山本 幹,NH,107,area_code_415,no,yes,0,241.8,79,36.1,149.2,143,13.57,225.5,120,8.73,9.1,7,4.04,1,no
USR-12385,近藤 幹,CA,243,area_code_408,yes,yes,45,223.2,50,38.87,200.1,128,21.73,206.8,111,10.89,8.6,3,0.52,1,yes
USR-12386,佐々木 幹,MT,86,area_code_415,no,no,38,278.5,94,34.56,248.8,96,16.92,180.7,103,7.14,9.5,7,2.8,1,no
USR-12387,山本 あすか,IL,185,area_code_408,no,yes,36,221.4,128,36.36,266.1,151,16.7,238.0,90,10.0,8.7,9,4.5,0,no
USR-12388,鈴木 加奈,MA,37,area_code_408,no,yes,0,234.4,110,29.94,281.5,107,19.95,66.2,137,9.47,9.6,9,2.33,1,no
USR-12389,中村 七夏,WI,105,area_code_408,no,yes,0,186.4,102,22.11,271.0,78,10.68,188.3,117,6.07,10.9,4,3.87,2,no
USR-12390,石川 稔,MN,172,area_code_408,yes,no,27,155.5,110,28.55,82.8,105,17.06,207.4,84,7.13,5.5,3,2.31,1,no
USR-12391,中村 裕美子,UT,55,area_code_415,yes,no,0,212.0,122,33.8,185.1,113,12.16,292.8,93,4.95,13.8,2,4.04,1,no
USR-12392,佐々木 あすか,WY,169,area_code_510,no,yes,48,231.4,105,36.51,230.1,117,20.85,199.7,100,11.72,8.5,15,2.83,2,no
USR-12393,伊藤 明美,WA,139,area_code_415,no,no,0,127.4,109,26.83,183.0,96,19.88,145.3,90,10.5,13.1,8,3.11,1,no
USR-12394,松田 里佳,GA,101,area_code_408,no,yes,41,207.1,128,36.71,198.0,122,13.42,228.4,130,10.95,8.9,3,2.43,2,no
USR-12395,小川 さゆり,AZ,188,area_code_415,no,no,0,203.5,72,32.35,159.1,97,10.59,208.0,92,9.57,10.4,10,2.97,1,no
USR-12396,遠藤 直子,KY,194,area_code_415,no,no,30,285.1,99,40.56,289.2,110,17.23,92.9,95,4.02,13.1,4,2.0,1,no
USR-12397,近藤 学,MA,77,area_code_408,no,yes,29,262.7,120,8.63,223.3,90,15.23,120.1,88,2.14,13.3,4,3.45,1,no
USR-12398,井上 洋介,AK,139,area_code_415,no,no,0,197.5,62,25.31,154.9,111,19.65,115.6,108,3.57,10.4,7,4.39,1,no
USR-12399,池田 裕美子,VT,110,area_code_408,no,yes,41,203.4,58,23.41,275.3,104,11.05,142.9,61,10.91,11.2,3,2.38,1,no
USR-12400,渡辺 七夏,FL,180,area_code_415,yes,no,0,152.8,103,19.53,162.5,122,16.62,154.4,105,3.63,10.8,5,3.41,1,yes
USR-12401,小林 舞,GA,81,area_code_415,no,no,0,160.1,111,42.1,251.9,81,16.48,218.6,76,5.93,11.0,4,3.06,6,no
USR-12402,森 直樹,AZ,90,area_code_408,no,yes,27,329.4,124,49.01,176.1,75,14.41,203.1,122,9.16,9.3,3,2.48,1,no
USR-12403,伊藤 明美,NE,128,area_code_510,no,yes,33,305.0,102,35.01,150.2,115,17.72,300.4,100,5.55,10.4,8,2.39,1,yes
USR-12404,斎藤 桃子,IL,182,area_code_510,no,yes,0,271.9,110,27.44,231.1,127,11.79,185.9,90,9.39,8.6,8,2.21,1,no
USR-12405,山田 桃子,TX,22,area_code_415,yes,no,0,275.2,83,38.27,247.2,86,13.93,141.5,102,4.69,11.7,7,2.75,1,yes
USR-12406,岡田 幹,GA,1,area_code_415,no,no,0,206.4,101,41.97,251.6,100,20.27,307.1,87,10.03,13.3,5,3.66,0,no
USR-12407,田中 和也,DE,81,area_code_408,no,no,1,204.9,90,20.32,197.7,105,20.25,202.0,93,6.8,11.2,3,1.03,2,no
USR-12408,小川 京助,OK,51,area_code_415,no,yes,0,226.9,68,44.6,176.3,130,9.33,108.3,96,3.96,11.1,3,3.31,1,no
USR-12409,斎藤 裕太,MI,136,area_code_415,no,no,37,177.5,111,24.27,145.5,108,9.77,106.3,118,7.54,12.9,2,3.41,1,no
USR-12410,前田 英樹,DE,72,area_code_415,no,no,38,137.8,85,31.18,257.3,149,20.66,177.9,135,9.38,12.1,9,3.26,3,no
USR-12411,佐藤 舞,VA,81,area_code_408,no,no,0,204.2,99,46.07,200.4,124,23.54,162.4,123,8.92,9.0,5,2.0,2,no
USR-12412,渡辺 治,OK,80,area_code_415,no,no,1,173.6,89,39.79,318.2,105,16.35,173.3,84,9.26,9.1,3,3.87,2,no
USR-12413,中島 幹,TX,61,area_code_408,no,no,0,207.4,100,26.45,157.1,92,10.4,182.6,124,9.65,11.9,2,4.62,2,no
USR-12414,鈴木 太郎,OH,128,area_code_415,no,yes,21,166.3,93,30.65,260.4,109,15.45,162.0,91,6.29,11.0,2,3.27,0,no
USR-12415,岡本 加奈,IN,1,area_code_415,no,no,1,94.9,73,33.33,226.9,106,15.6,155.6,95,9.51,14.9,4,2.34,1,no
USR-12416,鈴木 裕美子,AR,120,area_code_415,no,yes,0,187.3,94,18.77,270.2,129,19.48,112.6,75,1.91,13.7,1,3.76,1,no
USR-12417,清水 零,RI,166,area_code_510,no,yes,37,265.3,73,38.95,195.4,121,16.66,105.8,61,5.92,15.2,7,3.38,1,no
USR-12418,池田 裕美子,PA,122,area_code_408,no,no,0,228.2,90,53.79,250.3,133,17.9,117.9,125,8.18,7.4,3,1.94,7,yes
USR-12419,鈴木 洋介,ME,132,area_code_510,yes,yes,0,252.1,106,34.57,248.2,46,15.68,209.9,117,8.5,13.8,2,3.11,1,yes
USR-12420,木村 幹,SD,12,area_code_510,no,no,0,248.4,95,26.64,105.0,111,19.52,189.9,73,9.0,10.1,9,3.37,1,no
USR-12421,木村 結衣,OR,113,area_code_415,no,no,0,269.8,122,40.07,171.8,73,16.08,169.9,113,6.7,6.1,3,0.0,1,no
USR-12422,西村 あすか,MI,107,area_code_510,no,no,0,255.2,102,40.98,187.5,86,20.14,173.2,103,8.52,10.7,4,4.22,0,no
USR-12423,山田 英樹,CT,111,area_code_415,yes,no,0,350.6,73,26.07,193.9,75,13.95,144.7,62,7.8,6.4,12,2.73,1,no
USR-12424,阿部 康弘,NM,121,area_code_510,no,no,0,202.2,114,34.58,236.3,109,17.1,196.2,100,6.87,12.8,3,3.3,4,no
USR-12425,田中 健一,IN,117,area_code_510,no,no,0,177.3,109,34.24,270.0,109,20.65,193.7,46,5.1,7.7,3,2.37,1,yes
USR-12426,坂本 太郎,MA,92,area_code_408,no,no,32,220.9,142,15.78,282.4,88,19.53,134.4,106,5.92,13.7,9,3.46,1,no
USR-12427,佐藤 さゆり,KY,108,area_code_415,yes,yes,0,118.2,112,29.1,202.3,92,22.54,170.3,86,10.7,11.9,3,2.21,2,no
USR-12428,木村 加奈,LA,87,area_code_415,no,no,33,182.0,91,15.66,150.1,103,26.13,142.9,110,5.74,12.1,1,4.43,0,no
USR-12429,佐藤 桃子,MD,136,area_code_415,no,no,0,234.7,81,26.25,138.2,123,18.49,179.0,81,11.43,12.7,3,2.31,2,no
USR-12430,山田 花子,IL,163,area_code_415,no,no,34,250.9,135,27.58,166.6,97,18.93,144.0,148,6.02,8.6,3,3.55,0,no
USR-12431,山崎 浩,KY,96,area_code_408,yes,no,0,169.0,103,28.93,161.1,131,19.86,205.7,82,9.43,18.5,8,2.88,1,no
USR-12432,山本 智也,NM,150,area_code_408,no,yes,31,261.4,64,33.2,298.0,76,13.59,142.8,137,10.81,11.2,3,2.2,1,no
USR-12433,松本 太一,MS,1,area_code_510,yes,no,39,245.4,105,17.49,221.1,105,18.91,137.8,95,12.99,11.9,2,1.73,2,no
USR-12434,岡本 翔太,CO,60,area_code_415,no,yes,0,123.0,113,55.34,170.0,79,17.41,177.9,133,8.69,9.8,3,3.09,0,no
USR-12435,松田 さゆり,WV,83,area_code_510,no,no,31,172.5,58,46.98,65.8,79,15.12,262.6,132,9.81,8.5,1,2.71,2,yes
USR-12436,渡辺 修平,NV,64,area_code_510,no,no,0,256.4,110,52.84,224.9,118,15.27,176.7,71,10.96,12.7,3,3.52,1,no
USR-12437,小林 晃,AK,153,area_code_510,yes,no,0,166.8,100,30.65,195.1,75,25.0,63.8,78,11.89,7.4,1,1.98,1,yes
USR-12438,松本 さゆり,SD,139,area_code_408,no,no,0,131.2,106,38.93,184.6,129,10.89,280.0,134,6.99,9.2,18,2.36,3,yes
USR-12439,遠藤 洋介,NJ,132,area_code_415,no,no,0,298.8,81,16.2,300.5,99,21.12,222.9,97,8.12,6.2,1,4.15,1,no
USR-12440,藤田 裕樹,ID,148,area_code_408,no,no,26,162.0,123,29.59,120.0,117,15.24,154.1,82,6.84,8.2,3,0.95,1,no
USR-12441,山口 直人,DC,142,area_code_510,no,yes,0,179.8,51,22.35,313.8,108,14.39,184.4,89,5.21,14.5,2,3.03,2,no
USR-12442,遠藤 舞,MO,202,area_code_415,no,no,0,257.3,100,21.4,205.2,115,19.66,212.8,133,11.06,12.4,3,3.73,1,no
USR-12443,伊藤 明美,ID,129,area_code_408,yes,no,34,197.9,97,27.82,181.9,109,12.28,168.9,53,10.42,14.3,2,4.12,2,no
USR-12444,高橋 結衣,MD,114,area_code_510,no,yes,35,167.1,87,39.31,199.3,111,16.0,161.0,50,4.05,8.5,1,3.27,1,no
USR-12445,伊藤 美加子,MT,113,area_code_510,no,yes,50,199.8,122,56.52,185.6,114,15.94,170.0,97,3.59,10.9,3,2.57,1,no
USR-12446,近藤 裕太,SC,122,area_code_415,no,no,1,128.7,103,31.91,175.1,114,15.31,199.5,80,8.9,12.7,3,3.32,2,no
USR-12447,岡田 花子,NJ,125,area_code_415,no,yes,0,222.1,68,33.76,210.4,120,15.65,208.8,55,8.49,9.7,3,3.32,2,no
USR-12448,松本 知実,ND,136,area_code_415,no,no,0,236.6,76,14.94,196.1,63,24.29,148.3,101,9.1,15.0,8,2.85,1,no
USR-12449,西村 翔太,AL,76,area_code_415,no,no,0,143.5,110,38.87,199.6,129,13.62,220.1,116,9.08,12.9,3,1.62,0,no
USR-12450,田中 あすか,UT,19,area_code_510,no,no,48,174.7,130,29.0,235.5,149,20.92,185.6,61,10.96,9.6,4,2.8,1,no
USR-12451,松田 裕樹,UT,38,area_code_408,yes,yes,0,205.3,110,24.98,191.6,72,19.1,217.1,87,7.85,9.6,2,3.02,2,no
USR-12452,森 和也,OR,129,area_code_415,no,yes,22,225.1,103,39.45,161.3,105,14.33,190.3,76,8.01,14.0,3,2.57,1,no
USR-12453,斎藤 英樹,SD,111,area_code_415,yes,no,1,351.5,62,30.98,162.3,127,14.75,174.9,105,6.96,13.4,3,3.31,1,no
USR-12454,松田 結衣,DE,129,area_code_415,no,no,0,114.7,100,33.0,210.7,122,10.97,204.2,98,6.13,10.9,3,3.11,0,no
USR-12455,伊藤 裕美子,MO,161,area_code_415,yes,no,0,239.4,98,35.8,144.2,103,26.07,220.7,112,8.37,10.4,3,2.46,6,no
USR-12456,佐藤 零,WI,172,area_code_415,no,no,38,213.9,95,52.33,190.5,104,8.78,104.4,152,6.7,13.4,9,2.37,0,no
USR-12457,鈴木 康弘,RI,160,area_code_408,no,yes,37,192.3,136,37.16,222.6,119,23.19,194.6,95,5.77,7.5,3,2.54,3,no
USR-12458,阿部 幹,KS,82,area_code_415,yes,yes,0,242.2,97,38.55,324.9,114,14.15,247.8,102,8.69,10.6,3,2.65,0,yes
USR-12459,林 和也,CO,142,area_code_415,no,no,1,252.7,144,25.82,214.7,93,16.9,133.1,51,7.77,8.0,6,3.41,1,yes
USR-12460,岡田 涼平,OR,51,area_code_510,no,yes,41,199.2,98,30.44,137.0,102,15.93,211.5,133,12.55,9.9,3,1.58,4,no
USR-12461,斉藤 涼平,IL,16,area_code_510,no,no,0,197.1,110,40.99,147.5,123,18.39,237.1,117,9.12,8.3,10,2.4,1,no
USR-12462,森 裕太,UT,129,area_code_415,yes,no,0,255.0,62,22.33,228.6,108,18.1,133.4,98,10.2,14.5,3,3.22,1,yes
USR-12463,清水 幹,AL,74,area_code_408,no,yes,1,186.7,109,26.22,219.1,151,25.86,239.7,105,7.28,5.2,7,2.75,1,no
USR-12464,前田 智也,MN,140,area_code_415,yes,no,0,192.5,87,50.89,217.3,80,20.35,239.6,55,7.69,10.0,3,3.67,7,no
USR-12465,山口 舞,TX,61,area_code_415,no,no,0,180.6,108,43.96,177.6,114,19.16,131.1,81,4.85,12.0,6,4.31,0,no
USR-12466,藤田 くみ子,MD,107,area_code_408,no,yes,38,198.3,57,30.03,204.3,86,11.9,171.8,79,4.1,6.8,7,2.85,1,no
USR-12467,伊藤 和也,WV,183,area_code_510,no,no,0,203.4,126,34.71,191.5,48,18.77,203.7,93,7.59,11.5,3,1.97,3,no
USR-12468,近藤 香織,ID,113,area_code_415,no,no,0,201.4,104,21.72,132.4,96,10.2,26.4,105,9.15,13.9,3,1.66,0,no
USR-12469,清水 修平,RI,243,area_code_408,no,no,0,259.9,32,34.67,215.6,109,21.6,186.4,103,3.5,8.3,3,2.15,1,no
USR-12470,加藤 裕美子,OR,76,area_code_510,no,yes,0,200.0,87,43.76,244.0,93,19.67,125.2,70,4.67,18.9,7,4.41,1,no
USR-12471,井上 幹,MT,141,area_code_510,no,no,0,171.7,98,30.29,249.4,98,15.5,164.1,153,11.32,10.2,7,1.96,3,no
USR-12472,田中 浩,IN,88,area_code_415,no,no,0,260.7,91,16.14,253.8,74,18.19,215.4,77,9.63,12.0,3,3.97,5,no
USR-12473,佐藤 零,ME,104,area_code_510,no,yes,0,239.0,90,26.37,129.8,62,21.26,200.3,95,4.03,9.1,3,3.35,1,no
USR-12474,松本 英樹,AK,117,area_code_415,no,yes,0,194.5,141,32.4,157.2,104,12.5,91.4,142,8.46,11.6,2,3.62,2,no
USR-12475,中村 知実,MN,87,area_code_408,no,yes,38,204.8,105,35.32,234.8,128,14.51,183.5,88,6.05,13.7,4,2.62,1,no
USR-12476,池田 智也,NM,74,area_code_415,no,yes,29,203.9,123,51.5,186.8,72,13.98,142.5,122,7.44,9.9,8,2.5,1,no
USR-12477,鈴木 晃,CT,92,area_code_415,no,no,38,118.1,130,18.55,201.8,90,17.31,139.5,37,5.72,8.9,3,2.69,3,no
USR-12478,石井 晃,CT,90,area_code_415,no,yes,28,132.5,102,23.02,220.3,127,14.49,132.2,106,4.72,14.0,10,3.95,0,no
USR-12479,斉藤 花子,VT,107,area_code_415,yes,yes,29,250.8,81,37.01,206.1,123,22.83,186.5,108,2.66,11.2,4,2.35,1,no
USR-12480,岡田 美加子,AK,151,area_code_408,no,no,1,200.6,102,22.18,191.1,131,14.54,137.5,85,3.5,11.7,4,4.01,1,no
USR-12481,石川 淳,OK,62,area_code_408,no,no,0,220.3,118,22.28,122.8,113,18.84,247.3,111,7.43,9.2,3,2.8,1,no
USR-12482,吉田 里佳,SD,117,area_code_408,no,yes,0,180.8,62,31.21,171.3,95,20.14,191.6,105,14.54,11.4,3,2.95,1,no
USR-12483,石川 七夏,WY,163,area_code_415,no,yes,39,152.3,125,35.08,269.9,87,24.16,236.4,99,6.12,3.5,3,3.27,0,no
USR-12484,佐藤 花子,MA,1,area_code_510,no,yes,1,151.5,111,30.65,196.1,109,24.13,195.0,99,6.03,12.7,3,0.17,1,yes
USR-12485,山口 学,CA,176,area_code_415,no,yes,43,158.6,100,21.65,253.6,128,19.38,229.8,117,9.61,9.3,4,1.68,0,no
USR-12486,中川 真綾,UT,25,area_code_415,yes,yes,0,138.4,86,41.06,117.0,103,17.89,118.9,101,6.62,5.4,9,2.84,4,no
USR-12487,長谷川 充,AL,85,area_code_510,no,no,0,174.8,71,35.47,229.6,87,23.32,124.9,84,8.79,13.5,3,2.47,3,no
USR-12488,山本 直人,RI,198,area_code_415,no,no,0,215.9,84,35.22,120.2,116,19.17,141.0,105,5.61,12.3,3,2.5,2,yes
USR-12489,佐藤 花子,KS,114,area_code_415,no,no,0,250.5,97,29.19,336.0,90,25.63,197.5,94,10.38,3.7,7,1.27,2,yes
USR-12490,山本 和也,KS,38,area_code_510,yes,no,0,191.2,129,40.54,201.6,99,16.45,142.2,90,4.32,8.7,5,2.89,7,yes
USR-12491,伊藤 直子,DE,74,area_code_408,no,yes,42,115.1,103,44.53,269.0,156,14.3,122.3,100,9.22,9.3,3,2.11,0,no
USR-12492,佐藤 美加子,CT,101,area_code_408,no,no,20,206.5,103,21.92,193.9,108,15.21,136.5,59,5.31,9.4,3,3.13,1,no
USR-12493,青木 洋介,KS,112,area_code_415,yes,no,0,219.2,81,24.17,245.2,91,21.74,268.5,81,8.11,9.1,3,2.56,2,yes
USR-12494,斉藤 翔太,CA,118,area_code_415,yes,no,0,233.7,110,37.43,171.7,130,8.93,169.6,120,9.42,8.8,3,4.05,3,no
USR-12495,村上 修平,FL,153,area_code_408,no,yes,0,231.7,106,54.39,229.1,72,10.53,176.5,118,5.74,7.4,7,2.05,2,no
USR-12496,後藤 七夏,IL,51,area_code_415,no,yes,31,214.7,78,18.58,204.5,113,19.78,188.4,96,3.16,12.7,1,2.71,1,no
USR-12497,鈴木 花子,HI,78,area_code_510,no,no,0,242.4,78,25.25,170.8,108,15.95,156.9,106,11.07,10.9,5,3.02,0,no
USR-12498,松本 涼平,NV,82,area_code_415,yes,no,19,190.6,152,27.42,183.6,78,17.89,169.7,84,9.03,9.6,3,2.44,2,yes
USR-12499,福田 太郎,ID,191,area_code_415,yes,yes,29,241.3,87,32.55,311.9,75,9.48,139.1,116,8.61,10.2,4,2.75,1,no
USR-12500,鈴木 春香,CA,71,area_code_510,yes,no,33,210.7,109,20.72,290.1,91,17.1,164.3,81,7.82,14.7,3,2.97,3,no
USR-12501,小川 知実,HI,89,area_code_510,no,no,0,206.8,88,35.58,309.8,107,18.05,179.0,113,6.6,13.9,3,3.03,3,no
USR-12502,山口 太郎,KS,90,area_code_510,no,no,0,330.3,77,24.84,163.2,149,10.16,180.0,127,11.03,14.0,6,3.91,2,yes
USR-12503,中村 健一,CT,99,area_code_408,no,yes,0,131.4,138,44.45,248.0,141,17.71,174.4,118,10.48,7.0,7,2.41,2,no
USR-12504,山田 稔,CA,98,area_code_415,yes,yes,44,212.8,78,36.0,208.1,114,15.86,173.5,78,5.58,10.7,12,1.44,1,no
USR-12505,松本 晃,TN,134,area_code_408,no,no,0,196.4,110,44.1,230.2,118,15.98,161.9,99,7.02,9.2,3,3.36,2,no
USR-12506,森 裕樹,NV,156,area_code_415,no,no,0,149.6,87,40.58,113.9,79,13.96,200.0,102,8.62,6.1,3,1.93,2,no
USR-12507,長谷川 くみ子,DC,81,area_code_510,no,yes,0,187.3,101,27.51,188.7,79,19.7,308.9,119,5.13,15.3,7,3.52,1,no
USR-12508,木村 陽子,MA,119,area_code_408,no,yes,0,260.8,107,22.4,286.3,94,15.64,207.1,118,6.88,6.9,1,2.52,1,no
USR-12509,高橋 智也,NE,29,area_code_408,no,no,0,211.2,101,27.0,136.3,118,16.61,223.9,114,12.93,14.6,4,2.71,0,no
USR-12510,藤井 陽子,MS,134,area_code_510,no,yes,0,222.0,125,18.99,193.5,98,17.59,124.8,122,10.65,9.6,8,3.43,2,yes
USR-12511,鈴木 花子,AZ,87,area_code_408,no,no,0,269.8,90,28.44,219.7,143,19.46,170.7,61,4.49,0.0,3,2.37,1,no
USR-12512,長谷川 翼,CO,111,area_code_415,no,no,0,120.9,95,33.3,168.3,132,28.73,154.8,121,11.01,14.0,8,3.68,2,no
USR-12513,田中 幹,NH,160,area_code_415,no,no,36,274.0,82,24.06,256.4,97,24.35,319.5,89,6.14,9.7,3,2.83,0,no
USR-12514,高橋 洋介,NH,108,area_code_408,no,yes,0,227.6,79,28.75,189.5,129,19.09,151.8,86,5.98,10.6,4,4.01,0,no
USR-12515,石川 あすか,MI,192,area_code_415,no,no,29,200.0,97,43.54,216.1,79,15.74,131.7,115,0.84,12.8,3,3.24,1,no
USR-12516,加藤 陽子,VT,58,area_code_415,no,no,0,284.1,104,34.65,151.3,119,12.75,260.6,98,7.69,12.3,3,1.77,1,no
USR-12517,中村 拓真,MS,84,area_code_408,no,no,0,148.6,105,30.43,56.4,87,14.37,178.7,93,11.63,12.8,3,3.96,1,no
USR-12518,佐藤 桃子,MA,114,area_code_415,no,yes,0,216.7,83,36.52,118.9,69,14.98,179.5,65,11.59,20.0,3,5.02,3,no
USR-12519,渡辺 知実,AZ,214,area_code_415,no,yes,0,207.4,72,35.91,233.2,61,16.7,153.4,135,5.97,7.9,3,2.61,1,no
USR-12520,小川 花子,ME,193,area_code_415,no,yes,0,256.1,74,40.52,177.3,91,16.38,182.3,139,6.52,6.0,3,3.38,1,no
USR-12521,渡辺 くみ子,HI,80,area_code_415,no,no,1,186.1,70,24.62,218.1,111,15.88,192.1,71,4.37,8.7,4,1.43,1,no
USR-12522,伊藤 あすか,ND,136,area_code_415,no,yes,37,173.3,109,43.01,96.8,94,17.87,107.1,99,4.51,11.8,12,2.53,2,no
USR-12523,井上 加奈,MO,89,area_code_510,no,no,0,278.7,96,18.94,131.9,110,19.83,263.1,106,6.66,4.0,3,3.29,1,no
USR-12524,藤井 明美,VT,81,area_code_510,no,no,26,211.0,109,32.13,246.6,97,18.91,126.6,107,8.63,8.5,3,2.68,3,yes
USR-12525,田中 くみ子,IN,91,area_code_510,no,yes,44,150.4,114,23.76,268.7,117,18.33,158.0,113,7.09,8.8,3,1.74,1,no
USR-12526,伊藤 千代,KS,188,area_code_408,no,no,27,212.0,124,19.69,225.6,113,16.54,87.6,113,8.3,9.2,3,4.81,1,yes
USR-12527,長谷川 稔,NH,77,area_code_415,no,yes,0,244.1,94,41.46,181.3,93,11.47,263.0,109,10.63,11.9,3,3.84,0,no
USR-12528,清水 香織,DC,194,area_code_510,no,no,0,222.4,73,30.8,156.2,113,16.8,275.6,98,9.57,7.1,2,2.94,1,no
USR-12529,岡本 康弘,SD,58,area_code_408,yes,yes,37,265.8,90,25.97,313.3,128,18.33,197.9,92,6.42,14.8,3,3.79,1,yes
USR-12530,佐々木 零,TN,92,area_code_510,no,no,0,239.0,91,28.57,205.4,129,15.81,131.4,72,5.04,7.9,8,3.15,1,yes
USR-12531,小林 和也,UT,154,area_code_415,yes,no,38,179.5,92,28.61,196.6,133,16.67,190.1,95,5.69,9.8,4,2.83,1,no
USR-12532,渡辺 明美,NH,73,area_code_510,no,no,41,172.4,126,26.42,211.3,123,17.23,98.6,42,7.69,6.5,3,3.38,1,no
USR-12533,加藤 和也,OH,136,area_code_408,no,no,0,236.0,90,26.65,200.6,81,23.84,138.6,83,7.56,9.6,2,3.24,0,no
USR-12534,佐藤 花子,IN,111,area_code_408,no,no,0,253.4,90,35.55,67.8,120,16.02,160.7,111,3.24,11.7,3,3.35,0,no
USR-12535,小林 亮介,NJ,98,area_code_415,yes,no,25,221.4,94,29.46,214.7,129,18.88,184.1,101,8.15,10.4,3,2.61,1,no
USR-12536,高橋 加奈,OR,107,area_code_415,no,no,1,200.5,121,44.72,187.5,81,23.48,162.4,103,7.22,9.3,2,3.4,0,no
USR-12537,斎藤 香織,AL,127,area_code_510,no,no,0,153.0,108,12.17,200.5,136,19.06,132.1,113,7.03,12.6,4,2.85,1,no
USR-12538,佐々木 里佳,NJ,90,area_code_510,yes,no,0,174.5,103,25.97,149.5,86,19.51,164.6,110,7.62,10.8,3,2.91,2,no
USR-12539,渡辺 亮介,OK,127,area_code_415,no,no,0,203.1,85,30.44,222.9,129,8.61,87.1,101,3.73,4.7,5,2.81,3,no
USR-12540,太田 明美,MO,92,area_code_415,no,no,0,206.0,96,52.02,297.8,73,20.92,182.4,77,8.58,9.4,5,2.16,1,no
USR-12541,山田 あすか,NE,132,area_code_408,no,yes,11,216.4,112,27.65,198.6,66,12.82,232.4,157,6.62,11.8,3,3.56,2,no
USR-12542,佐藤 零,MN,88,area_code_408,no,no,0,216.8,112,38.82,289.2,83,16.54,185.7,108,7.08,4.5,5,2.72,1,no
USR-12543,山下 知実,ND,135,area_code_415,no,no,0,161.6,119,33.95,195.2,108,9.24,197.8,114,6.54,4.8,3,2.94,2,no
USR-12544,中川 さゆり,CO,144,area_code_415,yes,yes,0,219.8,109,51.41,121.8,63,17.99,172.0,146,4.22,9.9,5,2.74,1,yes
USR-12545,藤田 翔太,NJ,108,area_code_415,no,no,0,122.0,119,13.13,280.1,77,17.22,56.1,124,7.5,7.7,9,2.79,2,no
USR-12546,小林 美加子,WY,111,area_code_510,no,yes,20,247.7,119,48.4,150.7,106,24.14,224.1,115,0.96,15.8,7,3.57,2,no
USR-12547,藤田 太一,PA,166,area_code_408,no,no,0,186.6,132,18.63,194.7,104,20.28,175.6,145,8.47,11.4,8,3.45,1,no
USR-12548,山田 陽子,NY,131,area_code_415,no,yes,0,217.8,75,25.68,290.0,115,17.72,228.0,128,9.39,9.4,3,3.49,3,no
USR-12549,井上 康弘,IL,125,area_code_510,no,no,0,196.3,98,31.97,184.3,122,15.38,88.4,61,7.25,12.4,3,3.62,4,no
USR-12550,山田 舞,PA,136,area_code_408,no,yes,35,166.9,94,34.8,159.4,102,22.79,207.0,105,10.85,7.7,7,2.85,1,no
USR-12551,坂本 太一,MO,157,area_code_408,no,yes,0,271.4,126,31.06,251.5,77,12.03,170.3,111,6.89,8.4,3,2.56,1,no
USR-12552,松本 幹,WI,121,area_code_415,no,no,0,214.7,66,35.59,219.1,121,20.82,203.9,79,6.85,10.3,2,2.37,1,no
USR-12553,近藤 学,TN,65,area_code_510,no,yes,43,274.0,89,26.37,286.1,73,15.75,177.1,104,7.91,13.3,9,2.21,1,no
USR-12554,佐々木 篤司,UT,171,area_code_415,yes,yes,0,268.5,84,30.11,338.4,96,19.23,91.8,100,9.61,4.4,3,3.63,1,no
USR-12555,鈴木 春香,NH,51,area_code_510,no,no,0,103.0,77,34.8,195.4,112,16.38,113.1,73,8.11,10.2,3,4.62,4,no
USR-12556,西村 知実,IL,131,area_code_510,no,no,0,247.2,102,34.91,134.5,103,22.73,156.5,114,11.36,9.6,8,1.94,1,yes
USR-12557,山下 陽一,NM,116,area_code_510,no,no,0,203.9,111,16.59,215.4,107,14.93,298.5,67,7.48,14.3,3,4.04,1,no
USR-12558,藤井 結衣,NJ,200,area_code_510,yes,yes,23,247.3,107,31.44,202.8,119,15.89,277.7,79,6.68,7.8,4,2.85,1,no
USR-12559,福田 翔太,DE,99,area_code_408,no,no,0,174.7,133,30.76,253.9,149,13.28,120.3,106,7.48,6.4,5,1.05,1,yes
USR-12560,田中 さゆり,CT,100,area_code_510,yes,no,0,239.4,68,38.28,222.9,104,9.99,262.2,111,2.82,4.9,4,1.6,1,yes
USR-12561,藤原 里佳,ID,145,area_code_415,no,no,0,204.5,60,39.13,237.1,89,15.24,155.2,90,5.7,8.0,5,4.5,2,no
USR-12562,小川 太郎,WA,62,area_code_408,yes,no,0,79.6,135,20.8,252.4,131,15.8,179.9,84,4.57,9.6,3,3.6,2,no
USR-12563,斎藤 亮介,NV,95,area_code_510,no,no,0,164.1,103,31.29,209.4,122,13.06,137.4,95,3.94,9.8,4,2.48,2,no
USR-12564,伊藤 結衣,UT,97,area_code_415,yes,yes,0,185.3,150,29.03,186.0,76,16.75,126.7,133,8.92,12.3,6,1.96,2,no
USR-12565,高橋 和也,AL,48,area_code_415,no,no,0,253.1,107,34.92,204.6,118,13.24,146.3,107,7.2,12.6,9,2.35,2,no
USR-12566,小林 香織,UT,77,area_code_408,no,no,0,219.6,50,33.18,205.7,97,13.77,126.4,89,3.03,16.3,3,3.43,3,no
USR-12567,中村 陽子,PA,135,area_code_510,no,yes,0,272.2,42,30.54,201.2,135,11.88,202.5,103,5.93,7.9,3,3.25,3,no
USR-12568,橋本 舞,MI,100,area_code_415,no,no,0,183.9,74,35.72,213.1,137,10.02,247.9,100,5.67,11.7,8,3.51,1,no
USR-12569,長谷川 加奈,OH,84,area_code_415,no,no,0,231.2,58,30.64,254.2,118,23.71,226.9,128,7.72,8.2,3,2.45,1,yes
USR-12570,藤原 翔太,AR,84,area_code_510,no,no,0,263.4,71,29.99,296.5,124,20.11,209.8,90,11.61,13.6,7,3.63,5,yes
USR-12571,高橋 直樹,MD,52,area_code_415,no,yes,43,203.5,94,16.17,238.8,98,10.64,213.4,111,7.3,3.2,4,2.76,1,no
USR-12572,後藤 智也,OH,86,area_code_408,no,yes,0,224.4,81,39.61,133.5,128,18.22,166.8,97,5.86,10.5,2,2.33,1,no
USR-12573,近藤 翔太,DC,144,area_code_510,no,yes,0,307.4,107,23.38,223.1,107,25.06,210.0,102,7.34,11.0,3,3.54,2,no
USR-12574,山田 裕太,MA,164,area_code_510,no,yes,0,227.4,82,33.17,191.5,93,17.13,90.5,116,9.33,5.6,7,2.24,1,no
USR-12575,伊藤 太一,AK,172,area_code_408,no,yes,0,247.5,110,30.86,209.5,131,16.66,204.7,109,6.99,9.6,9,2.67,1,yes
USR-12576,田中 里佳,MA,146,area_code_408,no,yes,0,242.7,83,25.04,240.6,107,16.32,193.3,91,5.75,12.0,5,2.87,4,no
USR-12577,鈴木 舞,IN,96,area_code_415,no,no,0,185.8,98,30.13,149.7,137,19.73,242.9,117,13.35,8.2,3,3.16,0,no
USR-12578,鈴木 充,TN,139,area_code_408,no,no,25,147.3,90,23.4,193.5,98,10.09,262.9,113,5.27,8.9,9,2.22,2,no
USR-12579,松本 智也,MT,94,area_code_408,yes,yes,32,221.4,63,40.96,230.4,97,18.17,126.6,91,4.38,13.5,5,3.45,1,no
USR-12580,加藤 陽子,PA,82,area_code_510,no,no,0,176.1,84,35.34,183.4,90,23.13,151.2,95,5.07,12.6,3,2.74,1,no
USR-12581,石井 陽子,IN,31,area_code_415,no,no,1,284.6,90,15.68,232.3,110,23.97,215.5,58,11.91,11.2,3,2.87,1,no
USR-12582,藤原 里佳,AZ,138,area_code_408,no,no,0,188.1,85,31.22,155.0,108,16.0,149.9,113,9.42,11.8,7,3.02,2,no
USR-12583,伊藤 直子,SC,212,area_code_415,yes,no,0,253.7,74,26.41,305.3,88,18.05,172.1,70,12.46,13.2,5,3.19,3,yes
USR-12584,三浦 翔太,OR,200,area_code_510,no,no,0,145.5,123,28.34,284.5,130,14.65,175.4,92,9.12,7.8,3,3.27,1,yes
USR-12585,福田 修平,NV,100,area_code_408,no,no,0,257.1,90,4.55,173.1,98,21.48,253.1,101,5.96,13.0,7,2.65,4,no
USR-12586,福田 淳,KS,149,area_code_415,no,yes,30,186.2,116,12.03,205.1,76,22.35,184.3,94,10.68,14.6,3,2.48,1,no
USR-12587,斉藤 零,CA,78,area_code_415,yes,no,29,215.1,100,34.96,145.6,109,19.9,192.9,98,5.17,6.0,3,1.57,0,yes
USR-12588,佐々木 加奈,RI,15,area_code_408,no,no,38,217.2,114,23.54,106.5,110,17.15,205.7,93,8.68,9.3,4,2.8,1,no
USR-12589,鈴木 亮介,OK,70,area_code_415,no,yes,47,275.9,96,50.77,211.1,94,19.25,222.1,124,5.85,8.4,3,4.68,1,no
USR-12590,松本 裕美子,UT,161,area_code_415,yes,no,0,196.6,96,33.08,246.8,103,19.99,168.8,89,10.83,9.8,5,3.78,1,no
USR-12591,井上 学,IN,113,area_code_510,no,yes,33,272.4,98,54.34,132.8,105,20.77,207.4,153,6.57,9.2,9,1.86,1,yes
USR-12592,渡辺 陽一,WY,98,area_code_510,no,yes,27,188.8,111,39.66,185.6,88,22.47,235.6,120,7.31,11.9,3,1.73,2,no
USR-12593,鈴木 あすか,GA,69,area_code_415,no,no,0,214.3,94,17.72,312.3,102,7.61,99.9,94,3.27,11.2,5,3.62,1,no
USR-12594,山田 裕太,AL,103,area_code_415,no,no,0,180.0,97,12.59,151.8,154,24.44,129.2,112,7.04,11.3,5,2.93,1,yes
USR-12595,高橋 翼,ID,51,area_code_415,no,no,25,309.2,115,20.94,174.6,102,16.73,180.6,113,8.2,11.5,8,5.05,1,no
USR-12596,中島 七夏,TN,108,area_code_510,no,yes,40,209.2,100,51.15,144.2,122,25.12,228.8,54,6.63,9.0,3,2.54,0,no
USR-12597,岡本 舞,MO,97,area_code_415,no,no,0,200.9,88,34.26,143.0,141,17.08,165.5,97,6.14,16.2,4,3.81,1,yes
USR-12598,長谷川 京助,MI,159,area_code_408,no,yes,0,246.7,83,27.12,244.6,91,18.52,250.6,101,11.6,11.1,3,3.43,2,yes
USR-12599,林 幹,AK,218,area_code_510,no,yes,1,173.9,108,32.87,305.5,126,16.03,163.2,83,7.86,10.0,3,1.4,1,yes
USR-12600,小林 知実,SD,83,area_code_415,yes,no,1,245.9,77,20.52,253.5,87,22.09,172.6,71,4.69,11.0,7,1.68,4,no
USR-12601,山田 知実,DE,82,area_code_510,no,no,32,206.7,130,45.51,355.8,102,17.48,202.0,96,6.71,12.0,3,3.64,4,no
USR-12602,木村 涼平,CT,178,area_code_415,no,no,0,234.2,84,51.29,204.4,74,16.98,215.3,80,5.68,5.8,6,2.55,0,yes
USR-12603,吉田 太一,MO,119,area_code_415,no,no,31,151.7,117,25.78,341.1,57,11.53,235.6,116,8.19,8.2,7,3.06,0,no
USR-12604,山下 千代,KS,102,area_code_415,yes,no,0,169.2,80,27.97,134.7,114,19.84,154.7,85,7.26,11.0,14,2.96,2,yes
USR-12605,清水 真綾,NV,97,area_code_408,no,no,0,215.5,92,38.61,72.5,109,14.67,239.1,131,7.94,11.3,3,2.65,1,no
USR-12606,遠藤 智也,ID,165,area_code_408,no,no,0,190.5,123,33.25,247.3,82,20.26,172.8,117,10.57,11.7,3,3.06,0,no
USR-12607,三浦 知実,AZ,125,area_code_415,no,yes,0,213.2,96,21.91,128.8,106,9.11,190.1,64,6.4,12.2,20,2.48,1,no
USR-12608,中島 零,MS,148,area_code_510,no,no,0,230.7,81,34.36,236.1,117,11.01,201.7,88,9.03,6.0,6,2.78,2,no
USR-12609,田中 里佳,RI,130,area_code_510,no,yes,23,231.2,91,40.14,192.6,98,18.21,224.5,92,9.11,8.3,3,2.29,1,no
USR-12610,伊藤 知実,VT,122,area_code_408,no,yes,40,114.9,93,23.13,153.8,93,20.32,165.2,101,5.21,10.7,3,4.11,1,no
USR-12611,遠藤 さゆり,CA,91,area_code_408,no,no,0,198.2,44,26.82,288.0,170,14.83,284.1,70,6.7,6.8,3,3.77,1,no
USR-12612,小林 淳,NE,44,area_code_408,no,yes,0,271.8,65,34.56,233.4,113,14.53,182.4,107,7.02,12.4,3,2.95,2,yes
USR-12613,伊藤 真綾,VA,83,area_code_415,no,yes,0,229.1,57,15.75,231.0,67,18.75,154.3,92,1.18,9.6,3,2.49,2,no
USR-12614,山口 英樹,NY,86,area_code_415,yes,no,0,334.7,110,7.34,151.8,66,17.57,204.2,94,2.35,12.1,10,2.81,0,no
USR-12615,松本 稔,NM,96,area_code_510,no,yes,0,201.4,107,23.89,218.6,118,14.32,208.8,104,9.36,11.3,3,3.73,1,no
USR-12616,伊藤 春香,TN,135,area_code_510,no,yes,22,196.7,109,26.78,191.5,125,18.72,239.3,80,8.31,10.3,3,3.41,1,no
USR-12617,池田 春香,AK,156,area_code_415,no,no,0,252.6,60,25.89,205.1,125,17.38,201.6,95,6.44,10.8,2,2.54,0,no
USR-12618,清水 洋介,ND,43,area_code_415,no,yes,40,276.9,78,37.78,150.3,118,16.32,154.4,132,12.25,7.9,3,2.51,3,no
USR-12619,清水 稔,NY,106,area_code_408,no,yes,32,167.8,88,38.96,139.4,70,12.93,195.7,85,10.48,9.1,3,2.4,1,no
USR-12620,前田 花子,ID,82,area_code_510,no,no,0,165.4,125,39.67,153.4,91,13.33,256.3,108,9.0,8.0,4,2.74,3,no
USR-12621,井上 幹,NY,140,area_code_408,no,no,0,179.1,110,46.34,215.2,100,25.42,178.6,127,9.01,12.7,6,2.71,1,yes
USR-12622,高橋 七夏,SD,83,area_code_408,no,no,0,351.5,114,24.41,329.1,125,9.16,160.5,98,5.41,10.3,2,3.03,1,yes
USR-12623,佐藤 拓真,AZ,76,area_code_408,no,yes,39,135.3,114,42.92,190.6,102,13.28,181.3,117,9.91,10.2,7,2.52,1,yes
USR-12624,西村 晃,VT,101,area_code_415,no,no,36,192.9,96,26.97,274.0,98,17.32,193.2,67,10.44,12.9,4,3.92,2,no
USR-12625,松本 裕樹,AZ,109,area_code_510,no,no,0,189.3,97,30.19,230.9,131,17.0,247.7,128,14.22,14.6,9,2.58,0,no
USR-12626,加藤 陽子,LA,86,area_code_408,yes,no,0,218.9,124,32.77,206.8,84,16.32,132.2,84,6.01,9.4,6,2.8,1,yes
USR-12627,遠藤 晃,TN,82,area_code_408,no,no,0,155.4,83,18.32,232.4,101,7.94,97.2,94,8.24,10.5,1,2.96,0,no
USR-12628,山崎 直子,ID,111,area_code_415,no,no,0,193.3,105,41.88,172.2,93,18.3,205.9,54,6.92,11.4,4,2.86,0,no
USR-12629,前田 裕太,VT,177,area_code_415,no,no,0,217.0,102,44.89,211.2,100,21.95,245.4,106,8.47,8.2,2,2.42,0,no
USR-12630,中川 直人,NH,99,area_code_415,no,yes,36,147.6,114,28.46,212.7,90,19.33,67.3,148,8.03,6.6,4,2.5,1,no
USR-12631,加藤 花子,AZ,169,area_code_408,no,no,31,244.0,82,39.06,260.6,117,17.41,222.1,115,9.16,9.8,4,3.84,0,no
USR-12632,池田 直子,IL,133,area_code_415,no,no,1,151.9,115,32.73,281.9,123,21.45,173.4,92,9.73,14.6,2,3.03,0,no
USR-12633,松田 知実,UT,44,area_code_415,yes,yes,28,204.2,120,41.6,209.0,78,17.15,176.1,54,9.6,9.3,7,2.71,1,no
USR-12634,田中 裕樹,DE,127,area_code_408,no,yes,38,229.8,88,43.44,225.3,83,18.96,134.5,95,5.83,17.4,3,3.02,2,no
USR-12635,前田 裕樹,NY,103,area_code_408,yes,yes,0,242.1,55,20.11,210.7,140,19.77,202.1,73,9.96,9.6,9,3.59,1,no
USR-12636,藤井 亮介,MS,144,area_code_510,no,no,0,123.3,45,38.04,184.4,87,18.37,181.9,138,11.92,7.8,4,1.73,2,yes
USR-12637,田中 和也,KY,94,area_code_408,no,no,31,202.5,96,50.12,277.6,131,13.49,218.5,104,7.42,8.8,0,4.09,1,no
USR-12638,伊藤 くみ子,MN,84,area_code_408,no,no,0,226.2,102,10.47,230.9,96,8.66,160.5,56,7.63,9.5,6,1.63,1,no
USR-12639,斎藤 涼平,MS,110,area_code_408,no,yes,36,237.8,90,19.09,201.1,107,18.05,179.3,96,10.03,10.6,3,2.38,1,no
USR-12640,鈴木 里佳,SC,162,area_code_510,no,no,24,119.5,104,34.33,263.9,68,19.24,167.3,111,6.99,11.7,3,4.63,2,no
USR-12641,藤井 洋介,SC,145,area_code_510,no,no,0,234.2,97,31.47,165.6,115,17.46,305.8,106,5.1,8.4,8,3.06,1,yes
USR-12642,小川 加奈,OR,67,area_code_415,no,yes,0,239.7,82,24.44,222.2,107,22.66,228.0,126,10.34,10.8,3,2.28,3,yes
USR-12643,渡辺 結衣,PA,92,area_code_510,no,no,0,198.1,101,25.13,179.3,119,19.09,172.0,76,6.97,5.3,4,2.8,0,yes
USR-12644,藤田 洋介,IN,117,area_code_415,yes,no,0,229.1,77,19.58,252.8,77,21.16,244.6,103,8.31,9.1,3,3.51,0,no
USR-12645,松田 直子,SC,93,area_code_510,no,yes,45,134.4,112,40.96,165.6,82,15.33,170.1,111,8.98,9.5,10,3.64,0,no
USR-12646,中川 稔,OK,145,area_code_415,no,yes,0,243.5,96,35.6,184.8,133,19.26,192.9,91,9.32,8.2,5,3.32,1,no
USR-12647,佐藤 翔太,OH,174,area_code_415,no,no,25,272.3,85,36.57,99.3,120,21.74,99.4,69,8.68,1.9,6,2.83,1,no
USR-12648,田中 桃子,VT,127,area_code_415,no,yes,0,262.0,127,32.1,190.2,82,18.11,160.8,104,4.24,10.9,4,3.5,4,no
USR-12649,佐々木 淳,MA,79,area_code_415,no,yes,32,206.5,86,56.05,192.0,71,16.97,224.0,98,3.34,9.0,3,1.57,2,no
USR-12650,松本 美加子,VT,176,area_code_415,yes,no,0,238.8,102,37.48,269.5,73,19.33,179.6,102,8.09,9.9,3,3.53,1,no
USR-12651,橋本 京助,NV,78,area_code_510,no,no,0,263.6,92,30.79,319.8,51,18.0,184.5,78,9.7,12.1,3,4.09,1,no
USR-12652,伊藤 千代,NH,49,area_code_408,no,yes,46,214.4,113,35.24,288.3,70,18.47,169.8,47,10.77,8.9,6,2.9,1,no
USR-12653,後藤 知実,ME,125,area_code_415,no,yes,34,169.0,128,44.36,220.9,94,17.38,203.2,78,6.19,12.8,3,3.72,3,no
USR-12654,鈴木 花子,AK,50,area_code_510,no,no,0,187.0,101,35.46,182.8,81,15.34,177.1,39,8.75,11.7,10,3.39,0,no
USR-12655,佐藤 結衣,ME,116,area_code_510,no,yes,42,196.5,132,17.2,271.2,108,18.2,152.5,106,10.57,14.1,4,2.69,1,no
USR-12656,山本 聡太郎,IL,131,area_code_510,no,yes,24,197.7,119,39.02,198.5,104,16.17,190.1,124,8.92,7.7,1,3.38,0,no
USR-12657,長谷川 康弘,CO,190,area_code_510,no,no,0,249.8,99,19.4,196.2,128,15.29,158.1,106,6.15,9.7,3,4.03,0,yes
USR-12658,阿部 陽子,VA,167,area_code_510,yes,no,0,180.8,96,38.99,171.6,112,18.24,163.8,103,9.53,12.1,3,2.96,2,yes
USR-12659,藤田 英樹,PA,36,area_code_415,yes,yes,31,130.0,116,27.95,130.1,108,26.44,197.3,90,10.01,15.5,3,0.51,0,no
USR-12660,田中 篤司,CT,196,area_code_415,no,yes,21,227.9,133,30.91,301.3,83,20.51,139.2,66,9.91,10.9,7,2.71,0,yes
USR-12661,鈴木 真綾,NM,134,area_code_510,no,yes,1,196.2,86,49.44,240.8,158,20.63,171.4,64,4.47,6.8,3,2.94,1,no
USR-12662,小林 智也,AL,114,area_code_510,no,no,0,249.0,116,31.23,234.4,84,19.79,243.8,80,8.18,11.7,3,2.23,2,no
USR-12663,清水 美加子,AR,79,area_code_415,yes,yes,44,231.1,98,37.84,264.0,72,24.75,229.6,116,7.8,8.3,7,0.0,1,yes
USR-12664,中村 篤司,KS,83,area_code_415,yes,no,0,215.7,53,43.49,316.5,120,8.47,230.8,88,8.0,9.4,7,3.84,3,yes
USR-12665,井上 春香,IL,170,area_code_415,no,no,0,129.1,148,32.55,261.7,103,15.71,174.3,109,8.56,10.9,10,2.71,3,no
USR-12666,岡本 智也,CO,147,area_code_415,yes,yes,0,192.6,68,40.67,214.9,150,20.55,170.0,82,8.54,11.7,8,3.86,1,no
USR-12667,前田 稔,SC,48,area_code_510,yes,no,0,141.0,116,31.82,246.5,122,19.05,190.1,76,9.59,13.8,6,3.51,0,no
USR-12668,太田 篤司,ME,139,area_code_415,no,yes,27,117.4,83,33.84,256.9,93,18.3,132.3,117,4.56,0.0,4,1.97,0,no
USR-12669,井上 裕樹,OR,217,area_code_510,no,yes,0,244.6,125,47.22,316.1,65,19.37,212.0,74,4.55,6.9,3,1.72,1,yes
USR-12670,佐藤 和也,MS,106,area_code_415,yes,yes,35,227.8,140,27.27,181.6,149,17.02,236.5,104,10.72,13.3,3,2.48,1,no
USR-12671,高橋 治,MI,41,area_code_408,no,no,0,239.6,89,43.23,219.1,109,20.67,171.6,129,7.24,10.1,7,1.1,2,no
USR-12672,藤田 裕美子,NH,131,area_code_408,no,no,0,243.4,112,37.16,201.3,93,12.75,170.0,135,12.92,12.6,4,2.77,1,no
USR-12673,山本 英樹,IL,125,area_code_415,no,no,42,79.9,124,17.64,262.1,105,15.42,179.8,53,8.82,15.3,4,1.56,1,no
USR-12674,小林 くみ子,NJ,143,area_code_415,no,no,44,196.8,86,35.85,226.3,103,8.83,207.1,112,5.41,9.6,3,2.64,1,no
USR-12675,山田 治,DC,78,area_code_408,yes,no,0,191.0,107,30.95,88.7,109,19.13,174.4,96,5.9,10.0,3,3.69,1,no
USR-12676,田中 香織,VT,200,area_code_408,no,yes,0,167.9,85,37.27,116.5,128,14.9,151.6,81,9.19,10.0,0,3.22,2,no
USR-12677,渡辺 稔,FL,89,area_code_510,no,no,0,198.2,62,44.37,188.5,112,17.33,170.2,108,9.08,8.1,3,2.84,2,yes
USR-12678,松本 聡太郎,UT,76,area_code_408,no,yes,45,220.6,124,36.94,180.7,117,17.17,255.7,101,5.01,9.0,9,2.44,1,no
USR-12679,中島 太一,SC,78,area_code_408,no,yes,29,139.5,107,22.04,144.9,74,19.58,236.4,104,7.81,15.1,2,2.53,1,no
USR-12680,清水 七夏,DE,181,area_code_415,no,no,0,246.7,113,33.82,230.8,137,19.02,323.5,100,12.58,8.4,9,3.38,1,no
USR-12681,池田 稔,TN,181,area_code_408,no,yes,43,232.7,108,40.34,175.5,110,22.07,138.0,52,7.36,13.1,7,4.41,1,no
USR-12682,井上 春香,MN,127,area_code_408,no,no,0,152.1,65,42.63,230.5,116,19.57,191.6,91,5.16,8.3,3,2.94,1,yes
USR-12683,田中 真綾,AR,59,area_code_408,yes,no,0,122.7,69,29.55,195.8,68,20.67,187.8,52,6.26,10.6,4,2.7,0,yes
USR-12684,木村 健一,CT,197,area_code_408,no,no,38,309.6,110,25.43,194.4,90,26.24,181.4,98,5.63,3.5,2,2.11,1,no
USR-12685,山田 零,NC,86,area_code_415,no,yes,31,268.6,99,34.06,329.5,110,15.78,178.7,72,9.35,1.9,4,2.06,1,no
USR-12686,木村 修平,KS,167,area_code_415,yes,no,0,255.9,84,38.14,305.1,116,14.43,144.8,133,9.93,7.7,5,2.42,1,yes
USR-12687,小川 充,VT,38,area_code_408,no,yes,0,196.6,93,39.05,248.0,92,12.47,245.2,111,9.6,10.5,4,3.06,2,no
USR-12688,木村 真綾,TN,111,area_code_415,yes,no,0,129.9,114,19.4,212.2,95,18.73,85.5,84,9.83,10.8,2,4.09,1,yes
USR-12689,石川 知実,VA,172,area_code_415,no,no,0,152.5,93,29.06,302.8,62,24.9,133.7,93,5.98,10.9,3,3.03,2,no
USR-12690,山口 裕樹,TN,55,area_code_510,no,yes,0,201.7,119,26.19,217.1,86,12.47,156.5,121,1.15,8.7,2,1.93,2,no
USR-12691,藤田 和也,KS,118,area_code_510,no,no,0,209.4,90,22.6,277.1,103,25.23,123.7,92,3.18,11.0,3,3.43,1,yes
USR-12692,高橋 桃子,VA,24,area_code_415,yes,yes,21,242.4,76,18.79,173.7,121,18.52,218.4,108,6.29,10.2,3,3.08,1,no
USR-12693,木村 加奈,DE,124,area_code_415,yes,no,0,260.3,137,32.31,193.9,89,17.04,172.6,123,11.9,11.3,7,2.79,1,yes
USR-12694,岡田 桃子,DE,40,area_code_408,yes,yes,46,181.6,112,34.23,241.3,118,20.44,89.3,98,7.94,7.3,4,2.35,3,yes
USR-12695,中川 学,OR,67,area_code_510,no,no,0,211.1,46,26.17,154.1,77,14.5,171.8,81,9.94,13.0,5,3.12,4,no
USR-12696,高橋 裕美子,MD,104,area_code_415,no,yes,28,226.1,140,41.9,318.2,102,13.75,128.0,106,3.87,11.7,2,2.61,1,no
USR-12697,吉田 陽子,CT,113,area_code_510,no,yes,27,196.7,90,15.71,261.7,94,13.95,190.7,120,5.76,11.6,3,1.15,6,no
USR-12698,藤井 知実,VA,95,area_code_408,no,yes,0,299.3,100,34.68,202.7,109,21.16,197.5,80,6.91,11.6,3,2.23,2,no
USR-12699,中村 七夏,NV,163,area_code_510,no,no,0,184.8,93,26.75,244.0,114,20.66,291.0,122,7.31,12.1,8,3.19,1,no
USR-12700,阿部 美加子,WY,63,area_code_415,no,no,42,223.7,104,29.13,182.5,80,14.78,182.7,57,10.13,15.5,5,1.86,2,no
USR-12701,田中 結衣,AR,184,area_code_415,no,yes,0,223.9,68,38.0,166.9,133,13.53,178.8,102,9.54,6.2,3,4.11,4,no
USR-12702,前田 直子,NV,130,area_code_415,yes,no,0,162.3,89,27.23,181.9,99,17.23,149.7,109,8.73,11.1,3,4.04,1,yes
USR-12703,加藤 結衣,MS,98,area_code_415,no,no,27,207.4,90,37.0,166.9,83,17.46,253.2,66,6.98,10.5,2,2.27,1,no
USR-12704,中島 裕美子,NE,104,area_code_510,no,no,0,106.8,140,9.6,213.8,106,19.62,194.7,85,8.18,12.0,3,2.91,2,no
USR-12705,三浦 美加子,MA,91,area_code_510,no,no,0,227.8,114,25.5,271.4,107,18.58,43.7,131,3.51,9.6,10,3.01,0,no
USR-12706,加藤 和也,NH,148,area_code_408,no,no,33,149.3,87,28.78,188.5,64,16.68,186.7,89,9.05,15.7,7,1.59,3,no
USR-12707,鈴木 学,WA,55,area_code_415,yes,yes,1,239.8,90,29.13,333.3,88,22.03,260.1,90,3.23,10.3,3,3.56,1,no
USR-12708,松本 春香,LA,50,area_code_415,no,yes,0,205.7,79,30.25,223.0,154,18.56,217.3,122,11.97,10.7,1,4.07,1,no
USR-12709,藤井 さゆり,LA,24,area_code_415,yes,no,0,200.6,89,34.35,36.0,109,20.02,217.5,120,5.97,11.6,7,3.09,1,yes
USR-12710,太田 直子,IL,86,area_code_415,no,no,0,189.7,109,34.41,194.4,133,20.86,266.2,81,6.07,9.7,4,2.35,1,yes
USR-12711,鈴木 花子,ME,83,area_code_408,no,yes,33,164.0,105,26.02,255.4,128,8.58,120.4,62,3.81,8.4,3,3.23,2,no
USR-12712,中村 陽一,AR,87,area_code_408,yes,yes,0,179.4,122,34.18,159.3,107,15.61,238.2,47,9.54,10.6,7,1.92,1,no
USR-12713,木村 裕樹,WV,183,area_code_510,no,no,0,220.1,55,34.48,269.9,131,15.77,162.5,133,9.9,11.9,3,1.78,1,no
USR-12714,山崎 聡太郎,SD,28,area_code_510,no,no,0,218.7,101,37.76,212.3,84,9.1,166.2,83,7.79,10.7,4,1.4,1,yes
USR-12715,福田 篤司,CO,63,area_code_415,no,yes,0,235.9,119,32.88,246.0,102,25.99,177.9,129,8.76,3.4,9,3.4,1,yes
USR-12716,山本 康弘,AK,84,area_code_510,no,yes,36,246.5,72,33.67,84.9,109,16.71,309.4,113,6.6,11.1,3,3.79,1,no
USR-12717,岡本 英樹,MA,128,area_code_415,no,no,25,210.3,99,30.76,157.2,84,16.21,141.9,150,8.78,1.8,3,2.09,1,no
USR-12718,池田 舞,MA,102,area_code_415,no,yes,19,274.7,104,42.4,243.0,79,14.91,227.3,142,8.63,6.5,9,4.49,4,no
USR-12719,中村 智也,OK,158,area_code_510,no,yes,28,193.4,94,45.06,197.7,88,9.81,170.3,80,0.42,9.9,3,1.74,2,no
USR-12720,吉田 里佳,MT,176,area_code_415,no,yes,0,217.9,95,34.51,284.9,57,18.89,196.4,100,8.38,3.5,5,2.24,0,no
USR-12721,吉田 翼,NY,105,area_code_510,yes,no,27,224.2,75,40.91,169.4,91,14.19,278.4,113,8.16,6.6,5,2.73,1,no
USR-12722,山本 治,KS,100,area_code_408,no,yes,48,160.6,84,40.0,228.9,152,14.02,185.3,124,8.08,10.8,4,1.17,6,no
USR-12723,佐藤 英樹,LA,50,area_code_408,no,yes,28,238.4,71,22.07,175.0,89,16.51,202.2,86,11.29,14.0,3,2.57,1,no
USR-12724,佐々木 拓真,DE,68,area_code_510,yes,yes,1,248.1,118,19.86,232.1,85,17.34,140.0,134,3.6,10.7,3,3.37,1,yes
USR-12725,中村 あすか,CT,49,area_code_415,no,no,0,85.4,79,35.15,359.3,102,17.36,170.9,109,5.14,10.5,2,2.88,3,yes
USR-12726,鈴木 治,AK,110,area_code_408,no,yes,0,260.0,113,21.76,228.6,119,23.01,186.1,115,6.41,4.6,3,0.0,2,no
USR-12727,井上 美加子,NH,42,area_code_408,no,yes,0,275.3,38,34.74,202.4,88,15.03,312.9,102,11.74,12.5,10,3.19,1,no
USR-12728,中島 陽子,VT,179,area_code_415,no,yes,0,274.5,129,36.39,218.3,89,22.15,272.5,103,6.14,13.8,9,2.31,1,no
USR-12729,小林 学,SD,134,area_code_510,no,no,27,187.5,35,22.31,225.9,146,15.81,227.9,101,8.73,10.6,7,2.95,1,no
USR-12730,岡田 花子,TX,80,area_code_415,no,no,0,212.6,97,24.8,167.6,90,23.57,190.1,140,10.13,8.8,4,4.34,1,yes
USR-12731,松本 あすか,OR,105,area_code_415,no,yes,30,192.8,107,39.85,150.1,86,17.63,194.8,118,5.37,8.1,4,1.18,1,yes
USR-12732,佐藤 春香,NY,179,area_code_415,no,no,39,273.6,117,13.44,153.8,110,9.93,143.4,103,8.51,12.3,4,3.37,2,no
USR-12733,鈴木 裕樹,MI,126,area_code_408,no,no,0,183.4,113,17.71,310.9,96,7.05,116.3,93,7.01,11.1,3,3.54,1,yes
USR-12734,小川 明美,IA,161,area_code_510,no,no,0,166.2,81,44.48,187.4,73,9.39,176.3,110,9.07,14.2,7,1.51,1,no
USR-12735,佐々木 学,GA,82,area_code_408,no,yes,0,288.6,98,27.81,158.3,126,11.38,219.5,116,5.63,7.4,3,3.08,0,no
USR-12736,福田 七夏,ID,104,area_code_415,no,yes,33,329.7,50,31.73,222.3,109,16.63,294.1,91,6.51,10.0,3,2.8,1,no
USR-12737,高橋 京助,AL,64,area_code_510,no,no,0,262.6,134,35.17,149.0,133,19.26,208.2,92,11.25,2.5,3,3.01,0,no
USR-12738,田中 篤司,NJ,171,area_code_415,yes,no,0,281.1,92,43.55,269.8,88,15.41,201.1,113,8.39,13.8,3,2.99,1,no
USR-12739,森 舞,OR,88,area_code_510,no,yes,27,233.4,106,37.54,272.2,88,13.37,173.4,149,5.73,10.5,5,2.39,2,no
USR-12740,渡辺 淳,OR,189,area_code_408,no,no,0,196.9,110,27.72,194.8,86,24.86,202.0,129,7.79,3.7,3,2.93,2,no
USR-12741,佐藤 修平,IN,105,area_code_510,no,no,0,253.3,134,39.1,249.4,111,15.2,160.5,109,6.91,12.8,4,2.79,2,no
USR-12742,小川 里佳,OR,161,area_code_408,no,yes,28,226.0,120,35.44,129.5,138,20.68,246.7,97,9.42,10.8,6,0.0,2,no
USR-12743,斎藤 直子,TX,130,area_code_510,no,yes,0,231.7,97,31.42,105.3,122,20.41,139.8,101,7.36,9.3,8,2.17,1,no
USR-12744,田中 太郎,AR,150,area_code_408,no,yes,0,280.5,111,13.47,180.4,85,12.52,136.3,98,7.16,7.7,9,2.79,0,no
USR-12745,高橋 晃,ND,52,area_code_415,no,yes,0,242.0,81,27.01,283.7,110,19.59,196.5,57,8.55,8.2,6,3.82,1,no
USR-12746,佐藤 さゆり,RI,163,area_code_415,no,no,0,236.1,98,30.96,231.8,132,19.9,145.7,113,4.49,4.3,8,2.05,1,yes
USR-12747,伊藤 直子,IL,108,area_code_415,no,no,0,343.2,88,33.07,69.6,133,13.75,192.1,120,7.96,11.5,4,1.88,1,yes
USR-12748,伊藤 春香,NV,162,area_code_510,no,no,27,246.3,128,34.71,166.9,153,17.36,201.5,93,3.82,10.1,10,1.76,6,no
USR-12749,高橋 直樹,AL,50,area_code_510,no,yes,44,259.6,96,21.3,255.4,75,13.55,206.5,92,7.62,7.0,3,3.98,4,no
USR-12750,藤原 くみ子,WV,137,area_code_408,no,no,0,206.6,65,29.15,159.0,114,13.58,126.6,99,5.83,13.3,2,3.26,4,no
USR-12751,佐藤 直子,NH,61,area_code_510,no,no,0,336.0,121,37.18,191.0,100,14.71,176.5,116,9.48,9.9,5,2.65,1,no
USR-12752,山田 治,ID,215,area_code_415,no,no,0,220.1,111,24.06,245.9,100,11.89,76.8,106,2.37,15.3,9,3.54,1,yes
USR-12753,加藤 修平,RI,144,area_code_415,no,no,0,246.9,96,36.14,213.8,124,6.97,132.2,83,9.25,7.6,6,3.99,4,yes
USR-12754,岡田 桃子,MN,159,area_code_408,no,yes,0,185.6,107,43.54,220.7,98,16.49,114.3,93,6.84,12.7,3,3.87,1,no
USR-12755,佐藤 知実,NE,66,area_code_510,no,no,0,209.5,57,19.95,201.0,91,16.85,206.2,79,7.19,17.9,3,2.97,1,no
USR-12756,山口 さゆり,CO,41,area_code_408,no,no,0,230.0,110,37.73,244.1,111,6.95,154.6,99,4.52,11.1,2,4.15,1,no
USR-12757,岡本 桃子,CT,25,area_code_408,no,yes,47,171.4,102,26.27,280.4,102,8.09,239.1,83,2.73,7.7,2,1.81,0,yes
USR-12758,伊藤 結衣,WI,168,area_code_408,no,no,0,118.6,107,26.58,312.2,107,20.91,163.4,67,7.68,6.6,7,2.79,2,yes
USR-12759,吉田 香織,NY,133,area_code_415,no,yes,0,270.6,125,29.27,194.5,85,15.94,110.9,80,9.43,9.9,3,2.39,2,no
USR-12760,山本 あすか,MO,185,area_code_510,no,yes,0,167.7,109,33.41,168.5,109,15.63,75.2,111,7.29,6.0,3,2.68,0,no
USR-12761,中村 香織,IL,91,area_code_408,no,no,0,165.9,138,29.23,182.8,114,17.16,152.8,130,6.29,6.0,8,2.55,1,no
USR-12762,斉藤 加奈,NH,63,area_code_415,no,yes,0,157.1,109,31.56,238.9,67,15.17,229.1,74,9.3,9.8,3,1.48,1,no
USR-12763,森 真綾,VA,64,area_code_510,yes,yes,39,231.0,88,41.27,184.3,94,20.91,253.5,97,12.24,9.6,3,2.73,2,no
USR-12764,中村 晃,DC,155,area_code_510,no,yes,0,265.4,121,23.22,189.0,91,15.35,159.1,89,7.93,9.2,5,3.5,0,no
USR-12765,小林 和也,PA,168,area_code_408,no,no,1,237.4,82,25.66,172.5,87,16.19,280.7,58,10.55,8.0,6,3.54,0,no
USR-12766,岡田 舞,NV,146,area_code_510,no,no,0,205.5,99,26.76,198.9,120,15.82,194.7,99,8.45,14.7,2,2.02,1,no
USR-12767,前田 健一,KS,115,area_code_408,no,no,0,255.3,38,49.52,145.6,135,16.51,174.3,121,5.51,12.8,2,2.97,2,no
USR-12768,山口 篤司,DC,103,area_code_510,no,yes,0,245.3,103,33.55,189.5,142,10.03,273.2,107,13.03,6.1,4,2.01,1,yes
USR-12769,小林 和也,MN,80,area_code_415,no,yes,41,173.2,93,27.3,145.3,128,13.34,129.7,95,5.46,9.6,4,1.7,0,no
USR-12770,山田 真綾,MO,6,area_code_415,no,yes,38,214.9,109,12.59,274.0,149,11.05,243.6,94,6.73,6.5,9,1.57,2,no
USR-12771,池田 さゆり,MT,99,area_code_408,no,yes,0,238.8,121,17.69,238.3,110,14.26,231.0,87,6.82,8.3,3,3.02,1,no
USR-12772,岡田 学,OR,182,area_code_415,no,no,0,145.7,99,27.39,149.6,86,14.82,96.5,89,9.18,7.4,8,3.1,1,no
USR-12773,村上 修平,MD,135,area_code_415,no,no,28,264.3,102,30.63,177.8,104,20.86,129.5,69,7.79,8.8,3,2.54,2,no
USR-12774,伊藤 篤司,NJ,179,area_code_408,no,yes,27,236.9,91,31.08,254.2,58,23.56,116.8,123,5.49,9.6,7,1.61,0,no
USR-12775,佐藤 涼平,NY,162,area_code_408,no,yes,0,213.2,130,40.1,200.4,74,9.97,169.5,99,6.27,9.4,4,3.02,0,no
USR-12776,坂本 舞,IL,243,area_code_415,no,yes,0,227.0,103,23.62,242.2,89,20.21,42.2,112,8.17,12.5,6,2.45,1,yes
USR-12777,田中 淳,AZ,82,area_code_510,no,no,0,220.4,102,39.7,211.0,117,14.05,65.4,95,2.58,10.4,3,4.34,0,no
USR-12778,山崎 さゆり,ND,142,area_code_415,no,yes,0,276.3,55,21.57,148.8,100,18.15,256.4,65,6.9,4.9,1,3.52,1,no
USR-12779,山本 聡太郎,DC,154,area_code_415,no,no,0,173.0,54,20.74,322.3,122,22.33,158.2,25,7.77,10.6,3,2.71,1,no
USR-12780,鈴木 結衣,AZ,174,area_code_415,no,no,31,177.3,83,47.03,200.7,101,13.74,172.4,114,9.62,6.7,5,2.92,1,no
USR-12781,山崎 京助,MO,158,area_code_408,no,no,0,223.9,108,39.56,204.0,121,17.19,181.6,84,8.03,10.9,3,2.28,1,no
USR-12782,山田 舞,IA,134,area_code_415,no,yes,0,349.2,77,28.59,309.0,122,22.41,196.2,48,4.13,9.5,3,2.51,0,no
USR-12783,佐々木 涼平,NY,103,area_code_510,no,yes,33,255.1,85,49.43,220.5,88,12.31,211.2,112,11.48,8.8,9,2.29,2,no
USR-12784,藤井 太郎,KS,198,area_code_415,yes,no,0,193.9,93,33.29,154.7,133,22.11,161.2,125,10.95,10.9,10,2.49,3,yes
USR-12785,山本 智也,NM,86,area_code_415,no,yes,1,209.3,76,28.8,216.7,82,13.01,255.3,119,13.7,5.7,3,2.47,2,no
USR-12786,前田 淳,NV,139,area_code_510,no,no,1,196.5,86,33.27,267.4,110,23.52,223.1,82,8.91,4.0,6,2.62,1,no
USR-12787,山田 七夏,WA,167,area_code_510,no,no,0,150.8,99,29.86,165.7,128,14.34,190.8,92,6.38,11.1,7,4.31,1,yes
USR-12788,田中 春香,LA,133,area_code_408,no,no,0,262.0,101,40.54,209.5,78,17.13,187.1,120,8.76,5.4,3,2.95,1,yes
USR-12789,山本 稔,PA,120,area_code_510,no,no,0,250.5,109,40.36,247.1,126,13.02,193.9,106,2.17,10.5,2,3.0,1,yes
USR-12790,加藤 健一,DC,49,area_code_510,no,no,33,76.8,84,19.22,174.7,138,18.64,132.3,83,9.45,4.6,3,2.79,6,no
USR-12791,佐々木 篤司,MI,138,area_code_510,yes,yes,43,141.6,113,42.06,109.4,108,17.3,67.5,133,7.28,10.0,8,1.94,1,yes
USR-12792,高橋 裕樹,MD,210,area_code_415,no,no,0,171.8,138,22.99,191.5,99,15.8,197.5,121,3.74,12.1,3,3.53,3,no
USR-12793,山下 桃子,SD,126,area_code_415,no,no,0,181.6,120,35.3,259.4,116,20.74,193.4,128,11.38,6.6,3,3.15,1,no
USR-12794,中村 美加子,GA,85,area_code_408,no,no,32,206.7,94,36.41,296.7,127,15.18,284.8,74,10.18,9.1,3,3.1,0,no
USR-12795,渡辺 知実,IN,123,area_code_408,no,no,23,184.0,111,35.09,183.8,81,12.7,86.8,91,1.35,12.8,3,3.06,1,no
USR-12796,高橋 桃子,SC,80,area_code_510,no,no,0,178.2,110,18.24,264.1,137,19.22,183.9,60,4.28,14.7,3,3.35,1,no
USR-12797,田中 晃,HI,118,area_code_415,yes,no,0,252.8,97,28.33,45.5,92,14.93,274.5,124,10.41,6.9,9,1.77,1,no
USR-12798,吉田 篤司,NV,35,area_code_510,no,no,1,155.6,134,13.2,259.7,135,17.11,152.3,100,8.31,15.1,4,2.47,1,no
USR-12799,中島 稔,OR,163,area_code_415,no,no,0,209.4,74,27.48,159.9,94,18.06,207.0,138,9.22,10.2,8,2.57,0,no
USR-12800,森 千代,NJ,75,area_code_415,no,no,0,201.6,120,40.72,153.1,104,6.72,67.4,124,11.24,4.8,3,2.81,3,no
USR-12801,佐藤 七夏,ME,119,area_code_510,no,no,0,179.2,103,17.73,159.2,96,12.16,234.5,96,13.99,8.6,3,1.8,1,no
USR-12802,佐藤 花子,WV,61,area_code_510,no,no,0,153.6,99,30.15,158.7,151,17.04,172.2,81,8.58,9.9,2,3.83,3,no
USR-12803,山本 聡太郎,RI,114,area_code_408,yes,yes,37,194.0,118,30.14,257.0,86,13.72,163.1,57,6.02,12.2,8,3.49,0,no
USR-12804,中村 陽子,WY,112,area_code_415,no,yes,40,131.4,74,30.92,206.2,105,12.65,214.5,103,8.67,9.4,3,2.89,3,no
USR-12805,岡本 明美,OH,155,area_code_408,no,no,0,222.9,85,41.08,160.4,62,18.93,163.3,89,11.35,12.9,8,2.6,1,no
USR-12806,森 美加子,CT,60,area_code_415,no,yes,33,244.1,97,46.12,133.3,108,15.79,179.7,106,5.01,11.7,3,1.5,1,no
USR-12807,小川 学,MN,170,area_code_408,no,no,1,241.5,56,17.39,177.2,128,24.93,231.4,93,4.03,11.3,4,3.55,0,no
USR-12808,鈴木 拓真,LA,119,area_code_415,no,yes,35,295.0,102,16.62,167.5,137,17.84,270.6,98,11.26,8.4,2,2.98,1,yes
USR-12809,太田 翼,NH,136,area_code_408,no,yes,16,146.6,104,38.81,90.6,114,16.92,268.9,148,9.37,11.0,3,2.57,0,no
USR-12810,渡辺 直子,SD,20,area_code_510,yes,no,0,270.7,99,32.92,197.1,106,22.91,154.3,87,9.59,10.0,4,2.46,1,yes
USR-12811,藤原 裕美子,PA,64,area_code_408,yes,yes,0,295.1,79,20.32,157.6,78,20.11,273.4,94,11.95,5.6,8,3.48,2,yes
USR-12812,中村 淳,HI,79,area_code_510,yes,no,0,106.8,110,36.45,130.9,111,19.8,176.0,75,12.52,10.3,3,3.1,1,no
USR-12813,山田 直人,NC,59,area_code_415,no,yes,0,221.3,127,40.41,229.2,117,23.89,200.0,89,9.27,8.7,1,2.5,2,no
USR-12814,山崎 あすか,CT,87,area_code_408,no,no,0,185.2,96,25.28,172.4,94,24.51,230.9,112,8.15,9.3,8,3.51,1,no
USR-12815,清水 和也,IL,115,area_code_408,no,yes,0,93.5,94,34.95,215.0,119,19.03,210.9,44,7.81,9.5,4,2.34,1,no
USR-12816,橋本 太一,AR,83,area_code_415,no,yes,42,213.7,68,29.23,186.1,104,12.49,169.1,139,2.49,10.1,7,2.05,4,no
USR-12817,高橋 洋介,DC,115,area_code_408,no,yes,0,220.1,113,46.3,215.7,78,11.59,211.8,116,5.65,7.7,4,3.32,1,yes
USR-12818,松田 直人,NJ,154,area_code_408,no,no,43,248.1,83,23.06,195.3,95,13.64,185.9,95,8.45,11.4,1,2.91,2,no
USR-12819,吉田 京助,MA,87,area_code_510,no,no,0,208.0,115,40.26,196.2,143,14.46,253.2,106,9.99,11.8,4,2.6,1,yes
USR-12820,長谷川 篤司,WA,201,area_code_415,no,no,1,212.1,119,34.11,306.6,92,15.35,200.8,101,1.44,10.1,9,2.95,1,no
USR-12821,松本 陽子,SD,139,area_code_415,no,yes,0,246.2,112,17.49,177.2,100,16.92,258.1,100,7.43,9.1,3,2.31,2,no
USR-12822,山本 あすか,NC,157,area_code_415,no,no,0,209.2,109,29.32,85.0,90,17.06,145.1,100,7.86,10.5,5,3.71,1,no
USR-12823,斎藤 里佳,ID,106,area_code_408,yes,no,0,312.7,114,29.49,218.2,88,22.31,167.9,97,10.56,13.5,4,2.36,1,no
USR-12824,長谷川 加奈,UT,40,area_code_415,no,no,0,262.8,92,6.52,303.0,103,13.56,110.0,91,3.88,12.3,3,2.13,4,no
USR-12825,中村 さゆり,PA,82,area_code_510,no,no,1,230.3,92,42.04,184.7,107,18.27,124.5,61,8.62,11.6,3,3.8,1,yes
USR-12826,長谷川 春香,GA,75,area_code_408,no,no,44,160.0,117,27.43,200.6,150,14.07,186.2,77,11.96,6.2,3,2.45,1,yes
USR-12827,岡田 明美,MT,96,area_code_415,no,no,0,258.8,108,33.57,133.9,96,15.26,187.2,93,9.33,15.8,4,3.69,0,no
USR-12828,太田 陽子,WA,120,area_code_415,no,no,0,226.6,118,35.15,223.1,130,11.78,240.2,90,9.28,11.1,1,4.39,0,no
USR-12829,藤井 聡太郎,LA,83,area_code_415,no,no,0,210.2,105,22.04,194.5,86,19.67,200.7,48,8.96,10.3,5,2.64,1,yes
USR-12830,木村 里佳,FL,91,area_code_415,no,yes,23,246.8,110,47.14,185.1,106,22.85,395.0,161,5.45,5.0,2,1.55,0,no
USR-12831,加藤 舞,GA,105,area_code_408,no,yes,0,227.7,100,22.54,204.3,133,23.03,258.0,79,6.78,13.0,8,2.47,1,yes
USR-12832,斉藤 裕太,NC,175,area_code_415,no,no,34,82.3,63,33.75,128.7,93,24.89,138.1,100,3.14,11.4,3,1.96,1,no
USR-12833,森 加奈,DE,45,area_code_415,yes,no,30,121.1,116,32.2,207.9,158,19.18,183.0,110,5.88,9.2,3,2.17,0,no
USR-12834,鈴木 香織,SD,125,area_code_510,no,no,0,257.7,51,47.89,211.2,100,17.08,180.8,64,7.09,13.8,4,3.65,2,yes
USR-12835,斎藤 明美,AZ,80,area_code_408,no,yes,0,179.4,82,24.57,247.2,103,24.39,170.3,68,14.48,12.1,4,4.03,2,no
USR-12836,中村 康弘,CA,72,area_code_510,yes,no,0,263.0,104,33.28,192.4,113,27.19,155.0,123,13.94,6.5,4,4.34,1,yes
USR-12837,伊藤 学,NH,156,area_code_510,no,yes,34,286.7,115,34.23,229.5,82,22.76,204.5,121,9.22,10.1,3,2.28,1,no
USR-12838,伊藤 治,TX,99,area_code_415,no,no,0,167.9,101,40.08,202.2,108,15.3,142.2,83,3.14,13.1,5,3.73,0,no
USR-12839,西村 健一,CT,115,area_code_415,no,no,0,213.6,87,24.93,189.7,123,12.96,145.6,114,5.61,11.0,3,4.01,0,no
USR-12840,小林 晃,ID,33,area_code_415,no,no,0,219.4,114,53.03,151.4,114,13.28,181.9,91,5.42,9.4,3,4.13,1,yes
USR-12841,吉田 裕美子,MT,102,area_code_510,no,yes,33,205.8,108,40.79,207.5,122,21.29,156.4,116,7.49,7.3,7,2.03,2,yes
USR-12842,小川 美加子,MO,110,area_code_415,no,no,0,208.1,91,23.74,136.0,105,12.6,141.8,143,7.27,7.7,7,1.99,1,no
USR-12843,山本 里佳,CT,36,area_code_510,no,no,0,162.3,148,20.32,130.0,79,18.15,101.9,84,7.02,7.8,4,3.15,4,no
USR-12844,藤田 里佳,MS,22,area_code_415,yes,no,1,171.1,78,23.66,195.3,156,8.59,256.1,60,9.73,4.7,1,3.4,1,no
USR-12845,小林 さゆり,TN,49,area_code_415,no,yes,43,256.2,90,29.67,265.2,84,15.13,155.5,62,5.24,9.8,4,2.15,0,no
USR-12846,佐藤 裕美子,NJ,143,area_code_510,yes,yes,1,256.8,98,41.65,120.7,76,15.8,131.8,102,9.08,8.2,9,3.13,1,no
USR-12847,橋本 直子,MN,139,area_code_415,no,no,0,193.5,89,27.18,208.6,78,14.96,165.2,96,9.08,8.5,4,3.81,1,no
USR-12848,鈴木 明美,OR,113,area_code_510,no,no,0,241.6,114,44.9,94.2,80,13.62,265.3,138,7.1,12.9,3,3.28,1,yes
USR-12849,清水 晃,MT,142,area_code_415,yes,no,0,297.7,92,10.96,193.7,92,14.35,178.6,66,7.38,13.1,6,2.91,0,yes
USR-12850,森 淳,ME,119,area_code_415,no,no,29,199.4,141,27.94,162.4,99,18.98,271.5,135,13.2,11.7,3,3.52,1,yes
USR-12851,森 英樹,MS,152,area_code_415,no,yes,0,158.1,111,46.8,103.3,101,22.7,92.0,86,0.51,9.2,4,2.14,2,no
USR-12852,加藤 春香,IA,19,area_code_408,yes,no,0,238.8,106,36.99,191.8,82,16.83,127.0,92,9.76,9.8,3,2.95,0,no
USR-12853,岡本 治,VT,138,area_code_415,no,no,0,240.7,84,31.09,138.5,134,16.28,175.9,68,6.99,12.0,10,1.81,3,no
USR-12854,中島 花子,OR,51,area_code_415,no,no,0,191.9,69,28.74,204.7,112,15.98,189.9,105,7.43,13.1,4,3.34,1,no
USR-12855,山崎 太一,OK,206,area_code_510,no,no,1,172.1,90,36.26,215.9,100,11.25,152.6,96,6.11,9.4,3,0.11,1,no
USR-12856,山田 淳,DE,86,area_code_510,yes,no,0,213.1,101,32.63,153.1,93,9.52,237.8,88,12.1,6.4,3,2.86,0,yes
USR-12857,鈴木 洋介,OR,106,area_code_408,no,yes,35,164.8,125,29.12,276.6,126,9.33,132.8,99,9.26,11.4,7,1.01,1,no
USR-12858,山本 洋介,FL,95,area_code_408,no,no,1,183.9,135,13.11,272.8,122,17.78,94.2,68,3.2,8.0,3,2.79,4,yes
USR-12859,斎藤 充,PA,168,area_code_415,no,no,0,196.1,71,36.69,267.7,121,21.97,284.8,80,8.52,12.1,5,3.1,1,no
USR-12860,渡辺 香織,NJ,132,area_code_510,no,yes,33,225.5,101,44.92,274.4,99,16.17,203.1,129,4.47,12.7,3,2.44,0,no
USR-12861,伊藤 直人,ME,38,area_code_408,no,no,0,295.9,94,35.68,276.8,94,18.86,142.7,80,2.19,10.2,7,1.84,3,no
USR-12862,佐藤 春香,MO,32,area_code_510,no,yes,31,195.9,65,38.36,250.7,102,13.35,205.7,84,4.2,9.9,5,3.32,1,no
USR-12863,村上 陽一,RI,100,area_code_510,no,yes,0,188.2,103,37.74,196.2,115,18.36,261.1,128,8.13,8.9,2,2.44,2,no
USR-12864,渡辺 亮介,CA,91,area_code_408,no,yes,0,159.3,88,37.33,189.4,138,16.76,172.6,103,5.5,9.5,4,2.43,1,yes
USR-12865,後藤 聡太郎,PA,91,area_code_510,no,yes,0,321.1,51,49.08,201.8,78,14.82,196.9,82,6.38,9.4,2,2.79,1,yes
USR-12866,斎藤 和也,CT,67,area_code_415,yes,yes,0,211.7,123,34.78,271.0,109,15.69,177.3,79,6.72,11.4,4,2.15,1,no
USR-12867,中村 裕太,OH,134,area_code_408,no,no,42,195.9,97,37.34,205.9,89,18.2,145.5,99,6.8,10.0,4,2.5,3,yes
USR-12868,高橋 陽子,UT,92,area_code_510,no,yes,0,234.1,92,35.3,252.9,110,18.57,222.6,98,7.47,7.5,6,3.26,1,yes
USR-12869,池田 舞,PA,135,area_code_510,no,no,28,169.7,71,42.03,167.0,118,18.41,145.9,105,7.03,11.9,6,3.28,3,no
USR-12870,橋本 英樹,KS,104,area_code_415,yes,no,0,203.8,79,35.37,171.1,107,15.23,157.3,108,4.13,9.8,3,3.39,1,yes
USR-12871,山本 里佳,NV,75,area_code_510,yes,yes,0,138.6,65,48.65,125.6,129,15.16,180.4,138,7.52,10.3,3,2.79,2,yes
USR-12872,藤原 結衣,MD,158,area_code_510,no,yes,0,220.2,90,31.93,226.7,111,16.53,255.7,105,9.03,10.1,3,2.73,0,no
USR-12873,鈴木 くみ子,AL,105,area_code_415,no,yes,0,133.0,107,42.18,91.6,96,30.54,234.5,75,6.47,10.6,4,1.1,1,no
USR-12874,鈴木 学,MA,124,area_code_510,no,yes,30,211.1,68,45.35,184.9,89,9.32,101.2,126,6.17,8.5,2,2.86,2,no
USR-12875,佐々木 学,NY,176,area_code_408,no,yes,0,225.2,103,35.78,237.2,99,25.98,211.5,123,7.13,8.9,3,2.36,3,no
USR-12876,村上 知実,CT,214,area_code_415,no,yes,0,186.0,117,16.58,153.2,72,20.9,178.9,131,4.54,9.9,3,3.47,1,no
USR-12877,西村 さゆり,VT,165,area_code_415,no,no,0,242.0,76,17.79,176.7,105,22.82,210.3,118,2.67,6.8,3,2.15,1,no
USR-12878,高橋 晃,TN,101,area_code_510,no,yes,34,187.0,119,51.93,190.9,102,10.95,187.6,100,5.06,6.6,3,1.6,2,no
USR-12879,中島 和也,ME,77,area_code_408,yes,yes,24,173.3,117,52.51,256.6,86,26.85,243.4,93,9.89,9.7,7,3.2,1,yes
USR-12880,青木 七夏,OH,121,area_code_415,no,no,0,231.5,144,0.55,166.5,119,20.73,155.4,98,8.46,11.5,3,2.8,3,no
USR-12881,阿部 春香,MA,75,area_code_415,no,yes,39,192.0,97,51.39,171.7,129,14.8,214.9,43,5.71,10.7,2,1.8,1,no
USR-12882,山田 くみ子,ID,112,area_code_510,no,yes,35,243.4,88,47.58,167.1,102,21.71,142.2,126,6.64,11.2,3,4.45,1,no
USR-12883,小林 浩,MN,123,area_code_415,no,yes,35,238.3,98,29.64,285.4,118,20.17,169.5,105,9.49,9.9,7,1.37,2,no
USR-12884,佐藤 裕太,OR,107,area_code_415,no,no,0,224.5,72,27.15,82.4,101,19.86,157.1,106,4.41,11.0,3,2.43,1,no
USR-12885,西村 美加子,TN,87,area_code_510,no,yes,0,190.5,125,15.67,202.7,94,19.22,137.9,82,3.07,12.4,2,2.06,0,no
USR-12886,小林 太一,NC,96,area_code_510,no,no,35,222.7,108,20.44,235.2,141,20.04,186.5,109,7.89,13.1,10,3.28,1,no
USR-12887,阿部 花子,KY,135,area_code_415,yes,yes,29,189.6,75,47.74,188.0,84,13.47,248.0,123,4.9,9.4,8,2.2,0,no
USR-12888,伊藤 陽子,DC,113,area_code_415,no,no,0,262.3,88,8.95,294.1,134,23.94,162.5,102,5.07,14.4,3,2.2,1,yes
USR-12889,佐藤 千代,PA,117,area_code_510,no,yes,0,175.6,141,37.44,239.6,98,10.82,236.7,133,6.21,5.2,3,1.93,1,no
USR-12890,鈴木 京助,MO,72,area_code_415,no,yes,0,207.1,79,30.61,203.1,106,14.46,208.2,65,8.3,10.7,3,3.17,1,no
USR-12891,後藤 聡太郎,IA,54,area_code_408,yes,yes,0,262.1,69,23.13,245.0,115,15.06,175.8,59,8.65,10.7,3,2.83,1,no
USR-12892,渡辺 零,AR,127,area_code_510,no,yes,26,236.2,94,38.76,186.0,108,12.42,192.6,81,10.53,9.6,4,5.14,1,no
USR-12893,木村 真綾,MT,113,area_code_510,yes,no,0,236.0,85,32.98,274.9,60,20.33,163.1,121,13.02,10.3,5,1.89,0,no
USR-12894,山本 里佳,FL,160,area_code_510,no,yes,45,224.3,67,45.4,213.9,122,16.5,194.8,81,9.52,8.8,3,2.67,1,no
USR-12895,村上 くみ子,NV,91,area_code_415,yes,no,0,280.4,71,30.15,296.2,119,11.05,181.8,133,11.47,10.4,1,3.65,0,yes
USR-12896,佐々木 結衣,MN,126,area_code_415,no,yes,0,227.6,96,28.24,222.9,130,16.64,175.0,99,7.79,9.7,7,3.19,0,no
USR-12897,佐藤 真綾,TN,107,area_code_415,yes,no,0,162.6,92,29.98,177.4,99,17.25,137.3,74,8.15,9.5,10,1.83,4,no
USR-12898,松本 直人,PA,88,area_code_408,yes,no,30,175.0,105,41.76,182.5,112,20.29,92.3,113,11.79,11.3,2,2.31,3,no
USR-12899,坂本 あすか,PA,156,area_code_415,no,no,0,215.4,101,18.84,191.7,76,15.25,120.1,113,8.8,11.5,3,3.75,3,no
USR-12900,伊藤 知実,VA,24,area_code_415,no,no,0,158.7,104,33.71,277.2,113,15.38,53.5,76,5.45,12.3,5,2.41,1,no
USR-12901,藤原 七夏,MA,85,area_code_408,yes,no,0,248.9,90,10.19,156.5,111,22.93,171.9,31,5.4,8.6,3,3.53,1,no
USR-12902,清水 稔,DC,26,area_code_415,yes,no,45,227.2,91,39.7,295.5,120,14.38,196.4,63,5.68,8.8,4,2.48,1,yes
USR-12903,渡辺 桃子,ND,107,area_code_415,no,yes,44,283.2,108,16.48,237.7,102,11.87,139.0,89,5.06,14.3,3,2.79,1,yes
USR-12904,伊藤 翼,MS,158,area_code_408,no,no,40,213.7,63,33.77,280.7,146,5.97,193.1,127,6.15,8.6,3,2.29,4,no
USR-12905,藤井 美加子,KS,135,area_code_415,yes,yes,0,305.9,94,37.63,304.3,109,16.57,180.1,121,3.07,6.2,5,2.61,1,yes
USR-12906,佐々木 翔太,MO,135,area_code_408,no,no,0,169.1,78,34.94,165.5,132,15.29,214.5,113,10.35,8.6,3,3.03,1,yes
USR-12907,田中 洋介,VT,155,area_code_408,no,yes,0,303.6,104,34.12,205.6,96,15.06,181.8,99,6.81,2.7,5,1.57,2,no
USR-12908,高橋 陽子,WA,63,area_code_415,no,no,46,167.0,92,16.7,253.4,95,19.1,156.9,102,1.14,6.6,3,2.25,1,no
USR-12909,中村 さゆり,MI,60,area_code_510,yes,yes,27,117.5,118,39.68,233.6,66,24.16,196.8,140,9.6,9.7,3,3.59,0,no
USR-12910,小林 美加子,SD,166,area_code_415,no,yes,30,245.8,119,45.44,165.2,87,17.06,143.4,106,6.76,6.8,3,3.23,1,no
USR-12911,藤井 香織,PA,30,area_code_510,no,no,39,142.8,75,34.37,264.0,123,14.37,66.8,118,8.29,11.2,2,2.12,1,no
USR-12912,森 直樹,CT,188,area_code_415,yes,no,0,250.8,100,30.58,133.6,105,16.43,179.3,99,10.51,7.2,12,2.55,3,yes
USR-12913,佐々木 幹,RI,15,area_code_415,no,no,0,166.4,108,37.02,149.2,102,18.6,145.6,111,9.29,11.0,5,2.47,3,no
USR-12914,山崎 七夏,CO,80,area_code_510,yes,yes,0,250.2,35,29.27,359.3,146,13.51,163.9,114,6.55,7.9,10,1.67,1,no
USR-12915,伊藤 亮介,VT,137,area_code_415,no,no,0,62.6,108,33.15,132.1,79,15.18,126.9,58,8.0,12.1,3,2.5,2,no
USR-12916,藤原 聡太郎,CA,154,area_code_415,no,no,0,296.9,88,44.08,226.9,111,19.61,126.4,86,3.59,11.7,2,2.98,0,no
USR-12917,加藤 香織,HI,153,area_code_510,no,yes,0,262.7,100,30.4,253.5,79,23.55,158.4,94,10.55,12.7,4,3.5,1,no
USR-12918,後藤 陽子,TN,99,area_code_510,no,no,0,272.9,104,21.09,194.4,116,12.18,187.9,110,5.69,11.9,3,1.45,2,no
USR-12919,加藤 英樹,MN,45,area_code_415,no,yes,31,218.2,77,40.32,131.5,93,11.48,119.6,100,6.13,10.6,6,3.3,2,no
USR-12920,鈴木 幹,DE,141,area_code_510,no,yes,1,286.2,72,26.56,160.4,114,19.6,239.4,83,10.98,14.7,2,3.3,2,yes
USR-12921,松田 明美,VA,137,area_code_415,no,yes,0,242.5,96,31.11,194.4,143,16.12,91.1,133,6.23,5.7,4,2.23,1,no
USR-12922,阿部 京助,PA,102,area_code_415,no,yes,0,184.1,85,34.42,192.3,50,21.94,228.7,140,8.21,11.5,6,4.21,1,no
USR-12923,山崎 さゆり,ID,108,area_code_408,no,yes,27,184.5,115,42.49,180.4,97,15.83,185.5,143,9.23,8.7,9,2.06,1,no
USR-12924,伊藤 幹,NM,171,area_code_415,no,yes,0,194.8,88,19.19,108.9,108,26.19,167.2,98,8.29,6.7,3,3.95,3,no
USR-12925,中島 陽一,DE,167,area_code_408,yes,yes,0,186.4,82,38.77,169.1,138,16.39,167.2,77,6.05,10.7,2,5.21,1,no
USR-12926,青木 直子,OH,71,area_code_408,no,no,1,231.3,74,15.37,316.5,101,25.8,125.2,94,4.04,2.6,3,1.53,1,no
USR-12927,林 桃子,MN,142,area_code_408,no,no,0,196.5,59,50.82,116.1,141,14.73,221.9,128,7.14,9.3,3,3.55,1,no
USR-12928,福田 結衣,OR,106,area_code_510,no,yes,32,174.5,105,23.77,196.3,72,20.69,132.4,84,3.21,12.4,2,2.26,1,yes
USR-12929,林 英樹,NM,201,area_code_415,yes,no,0,154.3,101,38.2,280.2,114,10.65,136.8,77,5.53,14.1,3,2.24,1,no
USR-12930,中島 涼平,WY,90,area_code_510,no,yes,1,242.5,143,27.12,253.2,115,18.48,186.7,83,9.64,4.7,5,2.55,4,no
USR-12931,井上 稔,TX,144,area_code_408,no,yes,29,306.0,76,15.8,252.1,119,12.78,147.2,104,7.94,10.1,9,2.07,1,no
USR-12932,林 舞,PA,165,area_code_510,no,yes,0,198.9,95,25.18,225.4,140,16.49,141.2,79,4.06,8.3,3,1.78,1,no
USR-12933,福田 康弘,LA,91,area_code_415,yes,no,40,139.9,96,37.85,244.5,69,19.35,167.8,112,10.07,7.7,6,1.77,2,no
USR-12934,鈴木 康弘,IL,25,area_code_408,no,yes,44,167.8,101,56.62,178.1,107,13.55,276.7,99,6.33,11.7,4,2.16,2,no
USR-12935,林 さゆり,AL,84,area_code_510,no,no,1,321.5,91,25.66,187.6,111,8.99,169.8,160,10.2,10.1,3,3.23,1,no
USR-12936,佐藤 陽一,MI,153,area_code_415,no,yes,36,179.7,108,32.89,172.2,70,14.86,151.8,121,6.48,10.2,6,2.24,1,no
USR-12937,岡田 千代,AK,81,area_code_510,no,no,0,86.3,135,49.38,277.9,77,17.11,123.3,83,8.61,13.9,2,2.31,0,no
USR-12938,林 花子,VT,110,area_code_408,no,no,0,240.6,80,32.97,174.8,119,10.93,158.6,59,7.44,9.3,6,1.94,2,no
USR-12939,小林 香織,VT,105,area_code_415,no,yes,0,228.3,78,23.32,227.6,117,15.38,239.7,80,11.33,10.9,3,3.14,1,no
USR-12940,渡辺 太郎,OR,74,area_code_415,yes,no,0,193.9,92,30.88,180.1,97,22.18,166.9,58,5.28,10.9,4,2.03,3,no
USR-12941,鈴木 桃子,TX,182,area_code_415,no,yes,32,147.5,92,35.86,295.9,93,18.58,168.9,95,8.33,7.8,5,3.07,1,no
USR-12942,佐藤 幹,RI,110,area_code_510,yes,yes,34,257.5,70,41.0,189.8,97,14.03,192.8,113,6.67,13.7,4,2.81,1,no
USR-12943,中村 直人,ID,96,area_code_415,no,yes,36,233.1,69,36.22,188.8,100,9.95,148.3,120,5.63,7.4,3,3.19,3,no
USR-12944,伊藤 翼,WA,141,area_code_415,yes,no,40,225.9,107,34.33,213.3,94,17.91,164.0,88,2.85,3.8,5,3.09,0,no
USR-12945,森 涼平,SC,67,area_code_415,no,no,40,260.7,98,35.29,210.3,103,14.41,183.2,133,10.14,7.5,4,1.17,1,no
USR-12946,後藤 亮介,MN,147,area_code_510,no,no,0,194.4,107,26.29,148.4,118,20.66,154.5,101,1.97,9.2,3,2.53,1,no
USR-12947,伊藤 洋介,TN,86,area_code_415,no,yes,0,195.4,72,31.38,205.0,128,19.57,180.4,76,8.39,12.6,2,2.39,1,no
USR-12948,福田 直子,NC,187,area_code_408,no,no,24,194.9,69,55.21,140.3,134,15.24,261.1,128,8.35,8.8,1,2.14,1,no
USR-12949,岡本 涼平,NV,199,area_code_415,no,no,0,174.2,57,26.51,194.7,123,30.54,180.3,91,6.7,12.2,4,2.17,1,no
USR-12950,加藤 明美,PA,129,area_code_510,yes,yes,0,220.1,95,38.21,165.7,105,28.41,221.5,91,11.72,12.0,5,2.61,2,no
USR-12951,山下 春香,AL,27,area_code_415,no,yes,35,277.2,103,11.28,253.5,68,15.9,117.4,69,6.97,13.2,4,3.11,0,no
USR-12952,遠藤 春香,MI,126,area_code_415,no,no,19,176.0,94,40.43,239.5,160,13.26,189.4,124,6.97,8.8,2,2.51,1,yes
USR-12953,山本 智也,NC,87,area_code_415,no,no,0,264.3,71,43.74,241.1,112,15.77,211.5,92,6.68,11.0,4,3.3,2,yes
USR-12954,遠藤 京助,UT,58,area_code_510,no,yes,0,249.7,61,32.03,257.4,105,7.63,125.9,94,8.19,10.3,17,4.23,0,no
USR-12955,木村 美加子,AR,42,area_code_510,no,no,1,253.5,110,16.67,213.0,137,19.88,224.7,103,11.14,15.9,3,2.8,4,yes
USR-12956,近藤 幹,TX,3,area_code_510,no,yes,44,171.9,112,23.24,258.9,87,18.72,227.5,99,9.14,10.1,7,1.37,1,no
USR-12957,斉藤 直人,SD,61,area_code_415,no,yes,0,282.5,88,31.95,242.0,108,20.02,165.8,127,8.92,15.4,3,3.51,1,yes
USR-12958,木村 くみ子,MT,41,area_code_415,yes,no,25,209.5,118,44.76,134.1,78,9.78,190.1,98,6.36,10.4,4,3.83,1,yes
USR-12959,小林 結衣,TN,108,area_code_415,no,no,35,175.7,126,41.43,184.4,95,17.72,140.5,85,8.57,8.2,3,4.15,3,no
USR-12960,石井 太郎,WA,131,area_code_415,no,no,29,207.9,95,44.11,177.1,120,12.49,167.6,107,7.63,10.6,6,2.28,1,no
USR-12961,佐々木 篤司,TX,83,area_code_408,no,yes,28,223.6,98,31.13,210.2,100,21.67,208.8,85,11.12,13.9,4,2.86,3,no
USR-12962,太田 陽子,PA,123,area_code_510,yes,no,0,210.5,87,35.52,268.4,96,14.39,173.4,88,8.07,2.7,8,2.67,2,no
USR-12963,山口 浩,GA,176,area_code_415,no,no,38,209.5,111,21.07,132.0,102,24.0,207.6,127,14.23,7.3,3,1.93,1,no
USR-12964,高橋 直子,VT,131,area_code_415,no,yes,34,167.8,111,44.78,235.8,86,18.35,218.6,103,4.48,8.5,3,1.73,0,no
USR-12965,中村 くみ子,GA,134,area_code_510,no,no,0,187.7,89,40.28,194.4,168,9.26,209.7,108,5.67,5.9,3,3.38,2,no
USR-12966,山本 聡太郎,OR,148,area_code_408,no,no,0,174.8,67,33.42,199.1,117,24.92,302.7,119,7.82,10.9,6,1.77,3,no
USR-12967,山口 聡太郎,MS,98,area_code_408,no,yes,41,267.6,83,30.7,117.7,110,17.4,116.3,84,6.62,8.8,5,2.93,0,no
USR-12968,清水 稔,LA,154,area_code_415,no,no,31,180.1,116,35.38,211.5,93,22.47,212.4,75,10.03,7.5,3,2.3,1,yes
USR-12969,田中 知実,IL,135,area_code_510,no,yes,30,338.4,93,26.62,175.4,137,13.11,259.6,134,10.96,11.9,2,3.51,1,no
USR-12970,橋本 七夏,NE,108,area_code_510,no,yes,30,261.2,131,32.37,104.8,83,16.11,151.8,120,10.16,12.7,10,1.8,1,no
USR-12971,松本 直子,CT,93,area_code_408,no,yes,46,135.8,140,18.21,52.8,117,20.29,132.4,95,5.37,12.7,7,2.86,1,no
USR-12972,山崎 香織,MN,109,area_code_408,no,no,26,216.6,85,20.02,140.2,137,16.72,168.3,76,6.68,10.3,9,2.26,2,no
USR-12973,山下 拓真,MA,110,area_code_415,no,no,44,146.6,98,56.36,281.3,93,15.84,87.3,134,7.33,11.4,9,3.3,1,no
USR-12974,小川 美加子,NJ,117,area_code_408,no,no,52,176.8,111,27.81,303.6,104,22.91,156.0,101,6.18,4.1,6,1.7,2,no
USR-12975,池田 七夏,IN,102,area_code_415,no,yes,17,90.1,91,30.08,174.5,71,19.5,186.8,86,12.48,12.9,8,2.9,2,no
USR-12976,渡辺 舞,AZ,157,area_code_415,no,no,0,191.4,97,39.47,173.9,138,13.81,222.1,95,8.06,5.0,3,1.86,2,no
USR-12977,遠藤 亮介,MD,87,area_code_415,no,no,0,152.2,114,41.3,158.3,86,15.55,234.4,102,7.91,5.1,5,1.46,0,yes
USR-12978,加藤 知実,CA,115,area_code_408,yes,no,0,176.2,104,5.58,175.6,59,22.46,232.1,47,8.14,14.6,5,3.25,1,yes
USR-12979,鈴木 陽一,CT,85,area_code_510,no,no,0,189.6,125,31.02,226.4,88,7.22,165.6,110,9.86,12.6,3,2.99,1,no
USR-12980,加藤 千代,AK,83,area_code_510,no,no,0,134.2,83,24.27,313.5,93,17.26,131.8,91,7.42,11.8,7,2.66,1,yes
USR-12981,石井 さゆり,ND,203,area_code_415,no,no,0,270.5,58,36.54,205.8,104,14.56,212.8,112,4.17,10.8,2,3.07,1,no
USR-12982,山崎 学,SC,88,area_code_510,no,yes,48,278.5,93,27.92,188.0,90,16.3,202.7,115,2.21,9.3,9,2.3,1,no
USR-12983,加藤 淳,AR,174,area_code_415,no,yes,0,207.2,72,35.98,172.5,120,18.31,201.8,79,12.71,8.1,3,1.94,4,no
USR-12984,田中 晃,NC,36,area_code_415,no,yes,0,225.5,85,31.35,241.8,88,21.92,177.7,101,7.95,9.1,3,2.77,3,no
USR-12985,渡辺 晃,ME,86,area_code_415,no,no,0,205.5,87,22.26,285.8,112,20.0,138.9,70,9.26,14.5,7,1.85,1,yes
USR-12986,斉藤 太一,AR,33,area_code_408,yes,yes,1,228.0,97,46.14,285.0,131,16.75,237.5,142,10.06,5.4,7,2.28,2,yes
USR-12987,山口 陽一,ND,133,area_code_415,no,no,0,234.9,42,23.96,306.7,114,19.53,210.3,91,7.03,9.4,2,3.36,3,no
USR-12988,木村 裕美子,MN,1,area_code_415,no,no,0,214.2,105,35.9,260.3,122,10.53,223.2,92,7.97,15.6,8,3.51,2,no
USR-12989,吉田 修平,WY,171,area_code_415,yes,yes,47,246.1,85,31.48,312.6,124,19.69,191.3,98,8.71,8.7,9,3.71,1,no
USR-12990,小林 英樹,OK,135,area_code_510,no,yes,0,188.3,96,23.04,183.2,80,12.37,274.6,130,6.5,9.3,3,2.88,0,yes
USR-12991,小川 裕太,ME,73,area_code_415,no,yes,0,200.4,72,30.9,222.0,110,26.08,137.0,77,4.65,12.2,7,4.12,1,no
USR-12992,森 舞,MI,142,area_code_408,no,yes,0,294.3,65,40.21,226.9,102,8.08,121.2,74,6.18,6.9,3,2.33,0,no
USR-12993,青木 拓真,GA,156,area_code_415,yes,yes,39,253.4,111,18.16,321.1,87,14.94,211.4,65,12.26,1.5,3,2.84,1,yes
USR-12994,阿部 結衣,IA,199,area_code_415,no,no,0,266.2,68,26.67,179.7,125,16.98,178.8,71,2.34,12.5,3,5.4,2,no
USR-12995,高橋 美加子,MD,159,area_code_415,yes,no,25,181.5,100,30.88,284.5,107,19.67,231.4,111,7.54,10.2,3,2.66,3,no
USR-12996,石井 舞,MS,115,area_code_415,no,yes,0,181.9,106,24.32,253.8,96,13.39,67.6,78,7.99,13.4,3,3.8,1,no
USR-12997,岡本 智也,TN,175,area_code_408,no,no,0,152.2,53,43.7,144.1,99,18.38,164.2,124,10.84,11.7,2,3.05,2,no
USR-12998,阿部 里佳,DE,45,area_code_408,yes,yes,0,220.5,113,37.09,227.9,108,17.58,212.8,99,9.7,14.2,3,2.73,0,yes
USR-12999,高橋 くみ子,AK,157,area_code_415,no,no,34,279.9,127,38.38,139.5,96,13.36,165.1,93,6.97,10.1,4,3.49,0,yes
USR-13000,高橋 太一,SC,132,area_code_510,no,no,0,216.8,67,26.54,261.2,97,19.65,217.0,99,9.98,12.6,5,2.6,1,yes
USR-13001,加藤 健一,MI,35,area_code_415,yes,no,30,238.0,103,34.96,90.0,105,16.39,186.1,131,9.37,14.2,7,2.73,0,no
USR-13002,遠藤 学,IA,172,area_code_510,no,no,0,164.8,93,31.25,239.0,101,17.38,137.0,99,6.06,9.7,8,3.31,0,yes
USR-13003,田中 直樹,ME,77,area_code_408,yes,no,38,212.2,83,25.5,298.0,68,15.18,204.9,65,4.77,5.3,4,3.28,1,no
USR-13004,田中 七夏,ND,187,area_code_510,yes,no,0,175.3,116,37.6,289.8,85,10.43,154.3,112,9.48,10.8,4,4.14,1,yes
USR-13005,伊藤 健一,MS,62,area_code_415,yes,no,0,154.4,102,10.34,191.9,127,14.54,98.6,101,5.77,15.8,4,3.18,1,yes
USR-13006,山本 涼平,SC,95,area_code_510,no,no,0,194.8,100,38.42,268.5,135,17.88,203.3,82,6.01,8.4,8,2.23,1,yes
USR-13007,山崎 直人,ME,122,area_code_415,no,yes,24,230.9,93,24.09,275.7,81,14.54,139.3,107,11.21,11.9,3,2.88,0,no
USR-13008,佐藤 亮介,WI,121,area_code_415,no,yes,36,198.2,75,34.3,259.2,91,17.65,158.1,61,5.57,8.7,3,1.75,4,no
USR-13009,鈴木 裕樹,MD,60,area_code_415,no,no,0,326.4,95,26.43,205.2,112,23.76,176.0,96,3.4,14.6,4,3.22,1,no
USR-13010,小林 桃子,OR,111,area_code_415,no,yes,29,210.3,106,28.12,311.7,127,27.82,230.5,126,8.52,11.3,6,1.26,1,yes
USR-13011,松田 翼,CT,237,area_code_415,no,yes,41,221.4,110,42.3,198.7,53,17.95,162.5,129,6.5,7.9,7,1.91,1,no
USR-13012,中村 翔太,MI,127,area_code_510,no,no,0,165.5,103,47.3,161.7,120,20.94,177.6,130,8.42,9.6,7,2.59,0,no
USR-13013,前田 零,ND,96,area_code_415,no,yes,37,351.5,80,10.82,285.8,89,18.94,204.4,104,7.51,12.9,4,3.77,1,no
USR-13014,中村 浩,AK,175,area_code_510,no,yes,1,229.4,120,30.52,287.5,115,15.69,106.3,116,7.91,12.5,3,1.7,1,no
USR-13015,中村 亮介,PA,127,area_code_408,yes,yes,0,189.7,96,20.35,219.6,97,16.99,131.3,54,6.54,12.4,5,3.29,0,yes
USR-13016,長谷川 裕美子,CT,143,area_code_415,yes,no,0,210.0,55,21.82,240.1,98,22.34,162.1,111,6.71,9.8,3,2.05,1,no
USR-13017,鈴木 知実,WV,87,area_code_415,no,no,1,213.0,127,32.06,200.0,77,15.85,141.2,116,3.99,9.7,3,2.39,2,no
USR-13018,鈴木 直人,MA,129,area_code_408,no,no,0,221.6,104,35.77,217.2,76,15.13,122.8,90,7.24,7.4,9,3.68,0,no
USR-13019,福田 洋介,AR,72,area_code_415,yes,no,34,234.2,72,35.5,299.0,110,14.13,181.5,107,8.72,12.4,3,3.63,4,yes
USR-13020,高橋 くみ子,DE,150,area_code_408,no,yes,0,189.2,121,31.99,338.4,134,24.38,177.5,80,8.07,4.8,2,1.33,1,no
USR-13021,近藤 翔太,IL,76,area_code_408,no,no,0,175.6,121,22.79,152.4,81,27.8,176.8,92,7.35,12.9,2,3.81,1,no
USR-13022,山田 英樹,VT,135,area_code_415,yes,no,0,266.0,87,33.42,241.3,74,17.39,189.8,106,6.57,9.3,3,0.16,1,no
USR-13023,小林 幹,AR,96,area_code_415,yes,no,0,310.0,87,29.75,194.6,158,17.75,260.4,121,7.93,7.5,10,3.5,1,no
USR-13024,山下 香織,NV,56,area_code_415,no,no,0,274.7,85,28.98,293.2,69,12.92,143.0,88,8.18,12.0,2,4.55,1,no
USR-13025,高橋 美加子,AZ,100,area_code_415,no,no,0,225.6,105,29.89,226.7,100,15.54,207.4,59,10.3,7.0,3,2.3,0,no
USR-13026,小林 春香,SD,115,area_code_408,no,no,0,191.0,109,33.21,181.2,110,19.98,171.6,50,6.89,13.4,3,2.33,3,no
USR-13027,岡本 舞,FL,67,area_code_408,yes,no,0,264.3,76,30.46,252.1,104,16.67,207.9,93,11.85,8.6,3,2.03,0,no
USR-13028,中川 聡太郎,OR,86,area_code_510,no,yes,0,225.3,116,35.58,202.4,96,11.47,139.3,147,3.09,10.2,2,2.26,3,no
USR-13029,佐藤 智也,ND,131,area_code_510,yes,no,0,208.8,76,27.14,168.6,106,20.38,167.2,50,9.05,12.9,3,3.96,0,yes
USR-13030,中村 学,OH,208,area_code_408,no,no,0,276.2,101,37.54,196.5,54,16.15,240.3,86,10.8,4.8,7,2.32,2,no
USR-13031,小林 あすか,UT,57,area_code_415,no,yes,35,192.8,127,27.08,199.7,87,14.37,209.4,122,11.06,8.8,8,3.4,2,no
USR-13032,鈴木 晃,VA,141,area_code_415,no,no,0,158.4,131,28.0,190.0,108,21.0,140.9,90,4.4,11.5,6,2.1,2,no
USR-13033,井上 充,PA,71,area_code_510,no,yes,0,161.5,102,41.81,173.7,110,18.78,127.3,79,10.09,8.4,3,3.21,2,yes
USR-13034,小林 春香,MO,16,area_code_408,no,yes,46,279.8,117,37.88,197.3,116,11.07,152.6,93,8.36,8.6,2,4.06,2,no
USR-13035,藤原 結衣,NH,94,area_code_408,no,yes,32,253.1,81,45.14,215.6,85,17.07,210.2,127,4.5,3.4,3,2.43,1,no
USR-13036,山口 直人,PA,197,area_code_415,no,yes,20,136.5,146,32.69,199.3,118,10.02,166.6,164,7.5,8.1,9,2.88,1,yes
USR-13037,山下 明美,PA,159,area_code_415,no,yes,0,154.6,127,27.02,155.2,89,12.51,175.7,44,9.96,9.4,8,2.34,0,no
USR-13038,遠藤 健一,IL,98,area_code_415,no,no,37,198.7,93,27.43,282.1,131,15.9,108.9,100,7.46,11.9,3,3.77,1,yes
USR-13039,清水 晃,OK,186,area_code_415,no,yes,24,148.9,117,27.54,212.5,96,12.39,157.8,122,8.17,5.6,3,3.9,5,no
USR-13040,木村 くみ子,CO,95,area_code_408,no,no,0,259.8,88,22.97,252.6,139,11.22,220.1,86,9.4,11.6,3,2.98,0,yes
USR-13041,青木 太郎,WY,83,area_code_415,no,yes,47,234.8,100,28.17,182.1,83,17.65,294.4,85,12.22,8.1,5,3.26,3,no
USR-13042,田中 舞,DE,101,area_code_408,no,no,0,241.2,109,35.09,208.3,62,24.54,100.4,57,0.04,7.9,5,2.81,1,no
USR-13043,坂本 翼,CO,74,area_code_510,no,no,0,201.7,98,27.92,170.0,98,22.82,133.8,56,7.1,7.9,3,4.15,1,yes
USR-13044,池田 裕樹,NV,129,area_code_510,no,no,0,106.9,133,29.21,225.0,82,19.09,169.9,64,10.17,13.1,4,3.37,2,no
USR-13045,高橋 太一,PA,133,area_code_415,no,no,0,237.9,97,35.3,161.5,132,12.69,181.8,115,8.54,9.4,4,2.87,2,yes
USR-13046,鈴木 七夏,CT,101,area_code_415,no,no,0,219.0,115,32.75,37.2,112,15.07,50.6,103,3.4,14.7,2,4.13,2,no
USR-13047,松本 あすか,IA,40,area_code_415,no,yes,31,176.9,105,28.27,187.9,108,22.15,218.0,108,7.38,15.6,4,2.78,1,no
USR-13048,吉田 裕樹,AR,79,area_code_510,yes,yes,0,229.6,89,28.41,122.6,88,13.13,200.7,91,4.33,13.0,7,2.8,0,no
USR-13049,吉田 太郎,MI,67,area_code_408,yes,no,37,254.1,127,27.74,261.8,73,17.05,186.1,104,10.04,10.9,3,3.24,1,no
USR-13050,木村 春香,NE,130,area_code_510,no,yes,39,210.6,113,42.37,195.9,82,19.11,177.1,57,8.52,11.6,8,4.08,1,no
USR-13051,斉藤 裕美子,FL,73,area_code_510,no,yes,21,214.8,99,52.17,164.6,117,26.19,186.3,98,7.94,9.0,7,2.76,1,yes
USR-13052,石井 真綾,NH,111,area_code_415,no,yes,33,207.0,97,38.7,275.6,96,19.0,202.3,116,6.23,12.6,2,2.59,1,no
USR-13053,森 晃,NY,114,area_code_415,no,yes,28,281.4,76,21.06,253.4,78,13.35,244.0,102,9.21,8.9,5,3.72,1,no
USR-13054,村上 淳,OK,84,area_code_415,no,no,0,216.8,117,33.53,151.3,99,16.55,146.5,81,7.26,11.7,3,3.11,0,no
USR-13055,斎藤 真綾,MN,147,area_code_415,no,no,0,227.3,117,30.95,194.8,130,19.06,159.4,77,3.36,12.8,3,3.53,1,no
USR-13056,山本 陽一,MO,127,area_code_510,no,no,28,182.7,96,27.31,143.1,96,18.4,234.9,83,12.06,13.9,4,2.16,3,no
USR-13057,山本 裕太,NY,35,area_code_415,no,no,0,166.0,110,30.57,193.4,110,18.64,268.6,73,9.66,10.1,7,1.8,1,yes
USR-13058,中村 晃,GA,142,area_code_408,no,no,0,254.9,60,28.16,147.4,90,14.98,160.5,92,9.81,12.7,3,2.86,3,no
USR-13059,田中 加奈,NV,123,area_code_415,no,no,1,214.7,86,11.57,229.1,79,22.89,34.9,102,7.58,7.8,3,2.28,1,no
USR-13060,田中 京助,ME,94,area_code_408,no,no,25,239.9,110,30.03,179.3,110,15.51,207.3,114,11.5,8.3,3,2.75,4,yes
USR-13061,山口 さゆり,TN,116,area_code_415,no,yes,0,213.2,108,29.1,203.6,86,20.03,235.5,107,8.16,5.4,2,1.84,0,no
USR-13062,遠藤 治,MT,129,area_code_510,no,no,0,186.3,107,17.01,190.8,105,17.13,164.3,83,8.39,9.8,2,4.47,1,no
USR-13063,渡辺 裕太,SC,61,area_code_408,no,no,0,125.6,115,34.22,168.0,104,27.82,140.6,85,5.19,9.7,4,2.52,4,no
USR-13064,田中 幹,MA,78,area_code_415,no,yes,35,309.0,80,40.87,239.3,95,22.76,154.2,127,9.21,11.1,4,2.97,1,no
USR-13065,小林 里佳,AL,144,area_code_510,yes,yes,0,238.7,92,33.75,263.1,101,21.4,135.4,125,8.23,13.5,3,2.92,4,yes
USR-13066,鈴木 太郎,SD,152,area_code_415,no,no,0,258.2,84,42.03,192.8,105,17.82,166.1,130,7.08,6.4,2,2.25,1,no
USR-13067,小川 直子,AL,74,area_code_415,no,no,0,238.3,98,49.95,318.8,105,15.9,180.8,113,9.85,8.5,4,3.79,1,yes
USR-13068,山口 明美,MI,156,area_code_415,no,no,0,205.7,97,38.03,294.9,127,9.78,154.6,128,8.77,7.8,3,0.87,1,no
USR-13069,藤原 翼,AZ,181,area_code_408,no,yes,0,171.9,83,41.9,131.8,80,19.21,145.6,74,8.1,9.4,3,2.54,0,no
USR-13070,三浦 翔太,MT,148,area_code_510,no,no,1,184.8,110,15.12,139.4,99,16.65,171.8,112,7.31,16.9,3,3.32,4,no
USR-13071,松本 京助,TX,120,area_code_510,no,yes,0,226.7,93,36.43,207.1,68,17.92,148.1,108,8.57,10.3,3,3.32,2,no
USR-13072,田中 陽子,IA,84,area_code_415,no,no,0,219.2,111,40.23,243.4,111,15.58,176.6,95,9.28,6.0,8,2.11,1,yes
USR-13073,三浦 幹,SD,22,area_code_408,yes,no,0,153.9,105,30.74,200.1,99,16.46,144.2,84,6.23,11.5,3,3.27,1,no
USR-13074,山下 桃子,NM,112,area_code_415,no,yes,0,172.8,108,39.99,224.9,103,16.39,191.6,116,10.75,10.7,0,2.51,1,no
USR-13075,山本 裕美子,KS,94,area_code_415,no,yes,0,235.3,135,27.77,223.0,94,18.9,178.5,104,6.15,6.7,3,2.85,0,yes
USR-13076,石井 健一,FL,176,area_code_415,no,no,46,249.1,82,17.47,221.1,138,17.64,139.0,82,9.03,9.4,5,2.25,1,no
USR-13077,小林 智也,VA,72,area_code_415,no,yes,0,227.5,100,19.86,278.6,117,15.19,183.1,104,3.96,10.1,3,2.17,1,no
USR-13078,高橋 健一,CT,58,area_code_408,no,no,0,225.7,91,22.33,163.8,89,10.66,173.0,83,10.17,10.3,9,2.59,0,yes
USR-13079,鈴木 健一,FL,103,area_code_408,no,no,37,233.8,61,43.18,190.5,114,6.38,153.1,97,6.64,13.9,3,3.26,0,yes
USR-13080,井上 直子,WA,64,area_code_408,no,no,43,187.3,82,34.4,359.3,90,16.91,204.9,99,13.52,5.8,3,2.41,0,no
USR-13081,坂本 太郎,OR,117,area_code_415,no,no,0,255.7,86,14.22,246.0,62,24.24,148.0,47,10.35,11.0,6,1.98,1,yes
USR-13082,佐藤 陽一,NC,133,area_code_415,no,yes,47,215.3,71,31.9,238.8,120,11.99,185.6,89,4.97,8.1,2,2.64,0,no
USR-13083,橋本 結衣,NC,84,area_code_408,no,no,0,190.7,108,37.47,208.5,102,15.3,292.1,146,8.74,10.4,3,4.32,1,no
USR-13084,遠藤 京助,NH,115,area_code_415,no,yes,0,241.6,114,39.48,223.8,76,19.91,136.2,113,4.09,13.2,3,2.45,2,no
USR-13085,中村 あすか,AL,41,area_code_408,no,yes,27,190.1,108,18.38,226.6,101,18.29,175.7,72,10.18,15.7,3,1.58,0,yes
USR-13086,山本 春香,ID,58,area_code_415,no,yes,0,184.6,129,18.52,188.1,116,11.63,122.0,75,8.03,10.3,11,4.0,1,no
USR-13087,山崎 篤司,TX,109,area_code_510,no,yes,30,200.1,88,36.37,184.0,64,14.15,218.1,107,8.76,9.8,3,2.64,0,no
USR-13088,藤井 拓真,WY,145,area_code_415,no,yes,38,202.0,113,37.06,246.6,126,19.93,212.5,100,4.73,4.9,1,2.58,4,no
USR-13089,三浦 千代,RI,122,area_code_510,no,no,0,208.8,70,21.49,160.3,80,9.22,170.4,136,9.66,7.8,3,0.0,1,yes
USR-13090,佐々木 浩,ME,114,area_code_415,no,yes,34,196.2,89,27.7,162.1,122,17.42,224.8,91,4.56,7.3,3,2.5,0,no
USR-13091,岡田 あすか,NM,115,area_code_415,yes,no,0,262.2,95,24.7,226.8,126,12.25,222.8,114,3.42,9.8,3,2.5,1,yes
USR-13092,藤原 里佳,CT,126,area_code_510,no,yes,27,219.2,72,38.92,189.5,98,19.87,171.9,123,10.25,12.1,3,2.01,2,no
USR-13093,鈴木 明美,ME,111,area_code_408,no,yes,34,193.2,79,37.15,202.1,68,16.47,148.8,111,9.42,7.9,7,2.36,0,no
USR-13094,山本 康弘,VA,42,area_code_510,no,yes,33,216.3,68,33.24,216.5,92,8.55,252.7,101,0.41,16.8,4,3.15,2,no
USR-13095,佐藤 明美,OH,97,area_code_415,no,no,0,153.3,87,44.91,254.3,122,20.08,307.0,108,3.76,12.7,12,2.26,0,yes
USR-13096,松田 涼平,DC,157,area_code_415,no,no,0,186.0,112,48.17,241.2,116,14.82,220.3,115,5.5,7.4,3,2.4,1,yes
USR-13097,鈴木 太郎,MT,16,area_code_415,yes,no,1,242.6,94,29.32,196.9,116,15.42,208.7,113,7.41,12.1,2,0.22,0,no
USR-13098,中村 さゆり,NV,41,area_code_415,yes,yes,31,148.9,47,32.62,141.0,90,18.11,116.3,87,8.54,10.7,7,3.19,1,no
USR-13099,山本 直樹,MT,80,area_code_415,no,no,0,235.1,119,21.27,191.1,91,29.45,144.9,91,8.09,15.0,3,2.64,6,yes
USR-13100,斉藤 美加子,KS,55,area_code_510,yes,no,41,221.7,122,21.16,262.0,71,15.23,238.5,108,8.01,9.9,11,1.96,0,yes
USR-13101,渡辺 くみ子,SC,155,area_code_415,yes,no,0,174.0,112,47.2,160.5,118,15.55,208.6,152,11.76,7.8,3,0.72,1,yes
USR-13102,池田 直樹,CT,89,area_code_415,no,no,32,223.4,52,43.06,232.8,133,22.66,221.1,87,8.92,10.3,5,1.7,0,yes
USR-13103,佐々木 聡太郎,TN,33,area_code_408,no,yes,19,186.5,91,41.89,176.4,87,21.2,219.0,131,7.35,12.1,9,3.03,2,no
USR-13104,村上 直人,AK,51,area_code_415,no,yes,0,125.5,96,23.0,235.6,138,13.71,239.5,53,2.5,11.1,4,2.12,2,no
USR-13105,藤田 康弘,MO,126,area_code_408,no,no,1,335.5,83,29.8,195.2,116,23.6,158.7,90,6.55,8.8,3,3.01,1,no
USR-13106,藤原 智也,KY,101,area_code_510,no,no,0,229.0,109,26.97,275.3,147,16.02,203.5,95,8.51,10.2,3,3.13,0,no
USR-13107,中村 直子,WY,158,area_code_415,no,yes,40,248.6,56,36.88,242.2,113,12.34,143.0,83,6.65,11.9,5,4.5,1,no
USR-13108,池田 太一,TN,159,area_code_415,no,no,0,179.9,72,24.99,145.9,118,14.77,259.1,64,15.15,14.3,4,2.4,0,no
USR-13109,石井 晃,VA,33,area_code_510,no,yes,37,213.2,73,20.64,167.0,106,21.22,185.6,71,4.99,11.1,7,4.28,0,no
USR-13110,佐藤 和也,NV,74,area_code_408,no,no,0,281.7,62,21.5,223.2,118,14.86,128.1,91,5.45,10.7,3,3.83,1,yes
USR-13111,田中 加奈,OH,60,area_code_415,no,no,0,197.4,134,36.5,221.5,89,13.75,189.7,77,3.99,4.8,3,2.63,2,no
USR-13112,山口 稔,PA,38,area_code_408,yes,yes,0,193.8,104,35.39,284.7,79,11.28,208.5,25,9.25,11.8,7,2.57,2,no
USR-13113,佐藤 花子,VT,102,area_code_415,no,no,0,221.1,95,39.82,123.4,88,14.23,138.0,116,5.01,6.8,2,1.39,2,yes
USR-13114,木村 翼,CA,170,area_code_415,yes,no,0,302.9,72,21.59,293.7,91,26.12,129.6,90,10.34,11.2,3,3.18,2,yes
USR-13115,松本 翼,AL,92,area_code_408,no,no,0,269.2,61,36.26,149.8,97,15.33,118.1,65,4.78,9.5,3,2.97,1,yes
USR-13116,佐々木 学,SD,80,area_code_510,no,no,0,332.9,83,38.2,188.7,109,12.31,236.8,132,4.88,10.6,4,3.99,1,yes
USR-13117,斎藤 太郎,KS,6,area_code_408,no,yes,41,231.3,103,29.38,197.9,88,11.04,215.3,77,10.46,11.5,4,2.62,3,no
USR-13118,山本 幹,MN,169,area_code_510,no,no,51,244.3,114,22.67,212.8,103,17.72,121.0,67,9.19,10.8,2,1.61,0,no
USR-13119,加藤 千代,OK,86,area_code_415,no,no,0,187.9,80,36.56,222.4,98,19.24,102.2,49,4.22,8.7,3,3.31,4,yes
USR-13120,清水 直樹,TN,64,area_code_510,no,no,0,157.9,102,26.61,142.0,98,9.47,163.1,139,11.33,9.4,2,3.06,1,yes
USR-13121,中島 美加子,TX,180,area_code_510,no,yes,0,186.6,116,26.5,296.2,79,24.81,205.2,62,9.89,13.2,4,2.87,1,no
USR-13122,高橋 太一,MA,198,area_code_415,no,yes,26,236.2,92,26.36,302.9,67,16.6,171.6,82,7.63,12.9,3,3.14,0,no
USR-13123,小川 裕美子,NY,77,area_code_408,no,yes,38,206.8,75,26.0,206.0,104,19.07,208.4,102,6.29,4.5,2,2.09,0,no
USR-13124,渡辺 直人,CA,51,area_code_408,yes,no,0,270.6,115,26.43,178.1,125,16.74,277.8,65,5.23,10.5,2,3.98,2,yes
USR-13125,前田 直樹,PA,135,area_code_510,no,no,42,257.0,134,32.36,243.6,76,16.37,109.8,100,2.54,6.5,4,1.03,1,yes
USR-13126,森 篤司,PA,125,area_code_510,no,no,0,234.7,90,25.55,240.3,99,13.88,196.3,98,5.6,10.6,8,2.82,1,yes
USR-13127,近藤 幹,DC,120,area_code_408,no,no,1,212.7,99,30.12,203.2,152,14.14,195.6,116,3.49,10.8,3,0.27,0,no
USR-13128,佐藤 亮介,OH,96,area_code_510,yes,no,30,244.3,104,45.95,161.1,82,12.1,88.4,103,7.69,7.9,3,3.14,4,no
USR-13129,田中 幹,AZ,146,area_code_510,no,yes,34,178.9,104,42.17,355.4,95,17.45,172.0,104,9.65,10.4,8,2.95,1,no
USR-13130,佐藤 結衣,UT,155,area_code_415,no,yes,33,284.1,98,24.57,359.3,88,20.96,82.6,92,6.39,11.3,9,2.55,1,no
USR-13131,鈴木 智也,TX,85,area_code_415,no,yes,32,234.7,83,24.21,119.2,107,18.48,193.6,132,9.14,10.1,10,2.56,3,no
USR-13132,田中 さゆり,CO,101,area_code_510,no,no,40,207.8,97,21.26,280.4,114,21.37,149.3,99,8.17,7.7,4,2.94,1,no
USR-13133,田中 春香,DE,101,area_code_408,no,no,0,101.9,82,34.24,297.6,155,12.02,87.1,89,5.85,11.4,3,3.05,1,no
USR-13134,三浦 康弘,PA,107,area_code_510,no,no,0,228.0,79,36.24,188.6,116,20.85,150.7,82,11.73,10.9,4,3.17,2,no
USR-13135,佐藤 くみ子,MA,128,area_code_415,yes,yes,0,255.5,73,27.66,250.6,85,14.42,225.0,156,10.3,8.8,3,3.79,5,no
USR-13136,中村 浩,NJ,92,area_code_408,no,no,0,142.9,101,18.32,307.6,117,12.97,296.1,114,8.1,11.6,4,1.81,3,no
USR-13137,山本 太郎,NY,70,area_code_415,no,no,0,164.5,79,37.67,256.8,99,15.93,233.0,48,5.46,11.2,4,0.73,1,no
USR-13138,近藤 美加子,MI,101,area_code_408,no,yes,0,239.6,76,20.98,127.0,91,18.32,274.2,128,7.88,8.7,3,2.64,1,no
USR-13139,佐藤 健一,DE,109,area_code_415,no,no,0,83.3,100,47.83,217.9,89,17.91,226.2,103,8.2,11.2,9,2.46,1,no
USR-13140,小林 学,MT,219,area_code_415,yes,no,0,286.7,77,30.53,261.4,118,12.7,164.4,132,4.53,7.5,9,2.09,1,yes
USR-13141,中島 陽子,MS,114,area_code_408,no,no,0,272.6,102,43.63,274.9,113,20.14,169.5,96,8.32,12.2,3,3.06,5,no
USR-13142,佐藤 直子,MO,87,area_code_510,no,yes,30,144.0,104,29.3,173.7,118,17.02,242.3,75,8.45,14.5,3,3.94,1,no
USR-13143,遠藤 結衣,DC,159,area_code_408,no,no,0,143.3,113,18.88,263.2,121,19.81,143.1,162,6.55,11.5,8,1.4,1,no
USR-13144,伊藤 七夏,CT,177,area_code_415,no,no,0,189.8,88,27.59,206.7,99,17.74,132.3,97,2.22,11.6,4,2.97,1,no
USR-13145,青木 加奈,ME,108,area_code_408,yes,yes,30,258.5,94,36.51,226.6,99,9.03,201.7,137,7.36,3.4,3,2.61,1,no
USR-13146,中村 拓真,AZ,69,area_code_510,no,no,0,195.8,104,39.57,253.3,140,16.66,176.8,111,3.16,7.3,9,2.49,3,no
USR-13147,山田 明美,MS,132,area_code_408,yes,no,0,217.2,102,48.18,185.4,121,17.33,131.1,119,6.78,9.4,9,3.7,0,no
USR-13148,石井 智也,OR,91,area_code_415,no,no,21,236.0,83,39.69,265.7,116,16.95,150.7,115,12.01,10.0,3,2.34,1,no
USR-13149,近藤 学,OR,108,area_code_415,no,yes,0,45.4,122,35.64,138.4,76,12.44,57.5,84,9.58,11.8,3,3.48,0,no
USR-13150,吉田 裕美子,MA,115,area_code_415,no,yes,31,163.9,134,32.84,168.1,103,22.78,125.0,99,8.21,2.6,9,1.37,1,no
USR-13151,山田 康弘,ME,69,area_code_408,no,yes,0,257.2,57,31.22,205.3,84,14.54,209.5,95,5.45,11.4,5,3.22,1,no
USR-13152,伊藤 あすか,MD,187,area_code_408,no,no,0,186.3,88,44.52,241.7,103,14.65,243.1,127,8.86,8.1,3,1.62,4,yes
USR-13153,池田 千代,WV,56,area_code_408,no,no,0,154.4,80,28.0,274.2,126,13.96,182.1,111,5.63,9.8,1,2.72,3,no
USR-13154,福田 健一,MS,145,area_code_510,no,yes,1,246.4,85,23.88,242.1,109,17.98,190.6,97,10.61,11.8,9,0.0,2,no
USR-13155,中村 洋介,AZ,67,area_code_415,yes,no,0,188.7,119,51.63,315.7,86,16.33,270.4,88,6.13,9.2,3,2.68,1,no
USR-13156,山下 太郎,AK,176,area_code_408,no,no,1,95.4,85,25.44,220.5,125,21.21,142.6,85,5.8,3.6,7,2.19,0,no
USR-13157,斉藤 学,CO,13,area_code_408,no,yes,46,183.5,118,24.59,216.0,93,12.7,211.9,102,6.54,7.1,1,3.17,2,yes
USR-13158,佐藤 舞,CO,148,area_code_415,yes,no,0,197.1,100,39.91,155.1,100,18.0,203.4,98,7.41,11.4,3,2.67,1,yes
USR-13159,山下 翔太,NJ,125,area_code_415,no,yes,36,159.5,90,55.33,163.7,101,12.87,156.2,120,7.64,9.4,10,1.99,1,no
USR-13160,伊藤 舞,AL,140,area_code_408,no,no,0,172.1,89,16.1,262.5,111,20.5,106.2,68,1.05,8.1,3,2.23,1,no
USR-13161,山田 千代,NY,120,area_code_415,yes,yes,37,217.0,88,35.01,212.0,78,9.8,228.7,100,4.43,13.7,6,1.94,1,no
USR-13162,山下 加奈,NY,136,area_code_510,yes,yes,41,197.1,85,13.02,191.7,101,23.25,231.8,51,7.63,12.7,2,2.45,0,no
USR-13163,佐藤 聡太郎,AL,41,area_code_415,no,no,0,264.5,86,39.28,265.6,111,19.25,203.1,138,5.3,10.0,10,2.02,1,yes
USR-13164,山田 拓真,CO,94,area_code_408,no,no,35,121.4,98,22.43,205.7,103,20.18,123.1,87,9.2,10.0,9,1.92,1,yes
USR-13165,佐藤 裕樹,WY,25,area_code_408,no,yes,0,226.9,94,30.37,142.2,104,14.11,168.9,107,5.35,12.1,14,3.26,0,no
USR-13166,鈴木 裕美子,NE,67,area_code_510,no,no,0,221.3,132,32.48,206.8,152,13.3,164.3,92,9.74,10.4,3,3.2,1,yes
USR-13167,田中 康弘,UT,102,area_code_415,no,yes,40,174.5,101,26.41,207.7,141,17.25,205.2,89,10.91,15.1,9,2.5,0,no
USR-13168,鈴木 亮介,TX,193,area_code_510,no,no,0,249.6,84,34.87,170.0,107,21.83,197.9,130,8.21,15.0,3,2.03,1,yes
USR-13169,山本 太一,PA,129,area_code_408,no,no,0,214.1,93,27.29,223.3,99,17.47,204.1,93,7.78,14.0,3,2.6,1,no
USR-13170,加藤 裕美子,NV,106,area_code_408,yes,no,0,249.1,103,33.22,137.8,87,15.39,212.9,79,7.66,11.9,5,1.67,1,no
USR-13171,阿部 直樹,NM,120,area_code_510,no,yes,34,244.8,101,34.33,278.4,88,17.94,225.0,101,7.14,0.0,3,4.98,0,no
USR-13172,小林 あすか,OR,48,area_code_408,no,yes,43,244.2,104,47.1,298.0,100,11.62,129.1,98,1.35,7.6,7,1.89,0,no
USR-13173,佐藤 七夏,OK,50,area_code_510,no,yes,1,226.8,84,46.86,318.3,105,21.23,196.4,81,8.22,8.0,2,2.67,2,yes
USR-13174,鈴木 春香,CT,159,area_code_510,no,yes,35,216.9,81,25.83,223.3,77,17.98,218.0,81,8.41,7.1,2,3.38,1,no
USR-13175,中島 英樹,OR,62,area_code_510,no,no,0,120.4,113,25.71,136.8,88,19.18,172.1,102,9.84,12.8,3,1.67,0,no
USR-13176,鈴木 涼平,TX,167,area_code_415,yes,no,0,264.9,84,33.25,206.0,86,18.37,207.4,97,5.2,13.5,9,4.11,2,no
USR-13177,井上 涼平,UT,63,area_code_408,yes,yes,40,146.7,58,35.62,168.7,124,16.75,216.5,93,7.04,9.8,3,3.0,1,yes
USR-13178,山田 裕美子,NM,45,area_code_510,no,yes,0,185.1,105,40.54,240.5,127,15.62,101.7,82,7.94,8.7,3,3.58,2,no
USR-13179,渡辺 里佳,MD,178,area_code_415,no,no,44,210.5,72,38.85,202.0,89,19.67,182.2,105,7.38,9.6,4,0.49,1,no
USR-13180,加藤 裕樹,SC,188,area_code_415,no,yes,48,159.3,73,45.18,167.6,96,13.6,195.4,52,5.02,9.1,4,3.76,1,no
USR-13181,佐藤 学,WY,175,area_code_415,no,no,35,214.4,108,44.67,237.6,94,22.86,191.9,119,5.36,8.2,3,3.85,2,no
USR-13182,高橋 七夏,AK,103,area_code_510,no,yes,0,227.7,81,22.62,216.4,120,12.77,201.3,89,8.25,11.3,3,2.82,1,no
USR-13183,渡辺 直樹,NV,182,area_code_510,no,no,0,222.2,100,15.18,293.8,74,13.73,130.3,112,6.04,15.1,9,2.32,1,no
USR-13184,鈴木 七夏,LA,113,area_code_510,no,no,0,228.8,61,18.16,205.2,66,13.97,150.3,83,12.02,10.9,6,2.11,2,no
USR-13185,森 学,WI,99,area_code_415,yes,no,0,268.6,108,33.52,159.2,75,19.07,200.2,115,5.11,8.5,3,2.41,8,no
USR-13186,三浦 裕樹,WY,88,area_code_510,no,yes,1,106.8,58,34.12,218.6,100,16.61,261.8,119,5.62,11.6,4,2.01,2,no
USR-13187,田中 英樹,KY,82,area_code_408,yes,no,0,286.8,92,28.62,137.1,97,11.74,219.1,125,10.51,14.8,4,2.23,2,no
USR-13188,太田 裕太,OR,93,area_code_415,yes,yes,0,250.2,90,46.97,290.0,88,22.47,269.6,114,8.05,12.7,3,2.56,1,yes
USR-13189,池田 桃子,PA,86,area_code_408,no,no,0,207.3,77,29.86,177.1,113,21.49,241.4,66,9.86,7.2,3,3.32,2,no
USR-13190,佐藤 和也,KY,137,area_code_415,no,no,0,183.4,61,17.89,218.4,107,17.79,161.6,59,6.61,9.1,3,4.16,0,no
USR-13191,吉田 結衣,ID,90,area_code_415,yes,yes,0,235.6,98,36.81,192.5,74,11.57,180.9,133,9.58,9.7,3,3.8,1,no
USR-13192,小川 修平,IA,28,area_code_415,no,no,0,119.2,101,36.61,161.5,105,14.35,269.7,105,5.71,14.3,2,3.04,3,no
USR-13193,藤原 直人,MA,105,area_code_510,no,no,0,218.4,93,31.26,121.4,125,17.3,45.8,59,12.74,15.1,3,3.98,1,no
USR-13194,斉藤 亮介,SC,145,area_code_415,no,no,0,152.7,94,29.94,312.6,109,14.31,160.5,75,4.55,9.3,2,2.15,1,no
USR-13195,池田 七夏,NJ,220,area_code_415,yes,yes,0,231.2,131,29.14,311.4,108,22.51,166.7,102,6.34,9.6,7,1.93,1,yes
USR-13196,池田 健一,PA,51,area_code_510,no,yes,42,167.7,110,54.65,194.8,95,22.8,196.0,88,4.39,10.7,5,3.39,1,no
USR-13197,田中 さゆり,MD,112,area_code_510,no,no,34,207.1,75,22.55,283.2,89,4.58,230.5,115,8.92,11.1,13,2.61,1,no
USR-13198,小林 千代,MD,101,area_code_415,no,no,1,171.3,101,28.54,209.4,120,18.55,159.9,110,2.92,9.4,2,1.7,2,no
USR-13199,前田 篤司,FL,117,area_code_415,no,no,0,186.3,117,40.0,196.1,127,19.72,132.9,107,8.16,12.7,2,3.2,2,no
USR-13200,福田 学,IA,127,area_code_415,yes,yes,47,240.8,83,28.35,334.1,98,20.79,195.3,86,3.22,11.7,7,1.34,1,no
USR-13201,近藤 康弘,OR,138,area_code_510,no,no,0,203.2,123,15.48,148.7,114,19.72,77.4,83,7.21,16.0,7,2.39,3,no
USR-13202,高橋 香織,WA,128,area_code_408,no,no,1,242.9,85,45.23,247.5,110,15.26,191.2,99,4.89,10.7,4,3.5,1,no
USR-13203,山田 直人,SD,74,area_code_415,yes,no,39,252.0,93,22.7,233.9,104,15.25,175.6,97,6.64,12.1,9,3.43,0,no
USR-13204,高橋 零,ND,151,area_code_510,no,no,0,171.3,104,26.76,250.2,89,16.15,249.9,116,8.66,12.6,8,2.35,1,no
USR-13205,三浦 幹,WI,25,area_code_415,no,no,0,139.9,137,35.76,177.4,91,7.39,243.2,125,10.07,10.0,3,4.82,2,no
USR-13206,中村 知実,LA,29,area_code_510,no,yes,47,270.7,94,36.31,212.1,98,17.69,127.6,111,6.9,2.7,3,1.43,1,no
USR-13207,佐藤 千代,VA,143,area_code_415,no,no,1,199.1,90,32.4,125.6,131,20.74,259.5,52,10.3,16.8,3,3.34,1,no
USR-13208,坂本 亮介,CA,194,area_code_415,yes,no,0,240.5,94,28.38,116.7,97,13.91,157.8,68,3.42,9.7,4,3.27,2,yes
USR-13209,木村 舞,UT,67,area_code_415,yes,yes,33,252.8,132,16.38,235.9,95,21.69,135.3,124,10.06,16.1,8,1.79,1,no
USR-13210,田中 裕太,WV,161,area_code_415,no,no,21,143.3,105,47.95,219.7,117,14.62,168.1,145,10.24,11.1,4,2.63,1,no
USR-13211,佐藤 明美,WV,70,area_code_510,no,no,0,233.9,68,29.02,315.0,77,7.83,177.0,96,5.86,9.7,4,3.84,1,no
USR-13212,岡田 裕美子,ME,125,area_code_415,no,yes,31,260.7,100,46.24,197.7,105,10.79,139.3,106,5.65,11.8,3,2.18,0,no
USR-13213,小林 里佳,PA,116,area_code_415,yes,no,0,225.2,83,53.45,145.4,149,15.59,146.7,73,2.63,13.3,8,3.13,1,no
USR-13214,長谷川 美加子,ME,143,area_code_415,no,no,0,82.8,85,15.29,147.2,86,14.1,200.4,65,8.95,11.2,2,2.73,1,no
USR-13215,山本 明美,MN,207,area_code_415,no,no,1,296.5,95,48.11,243.9,137,10.36,178.9,90,2.0,7.8,3,1.91,1,no
USR-13216,三浦 幹,NH,126,area_code_510,no,yes,1,247.4,130,25.44,204.9,106,15.85,146.6,96,12.1,11.0,5,1.63,1,no
USR-13217,山下 花子,UT,122,area_code_510,no,yes,0,147.6,99,35.98,70.6,86,11.52,152.0,67,0.61,9.5,3,2.99,2,no
USR-13218,山崎 くみ子,IN,130,area_code_415,no,yes,1,317.4,98,32.64,246.6,126,17.44,186.6,56,5.45,11.8,3,2.67,1,no
USR-13219,山崎 直子,RI,110,area_code_408,no,yes,35,160.3,135,17.57,181.4,109,13.87,180.4,71,4.61,7.2,8,3.17,0,no
USR-13220,石川 陽子,WA,118,area_code_415,no,yes,1,256.9,113,36.59,213.7,114,15.0,215.7,95,7.07,11.2,10,3.94,0,no
USR-13221,山本 七夏,MT,120,area_code_408,no,no,0,212.3,60,30.35,185.1,113,9.35,175.9,80,7.03,11.9,9,2.98,3,no
USR-13222,松田 里佳,WY,98,area_code_408,no,yes,37,193.5,107,21.45,211.2,75,14.81,232.3,92,4.89,8.6,4,3.2,0,no
USR-13223,松本 健一,MT,69,area_code_415,no,no,0,251.2,133,31.04,199.7,113,13.9,144.8,80,1.88,11.5,2,2.42,2,no
USR-13224,藤原 花子,MI,117,area_code_510,no,no,0,277.7,103,56.68,130.0,136,13.73,120.6,122,3.79,7.5,1,4.04,5,yes
USR-13225,山本 舞,ME,77,area_code_408,no,yes,26,206.6,117,58.28,243.9,144,15.28,219.2,104,10.22,6.2,4,3.44,1,no
USR-13226,三浦 陽子,SC,148,area_code_408,no,no,0,187.0,151,31.99,230.9,79,17.33,210.8,90,5.72,9.1,3,3.02,1,yes
USR-13227,鈴木 英樹,ID,51,area_code_415,no,no,0,249.4,129,41.44,104.8,110,16.2,180.3,80,8.76,4.5,3,3.97,1,no
USR-13228,松本 洋介,OK,99,area_code_408,no,no,39,180.5,100,28.55,204.5,109,6.97,157.2,74,4.14,11.8,5,1.98,1,no
USR-13229,山田 七夏,MN,90,area_code_415,no,no,41,240.7,92,40.37,265.2,116,17.03,271.4,103,5.01,6.3,3,2.82,1,no
USR-13230,橋本 知実,CO,207,area_code_408,no,no,0,198.9,114,29.45,216.0,101,19.67,169.2,102,4.46,7.4,3,2.94,1,no
USR-13231,佐々木 七夏,MT,103,area_code_408,yes,no,35,231.6,107,27.86,174.0,69,19.66,141.3,110,6.06,8.4,3,2.73,3,no
USR-13232,鈴木 香織,FL,78,area_code_510,no,yes,0,171.1,98,39.08,249.3,84,9.96,161.1,96,10.07,12.3,3,4.29,1,no
USR-13233,前田 明美,VT,115,area_code_415,no,no,0,168.0,98,31.76,254.8,125,23.86,204.6,92,9.33,5.7,5,3.75,2,no
USR-13234,鈴木 くみ子,OR,135,area_code_415,no,no,0,189.8,123,23.29,258.3,110,12.29,247.4,97,17.52,6.3,5,2.48,3,yes
USR-13235,村上 美加子,SD,158,area_code_415,no,no,0,252.0,108,26.25,228.7,119,10.51,133.7,111,5.41,8.9,20,0.0,2,yes
USR-13236,伊藤 香織,MT,110,area_code_415,no,yes,0,272.3,88,40.75,220.6,136,23.54,246.7,84,9.48,7.3,7,3.11,0,no
USR-13237,山口 零,WA,127,area_code_415,yes,no,0,189.4,137,20.29,158.4,98,16.72,162.8,98,7.35,7.9,3,3.26,1,no
USR-13238,森 直人,DC,158,area_code_510,no,no,1,255.7,90,30.48,235.5,135,11.38,230.8,103,7.36,1.5,7,2.59,0,yes
USR-13239,石井 零,NV,94,area_code_415,no,no,0,191.5,123,9.65,146.5,92,18.26,180.6,65,10.44,15.0,3,3.9,2,no
USR-13240,林 陽子,NV,136,area_code_510,no,no,0,83.5,100,23.88,211.2,96,21.53,140.1,94,7.43,11.4,2,3.05,1,no
USR-13241,斉藤 春香,NV,56,area_code_415,no,no,0,182.1,76,23.95,187.3,89,21.24,179.2,103,7.19,11.6,8,1.35,1,no
USR-13242,長谷川 舞,TN,81,area_code_408,no,yes,47,206.6,106,19.03,273.5,104,15.55,99.4,58,7.16,9.0,5,3.41,4,no
USR-13243,田中 陽一,VA,103,area_code_510,no,no,36,194.5,106,40.09,105.2,107,21.78,174.3,142,5.76,12.6,1,2.75,1,no
USR-13244,石井 春香,AR,147,area_code_408,no,no,31,269.6,73,50.98,203.9,74,22.01,189.6,33,4.46,11.5,8,5.32,1,no
USR-13245,池田 洋介,WA,199,area_code_510,no,yes,23,113.5,94,14.47,211.8,114,14.32,140.5,89,7.29,6.7,3,4.0,1,no
USR-13246,高橋 直子,SD,173,area_code_415,no,no,0,220.1,104,50.94,176.9,134,7.16,172.6,80,9.12,11.6,2,2.09,1,yes
USR-13247,田中 洋介,WY,207,area_code_510,no,no,0,158.9,92,14.46,312.4,109,12.29,33.2,83,4.1,10.1,3,2.5,0,no
USR-13248,田中 陽子,WA,99,area_code_415,no,no,1,273.0,82,12.3,279.8,127,17.37,175.8,63,5.64,7.9,3,2.95,2,no
USR-13249,橋本 直樹,MT,87,area_code_415,yes,no,0,202.0,108,36.5,171.2,94,14.09,172.1,70,3.39,10.6,3,1.05,1,yes
USR-13250,加藤 翼,NY,108,area_code_415,yes,no,0,173.7,98,31.0,207.1,113,18.07,200.1,96,7.38,14.4,3,2.3,1,no
USR-13251,斉藤 和也,MN,20,area_code_415,yes,no,0,222.5,79,26.27,205.6,112,8.4,239.4,119,13.47,9.3,2,2.02,0,no
USR-13252,阿部 修平,DE,82,area_code_415,yes,no,45,180.9,82,36.98,159.2,143,24.09,138.7,85,10.2,8.6,0,2.58,1,yes
USR-13253,佐々木 加奈,NY,82,area_code_415,no,no,41,212.4,71,25.52,253.3,121,16.7,252.8,131,3.4,8.9,1,1.97,1,no
USR-13254,井上 修平,OK,186,area_code_415,no,no,0,202.4,60,32.42,208.4,111,18.44,203.5,51,8.18,16.6,4,3.22,3,yes
USR-13255,藤原 充,ME,190,area_code_510,no,no,0,178.1,103,32.92,217.7,131,15.78,232.5,91,4.62,12.5,10,2.21,3,no
USR-13256,三浦 充,MS,84,area_code_510,no,no,1,262.1,94,19.69,266.1,106,10.15,133.1,114,7.49,11.2,3,2.46,3,yes
USR-13257,山本 零,ID,166,area_code_408,yes,no,0,207.7,88,22.94,152.6,131,18.04,154.5,93,6.27,11.4,1,1.97,1,no
USR-13258,斎藤 裕樹,IL,27,area_code_510,no,no,0,194.1,89,31.31,227.1,96,19.18,171.1,111,4.61,12.1,7,1.89,0,no
USR-13259,三浦 美加子,WY,58,area_code_415,no,no,0,219.2,106,27.93,279.1,111,14.6,176.6,114,7.02,15.6,4,2.28,0,no
USR-13260,伊藤 翔太,ME,172,area_code_510,no,no,0,236.3,91,31.68,211.5,106,18.68,169.4,97,4.24,11.1,10,2.5,0,no
USR-13261,田中 春香,UT,90,area_code_415,yes,yes,0,226.6,92,28.12,333.8,89,17.66,152.8,121,8.06,6.3,3,3.94,1,no
USR-13262,藤原 千代,UT,133,area_code_408,no,yes,0,291.9,104,14.95,187.2,104,14.03,289.0,115,10.75,9.7,3,3.4,2,no
USR-13263,中村 幹,OH,112,area_code_408,no,no,0,179.9,103,23.86,112.6,104,26.34,192.7,87,5.12,4.2,3,2.3,1,yes
USR-13264,前田 加奈,MA,73,area_code_415,no,no,0,249.9,86,50.85,108.8,94,18.5,227.8,111,3.4,12.8,1,1.91,1,no
USR-13265,長谷川 知実,WY,118,area_code_415,no,no,37,108.4,119,32.19,234.0,64,19.69,122.8,73,7.13,17.7,7,3.12,1,no
USR-13266,中川 千代,OK,109,area_code_415,yes,no,0,208.7,110,37.88,149.9,91,20.25,114.2,86,5.85,12.4,5,2.26,0,no
USR-13267,伊藤 さゆり,OR,117,area_code_415,no,no,0,242.3,91,22.25,279.7,122,10.67,127.7,149,7.12,7.5,3,2.45,3,yes
USR-13268,渡辺 明美,NE,43,area_code_408,no,yes,0,192.3,70,31.23,311.6,108,8.46,189.8,74,12.48,4.5,3,2.66,1,no
USR-13269,中川 淳,RI,148,area_code_408,no,no,0,174.7,111,31.78,196.9,99,16.02,210.3,57,10.16,6.9,3,2.33,1,yes
USR-13270,木村 さゆり,MS,93,area_code_415,yes,no,0,194.4,49,36.9,208.7,112,14.11,208.9,106,7.34,12.5,2,3.42,1,yes
USR-13271,吉田 英樹,NH,57,area_code_415,no,yes,0,170.8,127,12.68,271.3,96,13.18,5.4,51,3.13,10.0,7,2.19,2,no
USR-13272,木村 治,CO,173,area_code_510,yes,no,0,247.7,111,31.17,189.3,167,16.25,131.9,77,4.83,13.6,3,2.44,1,yes
USR-13273,橋本 学,VA,91,area_code_415,no,no,0,258.8,90,30.53,332.1,129,14.92,133.2,74,5.37,9.8,3,2.97,1,no
USR-13274,中村 充,MA,102,area_code_510,no,yes,35,266.7,101,34.63,116.1,129,16.35,79.1,104,9.58,9.4,3,3.44,2,no
USR-13275,田中 淳,MN,192,area_code_408,no,no,0,191.0,102,36.64,203.2,128,18.33,152.2,108,5.74,7.5,4,2.76,2,no
USR-13276,前田 篤司,WI,141,area_code_415,yes,no,0,222.6,91,44.08,261.4,104,11.14,171.9,119,9.66,12.1,3,3.06,0,yes
USR-13277,山田 直樹,MN,165,area_code_415,yes,yes,0,220.0,89,26.24,154.4,103,9.4,227.5,64,4.5,8.3,9,1.86,1,no
USR-13278,小川 裕美子,NY,116,area_code_510,no,no,0,207.5,128,30.5,273.9,111,12.5,209.8,75,1.95,7.9,3,2.35,1,no
USR-13279,田中 裕美子,OH,184,area_code_415,no,no,0,245.8,71,26.86,210.1,131,10.63,190.4,68,8.09,8.9,3,2.22,2,no
USR-13280,藤田 あすか,MT,82,area_code_415,yes,no,0,87.1,86,38.9,145.4,96,18.98,223.2,98,8.47,6.5,3,2.81,0,yes
USR-13281,小川 和也,PA,91,area_code_510,no,no,0,198.3,138,33.22,149.9,93,12.33,152.0,109,12.12,11.1,7,2.18,1,no
USR-13282,中川 裕太,MS,87,area_code_510,yes,no,1,238.5,112,29.01,217.3,157,22.54,166.3,100,9.52,4.1,3,1.94,1,no
USR-13283,井上 里佳,AL,147,area_code_415,yes,no,44,262.4,80,49.49,269.0,111,16.54,161.4,107,13.56,12.6,14,2.73,2,yes
USR-13284,西村 翔太,MO,112,area_code_415,no,no,0,215.0,114,39.71,163.0,163,13.42,143.2,118,5.79,7.7,4,2.22,2,no
USR-13285,近藤 零,HI,106,area_code_510,no,yes,24,194.0,102,37.94,351.1,86,13.63,164.3,107,8.69,8.2,8,4.0,1,no
USR-13286,松本 明美,AZ,109,area_code_408,no,no,0,213.6,104,34.07,289.8,74,14.81,146.6,111,8.1,4.7,4,1.55,0,yes
USR-13287,福田 春香,MO,39,area_code_415,yes,no,0,231.0,109,9.29,252.6,104,13.2,291.1,131,13.0,12.4,3,3.36,1,yes
USR-13288,木村 篤司,UT,82,area_code_415,no,yes,0,116.2,84,27.26,71.2,72,17.8,90.2,91,5.32,7.9,4,2.4,0,no
USR-13289,吉田 太郎,CA,101,area_code_415,no,yes,30,239.7,107,32.71,332.7,88,16.66,142.6,31,7.41,9.5,5,3.0,1,no
USR-13290,加藤 陽子,NM,112,area_code_415,no,no,52,330.4,79,35.85,148.0,79,15.84,168.1,96,8.96,6.3,3,2.19,1,no
USR-13291,山田 幹,CA,105,area_code_415,no,no,0,193.4,48,22.63,200.3,118,21.55,212.1,106,11.03,9.8,2,2.4,1,no
USR-13292,石井 舞,ID,36,area_code_510,no,no,0,218.3,83,29.26,171.7,94,12.33,297.1,99,9.58,5.1,6,4.06,5,no
USR-13293,吉田 修平,WV,137,area_code_510,no,yes,0,189.8,89,29.42,275.8,112,23.08,173.9,107,12.55,15.2,4,3.08,1,yes
USR-13294,佐藤 明美,AK,115,area_code_510,no,no,0,146.2,98,33.59,195.2,127,15.34,157.0,79,6.49,10.1,9,3.44,2,no
USR-13295,池田 春香,AZ,95,area_code_415,no,no,0,177.6,82,27.24,194.1,142,16.71,193.6,92,8.06,11.4,9,1.69,3,no
USR-13296,木村 裕美子,AZ,102,area_code_415,no,no,0,175.8,134,25.93,250.7,107,16.82,196.8,117,7.2,9.7,2,2.06,2,no
USR-13297,坂本 幹,VA,135,area_code_415,no,no,0,260.3,82,34.64,156.2,94,12.0,220.8,57,4.05,5.0,3,4.29,3,no
USR-13298,松本 さゆり,IL,172,area_code_415,no,no,0,142.8,117,21.35,184.1,94,17.63,160.7,74,7.31,8.3,3,2.58,1,no
USR-13299,田中 聡太郎,NV,118,area_code_408,no,no,0,257.5,91,13.66,119.7,85,15.07,240.2,119,8.39,10.4,3,2.58,1,no
USR-13300,田中 聡太郎,OH,105,area_code_510,no,yes,0,198.4,67,41.14,186.5,102,18.7,247.8,106,3.94,14.2,3,2.93,2,no
USR-13301,鈴木 加奈,DC,154,area_code_408,no,no,0,147.5,91,29.55,223.0,106,11.76,200.6,51,9.33,6.7,8,2.37,1,yes
USR-13302,中川 くみ子,NH,140,area_code_510,no,no,38,251.3,118,44.17,193.7,97,16.08,226.8,92,8.7,10.0,3,3.06,1,no
USR-13303,松本 花子,AZ,102,area_code_415,no,no,0,248.8,106,26.45,216.2,125,26.43,198.2,141,10.5,10.8,3,2.8,1,no
USR-13304,岡本 幹,MT,123,area_code_415,no,yes,37,192.5,71,44.2,169.8,115,17.39,110.8,112,9.29,12.6,4,3.37,4,no
USR-13305,鈴木 翼,AK,124,area_code_415,no,yes,0,238.7,139,16.24,143.4,69,13.52,144.0,102,8.29,16.3,4,2.87,1,no
USR-13306,後藤 直人,MS,82,area_code_510,no,no,44,278.2,132,25.31,226.9,113,15.47,179.0,85,8.46,8.3,3,2.58,1,no
USR-13307,清水 春香,NH,83,area_code_415,no,yes,0,274.9,91,40.38,177.8,111,9.54,232.2,134,9.03,7.0,2,1.56,1,no
USR-13308,渡辺 淳,SD,100,area_code_415,no,no,0,207.3,86,44.62,275.2,92,4.85,175.8,92,4.14,11.5,8,2.05,4,no
USR-13309,後藤 直樹,PA,91,area_code_510,no,no,0,124.1,91,10.02,303.8,119,12.98,272.9,91,6.9,10.6,3,1.98,1,no
USR-13310,渡辺 明美,IN,100,area_code_415,no,no,0,199.0,76,13.59,190.7,63,14.1,172.9,107,3.5,11.0,3,3.42,1,no
USR-13311,井上 陽一,VA,84,area_code_415,yes,no,0,163.9,103,28.34,72.0,126,15.66,80.0,92,8.55,10.5,10,3.01,1,no
USR-13312,小林 健一,HI,103,area_code_510,yes,yes,0,226.6,98,18.09,269.0,89,16.91,232.5,98,7.45,13.6,6,2.63,1,no
USR-13313,松本 舞,MO,82,area_code_408,no,yes,0,170.2,100,27.14,155.2,66,15.34,228.7,114,8.38,14.3,4,3.44,1,yes
USR-13314,田中 拓真,WA,58,area_code_415,no,no,0,164.2,132,17.22,284.7,62,19.15,195.5,121,8.86,12.0,3,2.09,1,no
USR-13315,坂本 零,PA,20,area_code_510,no,no,35,256.0,113,24.41,318.6,95,21.64,169.9,102,8.94,7.4,3,2.8,4,no
USR-13316,鈴木 七夏,IL,71,area_code_415,no,yes,43,168.0,88,41.68,208.7,127,19.05,194.2,106,9.45,9.2,12,4.51,1,no
USR-13317,高橋 太一,HI,96,area_code_510,yes,yes,0,253.2,123,6.76,188.3,88,8.2,193.1,64,3.41,4.8,2,1.74,0,yes
USR-13318,渡辺 稔,CO,128,area_code_415,no,yes,31,189.3,123,33.18,181.9,124,18.02,190.6,114,3.12,10.4,4,3.15,1,yes
USR-13319,太田 七夏,VA,141,area_code_415,no,yes,0,182.7,82,17.39,165.2,112,23.67,192.2,95,8.62,11.9,4,2.17,1,no
USR-13320,伊藤 知実,TN,102,area_code_510,no,no,29,200.0,100,23.77,104.6,88,13.19,216.0,98,8.98,11.9,4,4.38,1,yes
USR-13321,渡辺 里佳,FL,93,area_code_408,no,no,0,239.6,134,16.88,177.8,116,17.41,157.3,87,13.81,11.5,9,3.23,1,yes
USR-13322,石川 あすか,WV,72,area_code_510,no,no,30,183.8,102,48.32,185.5,136,18.41,175.7,118,9.61,12.7,9,3.71,1,no
USR-13323,阿部 晃,PA,67,area_code_408,no,yes,41,236.2,92,36.26,245.5,117,17.71,132.8,145,7.99,9.2,4,0.5,2,no
USR-13324,斎藤 治,MS,113,area_code_415,no,no,0,182.1,79,24.51,184.9,110,8.77,261.5,74,9.91,6.0,5,3.59,1,no
USR-13325,渡辺 翔太,AZ,200,area_code_415,no,no,0,226.6,114,27.8,207.3,70,12.13,41.4,107,7.07,12.8,3,2.74,3,no
USR-13326,山崎 篤司,ME,69,area_code_415,no,no,0,292.5,96,31.51,281.8,108,15.7,185.8,97,6.29,10.7,3,3.59,2,no
USR-13327,松本 真綾,KY,100,area_code_415,no,no,0,241.7,102,32.93,202.4,98,16.31,121.7,122,5.62,13.1,3,0.4,0,no
USR-13328,藤原 七夏,CT,85,area_code_510,no,yes,37,169.3,123,32.02,105.9,85,19.28,197.1,46,8.11,4.8,9,3.5,0,no
USR-13329,後藤 加奈,WA,160,area_code_415,no,yes,36,215.0,72,43.82,283.9,113,18.32,191.6,108,1.9,5.2,9,1.55,1,no
USR-13330,佐藤 結衣,GA,238,area_code_408,no,no,0,243.8,84,30.42,312.8,131,12.66,171.0,88,8.74,10.8,1,3.77,1,no
USR-13331,中村 拓真,ME,17,area_code_408,no,yes,0,155.6,88,33.73,136.0,88,20.72,248.0,118,4.09,7.9,2,2.28,1,no
USR-13332,太田 七夏,VT,102,area_code_415,no,yes,38,290.2,101,25.97,252.9,116,15.9,84.9,112,5.99,8.5,7,2.83,1,no
USR-13333,小林 美加子,CO,68,area_code_510,no,no,0,247.0,94,45.05,217.3,83,17.7,122.9,85,8.32,10.7,4,2.3,1,yes
USR-13334,佐々木 陽子,WV,72,area_code_510,no,no,0,182.4,99,24.76,265.1,95,20.5,146.4,101,4.37,9.5,3,4.72,1,no
USR-13335,山崎 あすか,NH,93,area_code_415,no,no,0,202.5,125,35.66,233.7,66,19.16,144.3,90,3.22,10.6,3,2.53,2,no
USR-13336,中村 美加子,WV,122,area_code_408,no,no,0,284.3,68,27.37,249.9,110,19.08,255.7,85,6.43,11.5,3,3.82,1,no
USR-13337,小川 七夏,DC,81,area_code_510,no,no,30,272.8,100,26.96,181.5,132,11.77,222.6,99,13.84,8.6,4,1.49,0,yes
USR-13338,清水 零,CA,71,area_code_408,no,yes,0,217.9,96,22.78,160.1,110,9.33,212.1,72,12.26,10.2,3,2.73,1,no
USR-13339,木村 康弘,CT,77,area_code_510,no,no,0,212.1,77,48.32,188.9,130,23.89,156.5,139,1.62,11.4,5,1.64,0,yes
USR-13340,清水 稔,WY,182,area_code_408,no,yes,0,194.9,149,38.46,174.7,85,15.44,270.5,164,6.7,11.3,3,3.29,1,no
USR-13341,田中 晃,IA,39,area_code_510,no,yes,23,208.5,98,8.53,234.4,101,17.57,169.7,69,8.13,11.2,7,3.03,3,no
USR-13342,佐藤 知実,ME,65,area_code_408,yes,no,0,252.2,99,37.45,142.2,108,14.63,212.4,92,5.31,12.5,3,5.24,1,no
USR-13343,石川 花子,UT,5,area_code_408,yes,yes,43,213.7,149,13.11,174.8,113,18.73,203.6,75,7.47,10.7,4,2.65,1,no
USR-13344,山田 春香,PA,158,area_code_408,no,yes,0,201.9,77,19.13,199.4,90,14.65,190.6,97,7.71,5.2,4,3.87,0,no
USR-13345,岡本 舞,NH,140,area_code_415,no,no,0,123.5,107,33.81,179.8,92,21.57,108.9,92,9.52,13.0,2,5.08,1,no
USR-13346,太田 千代,CO,17,area_code_415,no,yes,35,142.5,134,53.6,285.3,122,13.99,256.5,131,12.62,10.7,3,2.56,2,no
USR-13347,山口 花子,MT,105,area_code_415,no,no,0,218.0,77,27.32,188.1,98,18.35,234.4,95,10.46,8.1,2,2.54,0,no
USR-13348,斎藤 香織,NE,55,area_code_408,no,yes,35,203.5,60,42.62,197.1,117,13.97,233.3,96,3.8,7.0,3,2.7,1,no
USR-13349,山口 さゆり,KY,121,area_code_415,no,no,0,287.7,98,39.89,236.3,116,20.87,136.1,79,3.22,11.0,7,2.11,2,yes
USR-13350,石川 浩,PA,79,area_code_415,no,yes,0,155.4,65,44.43,150.9,110,16.05,215.1,103,2.93,7.7,3,2.96,2,no
USR-13351,高橋 涼平,MA,69,area_code_415,no,no,0,158.3,94,36.29,187.7,116,10.11,127.4,116,5.33,11.3,3,3.73,1,no
USR-13352,高橋 篤司,KS,131,area_code_415,no,no,1,227.7,86,47.38,187.7,98,16.96,205.8,134,9.84,9.9,9,2.87,2,yes
USR-13353,吉田 健一,DE,57,area_code_408,no,no,0,121.1,127,38.26,90.9,106,13.07,233.0,140,6.3,10.0,7,2.39,0,no
USR-13354,清水 直人,OH,69,area_code_415,no,no,0,257.5,89,48.14,218.2,114,17.77,207.9,96,5.43,10.4,3,3.1,3,no
USR-13355,石井 美加子,FL,115,area_code_408,no,no,0,249.0,145,18.42,276.2,100,13.59,71.5,108,10.21,6.2,4,3.77,0,no
USR-13356,渡辺 修平,IA,175,area_code_510,no,no,0,235.1,73,27.74,221.3,68,18.48,140.8,53,8.92,13.2,2,3.5,4,no
USR-13357,高橋 幹,FL,104,area_code_415,no,yes,22,266.5,138,49.91,239.5,92,10.72,169.3,125,7.6,12.5,8,2.17,1,no
USR-13358,藤原 亮介,WY,72,area_code_415,no,yes,41,232.4,112,21.26,129.0,119,25.35,142.1,116,6.9,5.3,3,2.65,1,no
USR-13359,田中 健一,SC,102,area_code_510,yes,no,1,245.3,78,39.42,191.0,160,18.75,224.2,64,8.94,5.6,9,1.91,1,no
USR-13360,佐藤 篤司,TN,143,area_code_510,no,yes,0,107.6,106,15.63,259.4,133,20.44,177.9,78,4.4,12.9,1,2.29,4,no
USR-13361,吉田 零,NH,123,area_code_510,no,no,0,209.5,120,39.28,144.2,115,18.56,128.6,68,10.28,12.8,4,3.9,1,no
USR-13362,伊藤 智也,MD,132,area_code_415,no,no,0,197.4,100,22.28,216.1,95,25.33,155.5,93,12.18,13.3,7,4.36,0,yes
USR-13363,鈴木 さゆり,NM,57,area_code_510,no,yes,0,207.9,101,20.87,184.5,142,14.01,193.8,122,5.58,14.3,3,2.47,0,no
USR-13364,山下 美加子,IA,220,area_code_415,no,yes,0,167.5,130,22.95,200.1,120,16.77,141.3,125,5.77,10.7,3,2.35,1,no
USR-13365,加藤 智也,MD,170,area_code_510,no,yes,0,218.4,126,44.52,262.8,85,25.55,217.7,102,5.17,10.0,5,2.91,1,no
USR-13366,岡田 知実,IL,51,area_code_408,no,no,0,199.1,89,35.2,149.1,106,30.0,205.7,125,7.91,6.0,3,2.36,1,no
USR-13367,林 稔,PA,95,area_code_510,no,no,0,201.8,98,36.77,221.3,80,8.08,217.3,111,3.54,8.9,3,2.75,1,no
USR-13368,村上 淳,VA,83,area_code_408,no,yes,1,228.2,103,20.07,173.9,125,8.84,195.7,113,10.13,9.8,10,1.38,2,no
USR-13369,田中 真綾,KS,120,area_code_408,no,no,0,267.8,85,33.47,198.7,113,19.49,111.0,73,9.47,9.4,9,2.5,1,yes
USR-13370,橋本 くみ子,WY,109,area_code_415,yes,no,1,193.2,126,30.5,157.7,119,25.0,171.5,167,11.82,13.2,3,1.45,2,no
USR-13371,岡田 花子,WV,16,area_code_408,no,no,0,169.6,124,15.88,240.1,102,19.47,78.2,88,6.12,7.2,7,1.9,1,no
USR-13372,岡本 あすか,LA,159,area_code_415,yes,no,0,234.7,82,31.28,232.7,90,9.18,122.6,127,8.96,11.2,3,3.28,1,no
USR-13373,前田 美加子,ID,111,area_code_408,yes,yes,0,210.9,92,28.83,155.7,98,21.39,142.7,66,3.42,11.6,9,3.32,1,no
USR-13374,前田 幹,MA,108,area_code_408,no,yes,40,206.0,121,27.98,161.2,118,21.5,157.1,131,7.38,13.9,4,1.86,3,no
USR-13375,山本 陽子,HI,71,area_code_415,no,yes,32,106.9,123,20.98,237.6,133,19.55,190.2,69,8.9,9.1,3,3.09,1,no
USR-13376,後藤 裕美子,GA,101,area_code_510,no,yes,32,327.2,120,30.94,278.7,70,6.97,236.4,108,7.36,9.3,3,3.72,2,no
USR-13377,高橋 知実,ME,40,area_code_408,yes,yes,0,257.2,99,36.53,174.2,91,18.64,196.2,128,7.78,7.9,3,2.73,1,no
USR-13378,高橋 裕樹,MS,62,area_code_510,no,yes,43,105.8,75,17.46,163.0,89,24.26,191.3,94,9.21,12.0,5,3.53,0,no
USR-13379,藤原 明美,LA,55,area_code_510,no,no,0,202.8,80,48.36,157.6,142,13.73,218.8,92,3.87,9.7,3,2.18,1,yes
USR-13380,岡本 七夏,ND,135,area_code_408,no,yes,41,228.6,50,37.78,171.8,155,17.85,187.8,88,8.74,11.8,10,2.61,1,no
USR-13381,佐藤 美加子,MN,19,area_code_408,yes,yes,40,240.6,110,26.48,134.9,92,22.57,346.6,111,9.41,9.4,3,2.59,1,no
USR-13382,山本 舞,MO,31,area_code_415,no,no,0,201.9,105,13.11,195.9,150,17.96,209.2,149,6.44,8.3,5,4.0,1,no
USR-13383,山本 知実,MT,201,area_code_510,no,yes,36,235.6,95,30.68,220.6,96,10.61,172.9,94,8.61,11.7,7,4.78,1,no
USR-13384,鈴木 明美,TN,126,area_code_510,no,yes,0,209.8,112,42.91,213.2,90,13.54,171.9,130,5.68,9.8,3,0.87,0,no
USR-13385,小林 幹,TX,184,area_code_408,no,no,36,290.7,57,46.78,223.7,93,11.06,222.7,93,5.29,7.8,3,3.03,0,no
USR-13386,石川 智也,VT,96,area_code_408,no,no,0,230.4,73,27.2,261.4,96,17.55,263.5,110,12.56,13.1,3,2.83,1,no
USR-13387,西村 結衣,NM,106,area_code_408,no,yes,34,185.7,115,48.45,201.3,104,11.14,170.4,129,7.19,9.8,3,3.68,1,no
USR-13388,佐藤 英樹,MI,94,area_code_415,no,yes,30,175.7,128,31.71,182.7,75,19.34,152.3,144,11.52,8.0,3,2.66,1,no
USR-13389,山本 裕美子,DC,170,area_code_510,yes,yes,0,175.4,124,39.15,153.6,117,22.05,164.7,97,7.15,11.8,3,1.92,1,no
USR-13390,吉田 陽子,KS,111,area_code_510,no,yes,0,186.4,104,20.63,288.9,94,9.46,134.4,116,3.43,12.0,1,2.39,3,yes
USR-13391,中村 拓真,CA,92,area_code_408,no,no,0,207.8,109,29.93,202.5,104,17.69,172.8,74,1.64,6.7,6,3.36,1,yes
USR-13392,中村 加奈,RI,83,area_code_415,no,no,1,255.1,56,32.85,277.7,122,16.67,277.4,98,9.68,13.1,3,3.88,1,no
USR-13393,山本 知実,AR,74,area_code_415,no,yes,0,192.9,96,30.63,274.4,110,17.59,156.7,102,4.81,10.0,3,3.16,1,yes
USR-13394,鈴木 くみ子,SC,16,area_code_510,yes,no,0,235.1,80,31.62,213.8,83,18.51,214.6,99,11.39,13.1,1,3.46,1,no
USR-13395,石川 陽一,ID,76,area_code_415,yes,no,1,203.0,94,34.03,164.7,124,20.79,165.0,82,3.39,11.3,3,2.81,1,yes
USR-13396,佐藤 亮介,VT,121,area_code_415,yes,yes,15,178.4,67,24.17,267.8,128,14.93,206.2,86,10.22,12.9,8,3.14,1,no
USR-13397,鈴木 充,PA,212,area_code_510,no,no,0,166.4,99,31.58,242.1,69,18.47,103.6,84,2.04,9.3,3,2.2,1,no
USR-13398,高橋 加奈,KS,60,area_code_408,no,no,0,211.0,111,29.54,286.8,100,20.86,173.3,83,11.77,11.9,2,2.37,1,no
USR-13399,松田 幹,AZ,120,area_code_408,no,yes,0,184.8,97,18.61,297.6,81,15.85,210.6,97,4.88,10.6,9,2.71,3,no
USR-13400,太田 香織,IL,60,area_code_510,no,no,0,177.0,113,21.07,149.3,86,27.78,260.7,113,8.95,11.5,3,3.18,1,yes
USR-13401,山田 修平,OR,60,area_code_415,no,no,0,225.0,93,37.89,312.0,74,23.38,129.4,97,8.56,10.0,7,2.11,0,yes
USR-13402,石川 京助,MI,94,area_code_415,no,no,0,174.4,128,43.67,245.1,106,18.3,260.7,91,8.72,11.0,3,2.74,1,no
USR-13403,中村 健一,ND,132,area_code_415,yes,yes,0,302.7,83,27.63,220.2,104,13.05,219.8,109,11.8,11.1,3,3.36,1,no
USR-13404,吉田 陽一,KS,113,area_code_415,no,no,0,197.6,70,31.74,189.9,98,24.88,156.8,110,8.92,6.0,3,2.34,1,yes
USR-13405,鈴木 修平,MT,115,area_code_408,no,yes,44,246.0,82,41.64,138.7,115,20.55,189.9,95,5.55,12.3,2,2.97,1,no
USR-13406,井上 康弘,OR,119,area_code_415,yes,yes,34,190.5,112,29.9,270.3,112,12.93,123.4,90,9.1,7.1,6,0.84,2,no
USR-13407,松田 智也,NC,84,area_code_415,no,yes,1,191.5,102,21.63,213.6,106,16.74,183.8,49,10.37,13.1,3,2.31,1,no
USR-13408,松本 和也,WY,51,area_code_408,yes,yes,24,182.1,95,23.15,72.5,125,16.86,165.4,110,9.21,9.9,3,2.49,4,no
USR-13409,石川 陽子,OK,80,area_code_415,no,yes,32,140.6,90,39.01,317.0,87,17.68,142.6,82,3.22,9.3,9,2.42,0,no
USR-13410,吉田 淳,MO,151,area_code_510,no,yes,28,213.3,53,33.6,193.6,110,16.81,175.3,73,8.73,13.0,3,3.08,1,no
USR-13411,佐藤 英樹,NJ,40,area_code_510,no,yes,30,195.5,99,30.57,139.1,125,12.07,158.4,94,5.85,6.0,1,3.48,2,no
USR-13412,藤田 裕美子,HI,129,area_code_415,no,yes,24,226.7,98,28.86,117.8,100,18.51,211.9,96,7.81,16.3,7,5.4,1,no
USR-13413,加藤 くみ子,ID,65,area_code_510,no,yes,1,251.2,45,20.62,219.3,95,22.1,144.7,108,6.78,8.0,2,3.65,1,no
USR-13414,渡辺 涼平,VT,115,area_code_408,no,yes,36,237.8,116,48.76,212.1,104,12.93,213.8,138,10.24,9.0,7,2.08,2,no
USR-13415,小林 篤司,PA,96,area_code_510,no,yes,0,216.3,107,14.47,129.6,119,18.41,84.6,101,9.41,17.4,7,3.27,0,no
USR-13416,後藤 結衣,WV,196,area_code_510,no,yes,0,296.1,69,26.81,352.2,92,16.89,165.5,83,3.62,3.7,4,2.4,1,no
USR-13417,清水 翔太,CT,101,area_code_415,no,no,0,266.7,110,32.51,148.0,80,21.37,104.4,60,7.05,10.2,3,2.2,1,yes
USR-13418,坂本 真綾,NH,188,area_code_415,no,yes,0,111.6,110,46.64,316.4,101,21.4,177.6,148,7.9,6.4,3,2.01,2,no
USR-13419,吉田 英樹,GA,239,area_code_415,no,no,0,206.5,102,25.88,243.5,89,16.49,180.9,75,8.98,8.7,9,1.33,1,yes
USR-13420,山下 翔太,MI,127,area_code_415,no,no,27,175.7,106,42.69,81.5,83,9.85,143.3,106,6.35,11.5,6,3.54,1,no
USR-13421,遠藤 陽子,OR,100,area_code_415,no,no,0,234.2,56,33.22,238.9,122,16.8,226.8,147,13.61,8.8,3,2.34,1,yes
USR-13422,高橋 聡太郎,VA,23,area_code_415,no,yes,48,268.9,111,31.8,191.8,152,9.91,183.8,114,1.81,6.3,3,1.61,2,no
USR-13423,中村 拓真,MA,54,area_code_510,no,yes,24,186.7,101,23.02,326.0,118,18.35,130.8,90,8.39,7.8,3,2.45,1,no
USR-13424,山本 春香,SC,124,area_code_510,no,no,0,229.7,88,41.72,311.7,110,19.44,174.4,64,9.44,9.0,4,4.24,3,yes
USR-13425,吉田 直人,MO,92,area_code_408,yes,yes,0,170.1,71,25.07,163.4,149,19.48,152.9,119,7.8,10.6,4,3.0,0,no
USR-13426,三浦 拓真,HI,89,area_code_510,yes,yes,32,242.3,129,30.47,206.6,78,15.46,187.8,58,11.57,13.2,10,4.26,1,no
USR-13427,斉藤 零,TN,129,area_code_415,no,no,0,217.3,49,27.19,341.4,101,16.37,290.2,119,10.24,13.0,6,2.02,2,no
USR-13428,佐々木 花子,VT,124,area_code_408,no,yes,27,90.1,122,35.9,219.2,120,15.37,219.2,83,11.19,12.8,8,2.72,1,no
USR-13429,中村 和也,VA,94,area_code_408,no,yes,38,264.3,83,37.5,186.5,119,20.48,221.4,91,8.64,7.4,3,1.59,1,no
USR-13430,田中 七夏,FL,94,area_code_408,yes,no,20,121.8,130,20.46,258.9,115,24.07,233.2,78,6.39,12.8,3,3.77,2,no
USR-13431,鈴木 裕樹,OH,71,area_code_415,no,no,1,182.8,135,23.37,133.2,96,11.35,212.2,98,6.77,16.9,1,2.24,1,no
USR-13432,太田 千代,OK,119,area_code_415,no,yes,0,304.3,119,26.36,118.3,122,15.21,192.0,139,9.19,9.6,3,1.81,3,no
USR-13433,木村 淳,MI,99,area_code_408,no,no,0,265.3,124,26.55,219.2,129,22.21,146.3,109,4.04,9.7,8,2.72,1,no
USR-13434,太田 康弘,MD,112,area_code_510,no,no,0,194.6,88,17.97,282.2,120,19.3,161.6,107,9.44,10.1,4,1.05,1,no
USR-13435,小川 篤司,AR,66,area_code_408,no,yes,0,148.2,77,30.51,138.0,107,10.22,222.8,106,7.92,9.0,6,2.04,2,no
USR-13436,石川 花子,MT,129,area_code_510,no,yes,17,218.4,103,30.29,208.1,94,27.05,211.1,141,7.63,13.2,7,2.27,1,no
USR-13437,小川 桃子,AR,76,area_code_510,no,no,0,243.6,76,28.07,294.8,68,17.36,193.0,115,5.5,11.6,8,2.62,1,no
USR-13438,林 治,OR,121,area_code_510,yes,no,0,144.7,111,33.92,197.7,124,18.7,178.0,98,6.28,9.4,3,2.61,1,yes
USR-13439,山本 和也,NY,55,area_code_415,yes,no,0,209.6,110,37.89,292.3,83,17.85,207.8,59,7.24,4.2,3,1.24,1,no
USR-13440,小林 英樹,ME,150,area_code_510,no,no,25,232.1,107,31.59,195.2,64,20.55,111.6,119,5.08,10.1,3,2.33,1,no
USR-13441,田中 裕美子,TX,99,area_code_415,no,yes,34,215.2,120,54.85,123.0,73,20.59,192.2,118,10.97,8.8,2,1.8,1,no
USR-13442,吉田 直樹,NY,95,area_code_415,yes,no,0,217.7,109,30.37,226.5,80,14.13,222.2,113,6.48,10.6,2,3.79,2,no
USR-13443,後藤 直子,MS,157,area_code_510,no,no,0,184.4,155,7.77,196.7,65,18.63,66.9,93,7.46,8.1,3,3.7,2,yes
USR-13444,中川 里佳,ND,46,area_code_415,no,yes,0,349.6,115,38.55,220.4,90,18.87,194.2,126,11.1,9.4,3,2.75,0,no
USR-13445,鈴木 美加子,OK,180,area_code_510,no,no,1,227.6,73,37.26,214.6,110,18.04,171.1,128,9.08,7.8,5,1.12,0,no
USR-13446,池田 舞,KY,115,area_code_415,no,yes,48,305.2,67,35.72,185.3,112,14.37,221.9,116,9.45,5.6,3,2.86,1,no
USR-13447,松本 知実,WI,166,area_code_510,no,no,0,222.9,93,28.94,321.3,102,19.4,173.7,68,8.7,10.2,10,2.3,1,yes
USR-13448,小林 里佳,PA,160,area_code_415,no,no,0,248.5,110,38.16,221.2,83,16.79,251.7,126,10.11,14.3,3,2.67,1,yes
USR-13449,加藤 智也,IL,124,area_code_408,no,no,0,156.8,95,23.08,205.6,84,22.05,229.0,116,14.05,14.3,4,2.36,1,no
USR-13450,藤田 裕美子,OH,80,area_code_415,yes,no,0,266.6,77,23.03,294.7,80,21.03,192.0,87,6.78,11.7,7,3.14,1,no
USR-13451,山口 明美,TN,170,area_code_510,yes,no,35,203.7,81,19.38,293.4,104,20.24,168.9,71,5.4,7.7,3,3.33,1,yes
USR-13452,清水 浩,WI,84,area_code_415,no,no,0,208.4,117,27.55,151.0,89,14.18,206.2,98,8.4,8.5,9,3.14,1,no
USR-13453,藤原 直樹,NH,152,area_code_415,no,no,36,161.4,99,32.48,165.0,81,18.09,125.4,107,3.81,13.8,3,2.26,0,no
USR-13454,井上 英樹,ME,180,area_code_510,no,no,0,165.8,121,25.55,191.0,130,6.09,165.1,132,6.45,8.1,7,2.75,0,no
USR-13455,西村 直人,NV,75,area_code_415,yes,no,0,185.1,116,25.8,208.8,101,17.29,154.2,88,10.16,6.1,7,3.67,2,no
USR-13456,村上 春香,OH,33,area_code_510,no,no,0,223.0,57,23.53,124.9,99,22.9,179.3,110,10.21,11.0,5,4.77,1,no
USR-13457,佐藤 学,OR,48,area_code_510,no,no,0,200.7,85,50.8,175.1,102,16.68,190.7,134,4.98,8.8,3,3.62,1,no
USR-13458,田中 浩,TN,122,area_code_408,no,yes,0,202.7,112,35.68,198.2,113,13.9,129.7,108,5.38,6.7,7,2.78,2,no
USR-13459,鈴木 あすか,MO,165,area_code_415,no,no,0,236.7,60,26.14,140.2,124,15.78,170.1,104,6.08,11.8,3,3.15,1,no
USR-13460,青木 陽子,OK,144,area_code_415,no,yes,0,274.2,115,38.66,212.9,142,13.65,157.1,95,13.39,10.7,3,3.9,3,no
USR-13461,斉藤 結衣,ND,117,area_code_408,no,no,0,152.7,104,28.69,254.6,48,16.52,169.8,110,10.83,13.1,3,3.37,6,no
USR-13462,木村 稔,OR,64,area_code_408,no,no,23,277.2,99,33.84,171.3,96,15.99,191.7,95,3.65,11.3,9,3.66,2,no
USR-13463,山本 美加子,DC,80,area_code_415,no,yes,1,249.6,94,36.4,275.2,116,16.69,234.5,112,8.26,13.6,4,2.25,1,no
USR-13464,橋本 浩,IN,148,area_code_408,no,no,0,121.6,102,39.1,245.1,99,18.35,219.1,71,10.08,9.8,7,2.89,1,no
USR-13465,吉田 太一,KS,90,area_code_408,no,yes,27,211.4,117,45.3,316.5,59,15.27,174.0,85,8.98,11.7,7,3.11,1,no
USR-13466,佐藤 直人,IN,110,area_code_408,no,no,29,168.6,89,24.73,217.7,123,17.24,235.0,84,11.05,8.8,4,3.65,0,no
USR-13467,鈴木 太郎,IN,77,area_code_415,no,no,0,220.9,82,40.72,231.6,125,20.73,194.9,97,6.07,8.8,3,2.91,0,yes
USR-13468,田中 春香,MA,108,area_code_510,no,no,42,249.0,72,29.49,176.4,103,17.38,129.9,130,3.42,6.5,2,4.05,1,no
USR-13469,岡本 零,NJ,81,area_code_415,no,yes,48,175.2,133,18.76,161.4,97,16.35,119.1,107,10.44,9.6,8,3.84,0,no
USR-13470,坂本 聡太郎,MN,58,area_code_415,no,no,0,197.7,114,30.93,224.8,90,18.13,217.9,116,10.19,11.5,6,4.12,1,no
USR-13471,石井 直人,NV,113,area_code_408,no,no,0,204.4,114,41.79,122.2,130,14.34,167.5,81,10.42,10.6,10,3.82,1,no
USR-13472,山本 美加子,NH,62,area_code_510,no,yes,0,197.0,137,19.84,260.9,114,18.43,225.5,107,12.81,7.1,3,2.81,2,no
USR-13473,加藤 浩,MT,148,area_code_415,no,yes,34,161.5,81,19.14,198.2,110,10.85,221.1,97,3.7,9.3,4,1.88,1,no
USR-13474,高橋 真綾,RI,75,area_code_415,no,no,1,197.8,95,2.09,205.3,90,18.93,176.4,105,10.1,14.1,3,2.33,0,yes
USR-13475,斎藤 花子,CO,8,area_code_510,yes,no,0,217.4,85,42.65,191.2,93,21.7,226.5,119,11.76,14.7,3,3.19,1,yes
USR-13476,井上 幹,HI,103,area_code_415,no,no,34,146.6,112,29.45,191.2,100,18.66,179.5,129,7.98,9.5,7,2.91,2,no
USR-13477,岡本 春香,CO,109,area_code_408,yes,yes,26,262.0,76,31.96,255.9,106,20.41,211.8,85,7.07,5.6,4,2.56,1,yes
USR-13478,前田 美加子,KY,109,area_code_415,no,no,0,197.1,104,37.81,147.1,117,14.06,83.2,121,3.99,13.1,6,4.2,1,yes
USR-13479,山田 太郎,NH,51,area_code_510,no,no,0,170.9,81,26.24,328.9,122,27.82,172.2,87,10.51,9.4,4,2.87,4,yes
USR-13480,中村 直人,NJ,63,area_code_415,no,no,0,242.3,122,32.79,207.9,86,19.4,109.8,108,7.8,6.1,3,2.85,0,yes
USR-13481,西村 知実,WV,96,area_code_415,no,no,0,276.2,88,39.6,236.1,80,13.2,159.1,73,6.61,3.2,3,3.15,1,no
USR-13482,山本 桃子,MN,95,area_code_415,yes,no,1,257.1,97,29.67,203.2,102,11.18,196.3,73,12.88,12.4,3,1.49,0,no
USR-13483,清水 幹,NV,91,area_code_415,yes,no,0,232.5,60,50.23,43.1,67,16.13,153.0,117,2.64,11.4,3,2.22,0,no
USR-13484,佐藤 明美,ND,81,area_code_415,no,no,0,194.3,92,35.87,257.0,161,23.49,111.6,105,8.1,5.2,3,2.18,0,no
USR-13485,前田 太一,MS,153,area_code_415,no,no,0,217.0,97,30.18,227.5,49,21.49,180.0,126,4.24,13.0,8,2.43,1,no
USR-13486,小林 陽子,LA,88,area_code_415,no,yes,42,192.9,83,27.24,301.5,111,13.65,111.0,36,10.63,10.7,9,2.99,1,no
USR-13487,青木 美加子,LA,63,area_code_408,no,no,0,170.6,78,31.05,203.0,58,22.04,155.1,49,6.94,10.4,3,4.78,0,no
USR-13488,前田 知実,PA,87,area_code_510,no,no,0,160.2,78,31.42,216.2,57,17.36,134.7,87,6.7,19.4,7,2.59,0,no
USR-13489,佐藤 学,MO,94,area_code_415,no,no,0,200.9,70,32.02,206.1,80,12.67,88.5,81,1.54,7.8,4,3.12,1,no
USR-13490,長谷川 桃子,VT,232,area_code_415,no,yes,14,257.8,41,24.08,234.8,100,15.28,243.4,93,7.06,9.4,7,3.76,0,no
USR-13491,山本 明美,ME,76,area_code_510,no,yes,0,290.0,110,35.64,332.5,79,12.86,189.9,55,7.09,9.8,9,3.02,0,no
USR-13492,佐藤 裕美子,VT,98,area_code_408,no,no,22,159.8,127,22.62,261.9,79,14.31,212.7,154,6.71,6.4,13,2.88,1,no
USR-13493,斉藤 千代,CO,87,area_code_510,no,no,0,252.5,75,27.48,274.2,122,9.41,294.1,97,4.58,13.9,3,1.87,1,yes
USR-13494,佐藤 零,NH,76,area_code_415,no,no,0,162.2,98,30.21,179.4,110,16.76,115.4,86,5.47,11.4,9,2.89,2,no
USR-13495,伊藤 康弘,OR,154,area_code_415,no,no,0,204.9,102,29.34,288.4,116,19.79,170.3,82,8.58,12.4,4,2.65,1,no
USR-13496,小林 美加子,WI,116,area_code_415,no,no,0,212.5,105,27.42,176.4,106,11.28,249.4,96,8.63,11.4,3,3.06,1,yes
USR-13497,山崎 治,CT,158,area_code_510,no,yes,40,215.8,98,19.17,210.4,76,19.02,198.6,93,3.3,14.8,3,2.28,6,no
USR-13498,鈴木 春香,PA,84,area_code_408,no,yes,24,193.9,112,27.84,116.8,72,12.7,162.1,98,5.73,9.2,3,3.59,1,no
USR-13499,佐藤 明美,UT,145,area_code_415,no,no,0,312.3,115,57.0,289.6,109,12.36,219.1,124,9.52,5.0,9,3.19,0,no
USR-13500,佐藤 美加子,ME,140,area_code_415,no,yes,39,351.5,94,44.21,225.5,94,3.13,184.5,146,3.97,9.1,10,1.64,1,no
USR-13501,伊藤 健一,CT,158,area_code_510,no,no,0,192.9,103,36.55,297.1,75,14.97,161.2,60,9.16,13.6,5,3.09,1,no
USR-13502,藤田 京助,FL,45,area_code_415,no,yes,1,274.2,100,29.44,241.5,93,13.64,138.1,105,7.99,11.4,9,3.44,3,no
USR-13503,伊藤 幹,OK,152,area_code_510,no,yes,46,200.3,96,31.87,160.1,84,21.83,152.5,50,10.28,10.9,3,2.32,0,no
USR-13504,伊藤 智也,MN,154,area_code_415,no,no,0,177.8,89,25.79,284.6,92,18.1,174.9,89,4.98,13.2,3,3.6,0,no
USR-13505,井上 陽一,TN,153,area_code_408,no,yes,1,166.9,108,29.04,255.3,113,15.47,149.5,106,10.09,8.6,3,2.65,0,no
USR-13506,三浦 千代,TN,91,area_code_408,no,no,0,210.0,128,47.81,314.0,95,19.27,217.2,97,5.73,8.7,3,2.92,0,yes
USR-13507,坂本 拓真,HI,150,area_code_415,no,no,0,194.4,87,38.36,199.5,105,19.14,214.2,137,3.88,9.0,3,2.54,2,no
USR-13508,藤田 稔,AZ,135,area_code_408,no,no,0,212.4,92,36.77,270.7,84,21.02,162.7,77,6.8,8.4,9,3.92,1,no
USR-13509,中村 洋介,KS,203,area_code_415,yes,no,0,207.6,102,35.27,155.1,110,15.33,170.9,109,9.28,9.0,4,3.23,2,no
USR-13510,石川 真綾,MI,152,area_code_415,no,no,0,225.9,95,30.64,166.2,119,18.15,213.9,99,7.75,7.6,7,2.17,1,no
USR-13511,太田 治,KS,147,area_code_415,yes,no,0,260.2,58,34.06,117.7,109,18.18,230.5,94,9.29,11.6,2,2.29,2,yes
USR-13512,山田 涼平,CT,87,area_code_415,no,no,0,200.5,132,33.74,185.9,113,20.06,221.2,135,8.91,9.7,5,3.24,1,yes
USR-13513,山田 真綾,UT,83,area_code_510,yes,yes,0,150.6,103,19.44,258.4,137,19.93,170.7,59,3.0,10.9,5,1.4,0,no
USR-13514,遠藤 智也,MS,67,area_code_408,no,yes,0,170.2,105,18.92,315.6,79,19.65,242.1,83,8.81,4.0,4,3.55,0,no
USR-13515,吉田 さゆり,OH,77,area_code_415,no,no,0,266.4,128,29.02,277.6,98,15.69,227.5,105,7.98,13.3,3,2.38,1,no
USR-13516,佐藤 あすか,PA,130,area_code_415,no,yes,40,196.7,87,51.46,222.6,102,17.93,220.0,114,7.31,5.0,3,2.7,1,no
USR-13517,石井 幹,MA,198,area_code_510,no,yes,19,255.3,114,27.2,187.4,100,11.89,236.7,151,7.38,10.7,4,2.75,1,no
USR-13518,藤井 聡太郎,HI,154,area_code_415,yes,yes,0,221.2,114,36.19,264.2,101,20.68,159.8,86,3.42,9.6,8,3.44,0,no
USR-13519,坂本 香織,NC,28,area_code_415,no,no,31,147.3,103,27.74,136.7,116,23.11,245.2,61,6.08,10.8,7,2.9,4,no
USR-13520,佐藤 零,LA,123,area_code_415,no,yes,30,217.9,126,28.77,197.6,86,18.98,216.6,106,8.3,13.9,3,3.49,1,no
USR-13521,佐藤 裕美子,AR,64,area_code_415,no,yes,38,293.2,48,38.58,179.4,129,23.46,189.0,104,7.78,11.9,3,4.85,1,no
USR-13522,青木 涼平,MI,147,area_code_510,yes,no,0,200.2,88,42.09,153.0,89,25.06,173.6,89,12.22,9.3,3,3.62,0,no
USR-13523,中村 桃子,OH,240,area_code_415,no,no,0,196.5,98,30.41,285.4,96,15.01,180.3,114,8.16,7.6,3,4.15,2,no
USR-13524,佐藤 美加子,TN,108,area_code_510,no,yes,0,169.4,112,32.32,199.3,126,13.54,258.4,100,5.27,6.3,5,2.46,0,no
USR-13525,林 直樹,RI,68,area_code_415,no,no,0,114.8,106,35.15,158.5,123,7.72,197.5,84,11.34,9.0,2,4.06,1,no
USR-13526,木村 くみ子,CA,107,area_code_510,yes,no,0,190.6,104,4.95,191.3,125,17.24,262.1,90,9.81,15.1,3,2.39,1,yes
USR-13527,木村 拓真,GA,177,area_code_408,no,no,0,211.2,67,24.43,316.9,91,18.69,163.6,90,7.23,11.1,4,3.11,2,no
USR-13528,小川 香織,IL,38,area_code_415,no,no,0,185.8,89,26.78,273.4,90,10.58,129.7,79,9.14,14.2,3,2.66,0,no
USR-13529,佐藤 健一,VA,128,area_code_415,no,no,0,158.5,89,23.19,119.6,107,18.42,164.5,63,9.09,1.0,3,4.05,1,no
USR-13530,森 拓真,TN,181,area_code_415,no,yes,39,210.2,83,34.54,258.7,108,20.71,236.5,109,6.79,6.5,2,3.01,3,no
USR-13531,村上 翔太,GA,145,area_code_408,yes,no,34,206.4,96,24.92,247.5,105,18.05,202.8,100,12.4,11.6,3,2.88,1,no
USR-13532,高橋 稔,NY,106,area_code_415,yes,no,36,258.5,123,17.47,177.8,90,20.18,179.0,87,6.82,10.7,3,3.15,0,yes
USR-13533,伊藤 直樹,SD,39,area_code_408,yes,yes,31,211.9,95,30.63,200.6,84,15.55,180.4,58,7.56,6.7,8,2.66,0,no
USR-13534,林 陽子,NH,78,area_code_510,no,no,1,187.6,93,25.02,236.5,123,13.18,208.9,92,9.16,4.6,6,1.33,3,no
USR-13535,山本 幹,ND,82,area_code_415,no,yes,41,200.7,154,34.91,196.3,93,16.35,203.1,84,6.11,9.1,2,5.1,2,no
USR-13536,斉藤 聡太郎,ID,81,area_code_415,no,no,33,124.2,120,31.61,97.2,132,18.5,138.8,110,8.98,10.4,7,2.16,3,no
USR-13537,山口 英樹,KS,75,area_code_415,no,no,0,147.3,95,35.15,179.8,101,17.62,296.7,87,10.45,9.3,4,2.93,2,yes
USR-13538,鈴木 千代,AZ,119,area_code_408,no,no,0,222.2,53,22.3,249.6,64,19.39,209.3,117,11.85,13.5,3,3.43,1,no
USR-13539,清水 陽一,NV,128,area_code_415,no,yes,44,288.5,102,30.12,264.6,115,11.89,99.8,56,9.06,7.2,3,1.74,6,no
USR-13540,清水 裕太,ID,125,area_code_415,no,yes,48,228.3,111,10.62,190.8,97,16.88,141.8,79,7.78,9.7,4,2.76,1,no
USR-13541,高橋 知実,NC,126,area_code_415,no,no,0,153.2,120,57.46,232.9,87,17.59,86.5,89,7.32,12.1,3,2.71,3,no
USR-13542,渡辺 聡太郎,NJ,139,area_code_408,no,yes,38,133.5,115,36.9,244.6,54,14.65,154.3,124,5.05,8.2,7,3.77,0,no
USR-13543,佐藤 直人,KS,96,area_code_415,no,no,1,175.1,94,35.39,325.9,94,8.0,170.7,123,5.51,10.1,3,2.65,2,yes
USR-13544,吉田 さゆり,SD,73,area_code_510,no,no,0,293.2,113,37.69,220.5,82,8.94,220.9,92,10.1,7.6,3,2.53,1,no
USR-13545,清水 裕美子,NE,134,area_code_510,no,yes,34,254.3,115,32.88,226.8,117,19.15,233.5,108,8.94,9.0,6,3.09,0,no
USR-13546,松田 涼平,TN,157,area_code_415,no,no,39,255.6,109,36.2,160.1,129,18.38,206.4,106,5.12,8.4,7,2.98,4,no
USR-13547,前田 和也,NM,169,area_code_408,no,yes,34,233.1,110,41.67,200.3,78,16.7,168.9,147,9.08,13.4,3,2.35,2,no
USR-13548,小林 結衣,AZ,83,area_code_415,no,no,0,232.6,69,28.22,216.1,92,14.49,249.3,55,6.37,12.2,3,3.57,1,no
USR-13549,田中 陽一,WA,199,area_code_415,yes,no,1,212.9,127,30.52,255.1,142,14.91,157.9,80,6.6,2.2,3,2.34,1,no
USR-13550,山本 翼,FL,109,area_code_408,no,yes,0,203.9,87,33.83,197.3,123,9.62,183.7,121,4.27,4.7,3,1.48,1,no
USR-13551,田中 美加子,KS,126,area_code_510,yes,no,0,239.1,111,24.41,270.2,105,17.46,127.2,105,7.48,10.3,2,2.48,1,no
USR-13552,小林 健一,MO,110,area_code_415,no,yes,28,240.6,100,18.58,164.2,123,17.1,185.3,96,14.18,9.9,3,1.52,1,yes
USR-13553,松田 陽子,TN,193,area_code_408,no,yes,1,195.2,88,32.27,276.2,104,21.01,186.1,85,3.2,6.5,3,3.27,1,no
USR-13554,松本 亮介,TX,77,area_code_415,no,yes,44,249.4,117,28.28,190.3,95,20.22,155.8,116,3.02,15.8,6,3.19,1,no
USR-13555,山田 淳,AK,96,area_code_510,no,no,0,191.1,111,30.72,213.2,71,18.93,208.0,86,5.7,10.6,3,3.23,1,no
USR-13556,山崎 学,CT,127,area_code_415,no,yes,34,248.1,130,54.49,134.6,71,13.51,149.5,106,3.61,11.7,6,5.22,1,no
USR-13557,後藤 英樹,ME,112,area_code_415,no,no,1,159.8,113,35.04,279.3,128,19.95,204.2,98,1.75,9.5,9,2.89,2,no
USR-13558,斎藤 知実,WY,159,area_code_415,no,no,0,167.4,93,23.47,220.4,161,17.49,256.4,111,11.08,7.5,3,3.5,1,no
USR-13559,山下 亮介,DC,113,area_code_510,no,no,0,168.0,112,27.05,252.3,85,11.76,134.3,109,4.88,7.3,3,0.22,1,no
USR-13560,岡田 英樹,NM,151,area_code_408,no,no,0,179.4,150,27.27,269.4,116,14.67,245.0,78,8.33,10.6,4,2.99,3,yes
USR-13561,後藤 治,MA,25,area_code_510,no,no,0,202.4,101,22.73,268.4,102,15.81,201.9,113,8.05,11.4,3,2.17,1,no
USR-13562,伊藤 七夏,TN,83,area_code_415,no,yes,0,194.0,118,34.87,201.8,107,8.53,134.3,88,9.64,10.7,11,2.47,1,yes
USR-13563,高橋 桃子,PA,55,area_code_408,no,yes,0,200.0,130,32.79,163.8,77,14.56,163.7,139,10.15,9.4,3,1.45,1,no
USR-13564,三浦 翔太,NE,183,area_code_510,no,yes,0,243.4,112,5.79,232.5,104,18.35,126.6,66,9.35,8.2,2,4.82,1,no
USR-13565,鈴木 健一,RI,88,area_code_408,no,no,0,243.5,108,21.24,184.7,131,16.52,140.0,153,13.06,10.8,3,2.74,1,yes
USR-13566,橋本 裕美子,WA,123,area_code_415,no,yes,0,240.3,102,29.29,255.2,92,19.0,244.5,70,8.79,13.7,2,2.52,1,no
USR-13567,藤井 里佳,GA,78,area_code_415,yes,no,0,192.5,102,41.2,221.5,107,9.42,169.2,113,6.45,12.7,3,3.5,0,yes
USR-13568,山下 修平,NJ,96,area_code_415,no,no,39,207.2,118,22.4,131.5,103,11.4,156.6,96,7.32,11.4,3,3.09,1,no
USR-13569,福田 裕樹,AK,180,area_code_415,no,no,0,239.1,67,29.39,191.0,97,16.66,218.7,97,7.79,12.8,4,3.54,0,no
USR-13570,吉田 知実,MN,212,area_code_415,no,no,0,260.2,86,34.29,156.8,118,18.71,300.6,82,5.98,8.9,3,3.17,2,no
USR-13571,田中 拓真,IL,135,area_code_415,no,yes,28,223.8,79,37.97,229.2,82,12.9,160.7,103,5.09,9.6,2,3.99,1,no
USR-13572,鈴木 知実,MD,92,area_code_415,no,yes,40,96.8,114,29.6,261.5,109,17.0,188.7,101,7.26,4.4,3,2.1,2,no
USR-13573,吉田 学,WI,97,area_code_415,no,no,0,253.3,112,31.99,163.3,64,24.55,238.4,62,7.56,15.3,4,1.47,1,no
USR-13574,山本 聡太郎,OH,95,area_code_415,no,no,0,208.1,88,46.21,203.9,134,14.01,273.7,101,5.33,11.6,3,3.43,6,yes
USR-13575,山口 裕太,NH,37,area_code_408,no,no,0,181.2,124,28.24,240.7,104,11.41,89.0,89,0.86,8.4,5,3.57,3,no
USR-13576,鈴木 陽一,VT,141,area_code_408,no,yes,39,319.4,105,27.17,226.0,94,21.58,256.8,75,7.59,11.3,4,2.79,0,no
USR-13577,鈴木 裕美子,LA,86,area_code_408,no,yes,24,197.7,116,28.32,136.7,100,13.46,215.1,103,11.26,10.4,13,2.88,1,no
USR-13578,斎藤 直樹,PA,191,area_code_408,no,yes,24,181.6,68,31.1,189.3,104,17.99,227.1,60,9.65,6.7,3,2.42,2,no
USR-13579,福田 美加子,OH,143,area_code_408,no,yes,36,172.4,112,39.7,189.3,84,9.58,133.7,154,9.11,11.2,4,2.68,1,no
USR-13580,山本 裕太,WY,181,area_code_415,no,yes,0,248.5,92,32.83,342.9,99,20.05,103.3,92,2.59,9.7,3,3.4,2,no
USR-13581,池田 裕樹,AR,106,area_code_415,no,yes,21,210.6,93,46.04,259.9,112,22.91,133.3,113,8.46,9.5,5,3.86,1,no
USR-13582,山下 春香,NC,22,area_code_415,no,no,46,224.6,109,22.94,221.2,125,21.47,136.9,103,4.98,5.6,7,2.1,0,no
USR-13583,藤井 明美,NH,153,area_code_510,no,no,0,177.2,111,33.1,257.4,83,14.07,139.5,107,4.63,10.3,5,3.42,1,no
USR-13584,鈴木 結衣,OR,110,area_code_510,yes,no,0,210.5,110,26.65,186.1,85,13.57,208.7,119,10.29,12.2,0,3.21,0,no
USR-13585,三浦 充,NH,151,area_code_510,no,yes,0,181.1,93,35.74,135.5,129,16.86,260.6,60,8.69,3.6,3,0.0,0,no
USR-13586,田中 拓真,VT,163,area_code_415,no,yes,0,257.3,65,25.37,311.0,87,18.52,211.8,125,14.34,4.5,4,4.01,0,no
USR-13587,藤井 千代,WV,154,area_code_510,no,no,0,139.1,77,30.51,311.7,88,18.22,112.8,120,3.46,9.9,3,2.26,1,no
USR-13588,林 稔,AR,123,area_code_415,no,no,0,153.6,91,35.8,197.8,89,18.14,218.7,126,9.4,12.0,3,3.26,0,no
USR-13589,前田 陽一,WY,112,area_code_408,yes,no,35,95.6,128,28.83,141.8,128,15.24,177.6,86,6.19,8.6,3,2.71,1,yes
USR-13590,太田 里佳,UT,159,area_code_415,yes,no,0,289.5,51,26.18,222.8,106,19.76,156.6,27,9.24,9.4,6,3.08,1,yes
USR-13591,長谷川 さゆり,AL,179,area_code_415,no,no,27,191.6,118,31.03,176.4,106,18.03,130.4,66,8.6,11.3,4,2.58,2,no
USR-13592,池田 太郎,NH,149,area_code_415,no,yes,32,160.3,94,25.44,205.3,117,13.12,99.4,114,3.76,9.1,7,4.19,1,no
USR-13593,佐藤 さゆり,AL,81,area_code_415,no,no,35,192.5,97,43.01,245.0,102,17.61,192.2,84,5.28,7.4,3,2.04,1,no
USR-13594,井上 智也,SC,153,area_code_510,no,no,0,131.5,106,33.05,175.7,96,20.81,112.0,96,8.92,10.7,2,3.07,2,no
USR-13595,斉藤 修平,ID,160,area_code_415,no,yes,0,215.2,56,26.2,198.7,131,17.19,205.2,23,6.51,12.0,3,2.9,1,no
USR-13596,中村 香織,NC,110,area_code_408,no,yes,34,254.8,113,33.08,290.0,105,14.38,157.3,126,11.16,13.4,3,3.15,1,no
USR-13597,石川 幹,MN,133,area_code_415,no,no,22,276.4,113,31.98,243.9,120,14.98,153.7,109,7.43,11.1,3,2.09,2,no
USR-13598,山田 桃子,LA,100,area_code_510,yes,no,0,181.7,90,53.2,234.1,64,16.71,146.2,82,9.94,12.2,8,4.5,2,yes
USR-13599,岡田 香織,VT,171,area_code_415,no,no,0,208.1,74,27.95,258.0,119,17.77,166.4,96,2.07,5.0,2,3.99,0,no
USR-13600,阿部 裕美子,PA,133,area_code_408,no,no,0,208.4,80,42.46,238.1,100,18.14,196.9,68,9.83,7.7,4,3.46,3,yes
USR-13601,高橋 拓真,CT,67,area_code_510,no,no,0,101.9,60,32.39,192.9,76,24.06,237.5,96,12.71,13.3,3,2.34,2,no
USR-13602,渡辺 翼,IA,86,area_code_510,no,yes,0,208.4,132,43.47,220.3,87,19.93,141.3,107,10.4,13.2,2,2.81,4,no
USR-13603,渡辺 春香,ME,109,area_code_510,no,yes,0,203.4,157,27.89,211.3,57,21.29,166.1,72,4.94,10.2,3,2.21,1,no
USR-13604,渡辺 結衣,NY,128,area_code_415,no,no,0,189.7,95,36.61,239.0,96,20.52,185.8,125,5.85,11.4,7,3.16,1,yes
USR-13605,佐藤 学,MO,128,area_code_408,no,yes,0,322.4,110,43.6,175.2,102,6.13,171.9,111,9.93,8.5,3,5.0,0,no
USR-13606,山本 桃子,UT,117,area_code_415,yes,yes,38,238.5,80,47.32,198.5,117,12.79,103.8,64,3.49,7.9,9,4.85,1,no
USR-13607,石川 直子,OR,33,area_code_510,no,no,1,81.7,115,36.47,210.8,112,19.17,166.2,99,12.84,13.5,3,2.49,3,yes
USR-13608,加藤 裕美子,VT,133,area_code_415,no,yes,32,233.3,79,24.67,226.0,90,23.74,205.1,95,6.77,10.0,4,2.72,1,no
USR-13609,渡辺 加奈,UT,189,area_code_415,no,no,0,186.1,115,30.29,196.5,116,17.94,51.6,120,7.05,9.6,3,3.54,1,no
USR-13610,藤田 美加子,KS,106,area_code_510,no,yes,40,208.4,127,31.54,170.4,123,20.08,238.9,115,11.27,6.8,7,3.55,0,no
USR-13611,加藤 太郎,VT,122,area_code_415,no,yes,36,200.4,120,33.38,183.4,90,16.49,206.5,89,4.99,13.3,3,2.52,0,no
USR-13612,橋本 翼,KS,117,area_code_408,no,yes,42,204.2,57,37.94,206.5,85,17.46,168.9,82,3.54,8.7,18,3.26,1,yes
USR-13613,山本 亮介,AL,93,area_code_408,yes,no,0,221.4,135,50.76,103.6,66,16.39,229.6,95,8.97,11.2,3,3.74,0,yes
USR-13614,清水 花子,MO,140,area_code_408,no,yes,0,185.4,96,19.43,156.1,87,17.17,181.2,98,6.68,10.7,9,1.77,0,no
USR-13615,鈴木 直人,WA,139,area_code_415,no,no,0,203.3,99,30.02,258.3,122,17.04,297.5,116,8.27,9.2,3,3.74,0,no
USR-13616,山田 治,VA,59,area_code_408,yes,yes,0,204.0,112,27.63,191.2,87,12.06,202.7,86,5.6,11.6,3,3.09,2,no
USR-13617,山本 花子,DC,85,area_code_408,no,yes,1,213.8,114,53.42,227.6,118,21.54,180.4,109,5.51,9.6,3,3.19,1,no
USR-13618,山口 美加子,NH,47,area_code_408,no,yes,37,119.3,109,21.59,228.2,83,20.32,92.3,88,6.99,12.5,9,2.91,1,no
USR-13619,松田 知実,WA,97,area_code_415,no,yes,0,152.4,85,50.89,198.2,64,18.45,219.5,84,5.44,12.5,2,3.24,1,no
USR-13620,加藤 知実,AR,133,area_code_510,no,yes,30,191.2,92,50.9,150.0,122,23.24,209.8,113,6.66,4.8,6,2.59,4,no
USR-13621,小林 直樹,MI,103,area_code_415,no,yes,0,166.7,105,32.62,279.6,87,19.55,161.8,111,8.43,6.7,2,1.59,1,no
USR-13622,清水 京助,KS,61,area_code_415,no,yes,30,202.1,99,20.02,156.5,99,9.76,138.1,80,6.75,14.7,14,2.98,1,no
USR-13623,林 知実,MO,105,area_code_408,no,yes,31,316.6,113,30.62,194.9,78,8.86,176.1,129,8.11,11.5,8,2.89,3,no
USR-13624,後藤 直子,DE,137,area_code_408,no,no,0,197.1,121,29.82,200.1,96,18.21,218.6,98,5.55,5.4,8,2.43,1,yes
USR-13625,前田 修平,WI,95,area_code_415,yes,yes,0,200.9,65,36.28,110.9,93,21.48,152.7,95,8.14,13.8,4,2.6,2,yes
USR-13626,佐藤 健一,AR,147,area_code_510,yes,no,0,218.5,111,23.36,259.0,97,26.98,95.3,121,14.68,16.0,4,1.94,2,yes
USR-13627,前田 直人,WI,116,area_code_408,no,yes,0,235.9,72,24.07,220.1,106,15.9,258.4,133,11.99,9.5,3,3.22,2,no
USR-13628,高橋 直樹,PA,72,area_code_510,no,yes,0,283.6,110,44.91,205.0,107,20.01,297.1,101,13.07,10.2,7,2.51,1,no
USR-13629,斎藤 知実,CT,130,area_code_415,no,yes,31,225.7,81,25.45,286.6,119,11.88,174.6,85,2.19,7.9,1,2.33,1,no
USR-13630,佐藤 裕太,DE,145,area_code_415,no,no,0,169.2,117,29.33,111.9,94,12.79,204.6,144,7.77,7.4,7,1.9,1,no
USR-13631,藤田 明美,NY,76,area_code_510,no,no,0,245.1,88,37.5,215.7,105,17.35,212.5,52,8.37,9.3,5,2.98,1,no
USR-13632,中川 裕美子,NC,57,area_code_510,no,yes,0,125.7,91,31.9,159.6,91,14.01,199.4,82,8.31,15.6,3,2.15,2,no
USR-13633,加藤 裕樹,NY,79,area_code_415,no,yes,0,240.6,120,37.89,134.5,111,19.2,214.7,116,8.32,13.0,3,2.31,2,no
USR-13634,青木 聡太郎,MO,27,area_code_415,no,no,0,295.6,105,25.86,134.5,106,18.88,132.5,100,7.32,5.3,3,1.82,4,no
USR-13635,中川 聡太郎,ND,109,area_code_510,no,yes,27,250.7,103,43.94,130.8,75,12.29,190.6,93,4.05,6.5,7,2.16,1,no
USR-13636,加藤 舞,IL,107,area_code_510,no,no,0,239.6,91,28.81,167.6,102,18.48,195.9,96,8.09,12.3,5,1.95,2,no
USR-13637,佐藤 京助,ID,154,area_code_408,no,yes,34,189.2,136,24.29,167.5,128,20.38,157.3,86,9.21,16.6,5,2.89,3,no
USR-13638,山田 陽一,WY,72,area_code_510,no,yes,1,255.3,78,7.03,187.3,127,13.87,227.5,87,9.2,15.3,4,2.81,1,no
USR-13639,石川 治,NH,127,area_code_408,no,yes,1,187.7,137,45.44,239.0,107,19.36,151.9,74,5.49,9.4,7,3.5,1,no
USR-13640,田中 加奈,HI,110,area_code_510,no,yes,36,95.2,127,14.32,185.1,114,9.71,161.3,42,6.13,11.4,4,3.25,1,no
USR-13641,橋本 明美,AZ,56,area_code_415,no,yes,0,252.7,49,29.69,194.7,88,17.35,182.5,122,6.79,8.4,4,4.7,1,no
USR-13642,中川 裕太,UT,40,area_code_510,no,no,0,192.7,95,39.81,210.6,111,24.48,232.2,106,8.15,7.3,4,3.47,1,yes
USR-13643,山田 健一,WY,100,area_code_415,no,yes,30,111.5,87,48.22,149.3,138,25.88,289.6,134,8.29,0.0,9,2.76,1,no
USR-13644,佐藤 直子,SD,87,area_code_510,no,no,0,202.9,62,29.82,180.0,119,19.43,170.2,120,9.5,15.8,2,3.86,0,no
USR-13645,前田 さゆり,NM,120,area_code_510,no,no,0,239.6,103,32.57,81.2,89,7.29,175.8,110,6.34,8.2,2,3.18,2,no
USR-13646,加藤 真綾,MD,153,area_code_408,no,no,0,158.7,117,39.5,196.9,153,11.64,143.0,104,8.35,4.3,3,0.7,1,no
USR-13647,福田 直人,MT,102,area_code_415,no,no,0,190.2,146,44.61,191.1,90,15.76,215.2,97,6.33,8.9,3,2.23,0,no
USR-13648,田中 聡太郎,NY,117,area_code_408,no,no,0,235.3,72,23.24,145.2,99,26.03,183.6,149,7.34,14.7,4,2.85,2,no
USR-13649,小林 明美,ID,50,area_code_415,no,no,0,197.9,128,38.47,242.0,74,21.94,211.9,104,7.1,15.2,2,3.89,1,no
USR-13650,山本 あすか,CT,243,area_code_415,no,no,0,228.9,60,31.47,119.7,87,20.33,155.7,113,5.12,3.8,2,2.77,0,yes
USR-13651,村上 舞,PA,119,area_code_510,no,no,0,237.8,104,27.98,271.4,127,16.92,165.3,116,10.73,14.6,3,2.86,2,no
USR-13652,佐々木 零,NH,106,area_code_510,no,yes,29,194.9,116,18.78,178.0,78,11.72,120.1,97,6.36,11.8,9,1.76,1,no
USR-13653,山本 直人,AR,78,area_code_510,no,no,0,107.4,54,34.34,73.3,84,17.4,236.7,120,5.86,13.2,3,2.84,0,no
USR-13654,近藤 京助,WI,97,area_code_510,no,no,0,220.4,64,47.14,269.3,84,19.24,215.3,109,11.92,13.4,8,2.71,2,yes
USR-13655,山下 幹,NH,69,area_code_510,no,yes,44,164.3,52,29.63,215.4,73,14.33,265.8,122,8.38,13.0,10,4.47,2,no
USR-13656,伊藤 桃子,VT,24,area_code_415,no,no,21,183.3,97,30.95,160.6,93,23.5,185.6,119,3.98,14.0,3,2.65,2,no
USR-13657,西村 稔,AR,50,area_code_408,no,no,39,277.1,132,29.46,234.6,98,12.97,120.9,99,3.38,13.6,3,3.36,3,yes
USR-13658,清水 充,NY,91,area_code_510,no,yes,31,125.3,78,30.72,152.9,91,14.92,172.2,83,8.85,12.9,9,1.73,2,no
USR-13659,橋本 くみ子,CO,108,area_code_510,no,no,34,245.8,108,23.85,289.1,108,21.52,135.3,107,9.64,10.1,3,2.42,2,no
USR-13660,山本 あすか,AR,64,area_code_408,no,no,28,189.9,91,40.3,172.2,110,20.47,282.1,83,11.91,5.6,3,3.39,1,no
USR-13661,吉田 学,MD,69,area_code_408,no,yes,35,191.6,102,24.17,268.0,112,10.05,155.9,110,7.15,9.1,3,3.51,2,no
USR-13662,加藤 和也,WI,58,area_code_510,no,no,0,258.1,106,36.02,209.2,107,16.18,170.0,68,5.41,13.5,4,2.21,1,no
USR-13663,高橋 さゆり,DC,113,area_code_408,no,no,0,173.7,67,25.63,211.2,155,16.63,185.8,77,7.78,12.7,7,3.07,4,no
USR-13664,岡本 翔太,RI,108,area_code_510,no,no,0,193.2,103,36.57,254.4,104,17.72,177.9,125,8.97,11.2,3,2.42,1,no
USR-13665,太田 健一,OK,48,area_code_415,no,yes,40,180.9,132,40.9,216.1,149,19.77,148.0,99,7.27,10.3,4,1.78,1,no
USR-13666,藤田 淳,AR,84,area_code_415,yes,yes,0,288.4,100,24.06,136.2,77,10.72,192.2,118,6.31,10.3,3,4.3,1,no
USR-13667,藤井 智也,ME,131,area_code_415,no,yes,0,215.5,92,17.72,168.9,81,16.34,216.9,89,11.59,13.6,3,2.42,0,no
USR-13668,青木 治,LA,132,area_code_510,no,no,19,287.6,113,22.98,222.1,76,23.7,192.2,91,11.33,10.9,5,3.38,3,yes
USR-13669,佐藤 亮介,MA,174,area_code_415,no,yes,45,218.3,108,33.82,159.2,86,14.97,267.7,106,6.92,5.2,3,2.52,2,yes
USR-13670,渡辺 直子,MA,36,area_code_510,yes,yes,0,138.2,90,29.8,106.3,89,15.49,180.7,93,10.98,12.3,4,2.68,1,no
USR-13671,田中 花子,NY,149,area_code_415,no,no,1,253.1,55,24.03,209.5,127,12.61,249.1,98,8.93,9.3,3,2.55,1,no
USR-13672,吉田 聡太郎,CA,90,area_code_415,yes,no,38,235.4,121,36.04,166.2,86,21.63,160.4,64,4.8,13.2,8,2.43,1,yes
USR-13673,田中 直人,PA,151,area_code_415,yes,no,0,265.5,90,25.39,323.3,113,21.94,254.5,94,8.68,6.1,3,4.23,1,yes
USR-13674,岡田 千代,HI,35,area_code_510,no,yes,24,111.1,102,37.75,269.2,130,14.8,178.9,106,9.32,10.6,3,2.5,1,yes
USR-13675,小川 里佳,IL,73,area_code_408,no,no,0,140.6,60,23.08,193.5,103,16.14,283.9,101,11.68,13.5,7,2.98,1,no
USR-13676,阿部 美加子,PA,92,area_code_510,no,no,0,136.4,79,37.99,242.7,96,19.17,164.0,44,7.27,10.6,3,5.33,1,yes
USR-13677,佐藤 和也,MT,80,area_code_415,yes,yes,0,261.0,89,49.87,193.6,88,15.66,225.9,99,8.83,7.9,3,2.75,1,no
USR-13678,木村 健一,NV,78,area_code_408,no,yes,37,202.4,109,53.27,288.3,109,19.93,151.4,115,7.2,11.1,4,2.42,3,no
USR-13679,中村 学,NH,97,area_code_510,no,no,0,166.2,112,40.8,244.8,88,20.62,148.2,122,4.09,7.2,7,3.65,4,no
USR-13680,小川 幹,UT,180,area_code_510,no,yes,40,221.9,107,25.73,218.7,101,23.2,150.1,68,9.58,7.0,0,2.95,0,no
USR-13681,村上 花子,WY,97,area_code_415,no,no,21,190.2,101,45.24,194.4,120,13.93,148.8,100,6.98,10.2,7,2.44,1,no
USR-13682,井上 修平,CA,93,area_code_408,yes,no,0,255.7,94,37.12,220.0,113,20.86,215.4,89,14.37,7.4,4,3.95,2,no
USR-13683,伊藤 直樹,FL,165,area_code_415,no,no,1,311.0,91,42.71,88.2,107,23.67,192.7,142,9.51,16.4,2,3.23,1,no
USR-13684,清水 加奈,NM,101,area_code_510,no,no,1,134.6,84,30.28,184.0,136,18.4,165.8,88,4.81,10.0,7,4.21,1,no
USR-13685,坂本 浩,KS,166,area_code_510,no,yes,36,243.3,90,36.9,222.3,87,12.4,197.3,126,10.36,5.3,3,3.1,0,yes
USR-13686,斉藤 美加子,NJ,114,area_code_415,no,no,0,277.6,36,18.4,203.7,93,14.27,221.3,80,8.86,9.5,4,5.3,2,no
USR-13687,中村 洋介,MT,224,area_code_408,no,no,0,207.6,99,31.54,181.6,65,10.98,182.4,123,4.81,9.8,3,2.99,1,no
USR-13688,藤井 裕太,WY,131,area_code_510,no,no,1,167.3,78,25.71,286.6,123,21.13,163.5,97,7.54,10.1,8,2.38,2,no
USR-13689,小林 智也,TX,100,area_code_510,no,yes,27,243.4,91,33.45,141.4,82,12.75,215.3,118,11.85,8.0,3,4.13,1,no
USR-13690,山下 篤司,PA,95,area_code_510,no,no,0,162.7,82,40.01,268.5,119,16.7,214.5,53,4.6,8.7,3,1.97,2,yes
USR-13691,伊藤 和也,MN,33,area_code_415,yes,yes,0,265.4,75,35.97,145.8,79,13.16,213.3,123,10.49,12.3,5,1.52,0,yes
USR-13692,山田 直樹,VA,66,area_code_408,no,no,0,197.0,97,38.29,205.2,90,17.88,229.5,125,6.75,10.5,3,2.09,0,no
USR-13693,藤井 拓真,ID,149,area_code_510,no,no,0,218.4,94,34.89,155.1,97,10.95,212.9,99,5.4,10.6,3,3.19,1,no
USR-13694,林 聡太郎,LA,146,area_code_415,no,no,0,187.6,81,30.82,207.3,91,19.53,283.9,121,10.35,14.0,3,3.87,3,no
USR-13695,山口 さゆり,KY,65,area_code_415,no,no,1,195.5,116,36.26,184.9,130,16.71,185.2,116,9.21,12.2,3,2.56,2,no
USR-13696,山本 結衣,MA,43,area_code_415,no,no,0,182.4,106,39.69,158.9,103,15.02,130.5,156,5.96,12.9,9,0.97,1,no
USR-13697,坂本 裕樹,AK,95,area_code_510,no,yes,1,256.8,96,29.28,261.2,70,15.36,200.0,101,0.0,12.9,7,2.41,1,no
USR-13698,小林 太郎,TN,77,area_code_408,no,no,0,190.7,84,33.2,171.1,83,19.76,134.9,75,3.37,6.7,3,3.27,0,no
USR-13699,岡本 裕太,UT,84,area_code_415,yes,yes,40,177.8,79,23.31,221.2,83,19.26,164.5,119,8.19,6.2,4,2.43,1,no
USR-13700,鈴木 稔,GA,97,area_code_510,yes,no,0,209.6,90,27.61,152.7,100,12.42,162.6,109,6.78,11.9,10,2.64,1,no
USR-13701,佐藤 あすか,PA,84,area_code_408,no,yes,33,238.3,102,31.16,162.0,84,17.11,137.2,144,10.35,10.8,7,3.18,1,no
USR-13702,佐々木 拓真,ME,94,area_code_408,no,yes,41,180.0,82,32.83,241.9,130,17.5,214.4,82,7.73,4.3,1,2.64,2,no
USR-13703,鈴木 花子,AR,118,area_code_415,yes,yes,0,92.5,95,37.8,197.1,117,14.97,148.5,86,7.74,8.5,2,1.65,1,no
USR-13704,森 学,IL,141,area_code_415,no,yes,0,276.9,56,50.95,239.4,100,20.0,259.5,92,6.46,5.2,3,3.15,1,no
USR-13705,佐藤 直子,CT,79,area_code_415,no,no,36,50.2,82,49.94,120.9,91,14.7,147.9,90,1.0,9.3,3,3.64,2,no
USR-13706,橋本 知実,NY,103,area_code_408,no,no,0,85.8,100,24.28,183.7,134,9.53,203.5,125,9.34,10.8,4,2.98,4,yes
USR-13707,高橋 太郎,FL,46,area_code_510,no,no,0,215.7,87,38.5,124.9,100,16.24,208.9,113,10.28,11.1,11,3.41,3,yes
USR-13708,岡本 くみ子,NJ,177,area_code_510,no,yes,1,213.7,116,21.49,228.4,98,7.63,154.7,115,5.61,7.8,3,2.03,0,no
USR-13709,渡辺 陽一,PA,109,area_code_415,no,no,0,163.7,117,23.18,169.0,161,16.81,231.8,154,12.55,14.6,10,2.06,1,no
USR-13710,山下 裕美子,DE,60,area_code_415,no,yes,39,255.6,114,31.72,144.0,76,22.08,242.2,112,7.52,11.4,4,2.87,1,no
USR-13711,山本 七夏,ID,111,area_code_415,no,no,0,247.1,100,31.44,210.7,137,26.09,161.8,65,9.25,13.7,7,3.99,1,yes
USR-13712,吉田 拓真,AZ,120,area_code_415,yes,no,0,257.1,70,29.44,157.0,127,23.57,159.3,118,10.14,11.1,3,3.34,0,no
USR-13713,岡本 美加子,NH,177,area_code_415,no,yes,0,222.4,119,37.6,282.2,90,15.49,182.6,55,4.93,3.8,3,2.36,3,no
USR-13714,山田 淳,WA,78,area_code_415,yes,yes,0,148.5,92,29.98,259.9,74,18.19,181.5,90,8.66,12.7,3,3.99,4,yes
USR-13715,池田 陽一,VT,135,area_code_415,no,no,0,164.1,127,15.13,186.2,109,16.71,240.0,85,8.23,8.4,3,2.89,1,no
USR-13716,渡辺 里佳,CT,84,area_code_415,no,yes,48,239.2,103,45.34,236.4,84,16.53,247.6,101,8.37,9.5,9,2.42,0,no
USR-13717,中村 浩,PA,92,area_code_415,no,no,0,156.2,82,36.03,260.9,77,14.58,355.0,121,5.3,15.2,2,2.44,1,no
USR-13718,田中 美加子,WI,133,area_code_415,yes,no,0,209.9,99,29.9,210.4,116,17.35,183.6,91,6.81,10.6,3,4.02,1,no
USR-13719,中村 稔,NE,201,area_code_510,no,yes,0,181.2,128,29.79,180.9,76,16.78,183.5,131,3.66,8.6,3,2.43,2,no
USR-13720,鈴木 淳,WV,70,area_code_510,no,no,32,180.8,118,34.44,161.2,129,11.98,150.2,108,3.32,9.5,3,1.94,2,no
USR-13721,田中 陽子,MD,215,area_code_408,no,no,0,151.6,113,37.3,163.6,99,16.63,192.1,109,6.44,9.9,6,2.32,1,no
USR-13722,山田 篤司,IA,24,area_code_510,no,no,0,73.2,105,36.14,266.3,130,23.97,258.5,95,6.23,14.9,3,3.26,4,no
USR-13723,斉藤 健一,FL,123,area_code_510,no,no,0,188.5,97,10.08,239.5,128,18.5,142.9,95,5.26,15.4,3,2.85,1,no
USR-13724,山田 加奈,MS,162,area_code_408,no,no,0,181.3,110,40.25,202.4,141,13.6,248.6,101,14.83,5.3,8,2.57,3,no
USR-13725,井上 くみ子,ME,66,area_code_510,no,no,0,178.9,123,9.22,274.9,87,19.68,200.6,125,9.82,15.0,7,2.67,1,no
USR-13726,高橋 さゆり,AR,84,area_code_415,no,yes,0,194.8,121,34.31,217.5,115,22.78,122.6,105,5.58,11.1,3,2.47,0,no
USR-13727,岡田 晃,NM,82,area_code_415,no,no,0,139.7,88,23.63,190.1,128,16.72,246.0,71,10.41,13.5,10,3.43,0,no
USR-13728,高橋 充,WV,159,area_code_415,no,yes,0,240.3,96,35.78,285.7,119,12.26,159.7,100,10.44,8.0,3,1.55,1,no
USR-13729,三浦 拓真,NC,149,area_code_408,no,no,30,250.0,107,34.1,165.8,101,14.31,315.4,133,6.46,9.9,4,2.94,0,no
USR-13730,高橋 浩,OH,1,area_code_415,no,no,0,166.2,120,39.24,143.3,136,14.67,197.3,59,3.27,9.5,4,3.41,1,no
USR-13731,石川 翼,NJ,145,area_code_408,yes,yes,38,250.0,72,34.29,235.3,139,18.38,198.6,77,6.51,5.8,3,3.94,2,no
USR-13732,田中 香織,AZ,108,area_code_408,yes,no,40,228.4,87,30.84,195.2,71,13.16,303.6,81,3.77,5.1,7,2.52,2,yes
USR-13733,田中 春香,FL,75,area_code_408,yes,no,26,229.7,96,24.14,234.6,106,20.88,194.2,90,7.83,7.6,7,2.79,1,yes
USR-13734,井上 直人,WI,53,area_code_415,no,no,0,166.0,110,32.77,158.9,108,11.48,119.4,119,6.57,12.6,8,1.96,1,no
USR-13735,加藤 美加子,ID,64,area_code_415,no,no,0,175.9,127,31.54,131.2,106,13.1,102.3,61,7.31,12.3,3,1.72,2,no
USR-13736,石井 明美,MN,86,area_code_510,no,yes,0,161.1,133,17.37,157.1,101,18.57,149.4,114,7.09,10.4,3,0.25,0,no
USR-13737,鈴木 知実,ID,43,area_code_415,no,no,0,192.0,94,46.23,286.8,86,11.07,306.6,98,11.79,13.1,5,3.38,1,yes
USR-13738,松本 洋介,WI,105,area_code_510,no,yes,0,162.3,117,34.2,175.7,91,14.42,286.5,98,9.83,14.4,3,1.77,1,no
USR-13739,吉田 聡太郎,SD,118,area_code_415,no,no,0,121.8,95,34.46,171.8,101,12.16,288.3,104,6.08,8.0,5,3.22,1,no
USR-13740,藤井 聡太郎,ID,82,area_code_510,no,no,0,157.2,147,30.27,208.6,108,11.17,202.0,63,8.11,9.6,4,4.23,1,no
USR-13741,村上 香織,KY,75,area_code_510,yes,no,1,227.7,56,25.03,212.3,85,17.6,122.0,87,7.92,10.5,9,1.77,1,no
USR-13742,森 真綾,IA,116,area_code_510,no,no,0,328.2,100,38.16,254.8,110,16.33,95.5,87,4.66,10.9,2,4.19,1,no
USR-13743,清水 太郎,NY,139,area_code_415,yes,no,0,150.8,104,13.34,313.2,151,24.13,148.7,112,15.04,12.9,3,2.26,1,yes
USR-13744,鈴木 裕樹,UT,173,area_code_408,yes,yes,0,234.4,42,29.22,218.2,102,13.1,271.8,57,4.94,5.1,3,3.28,0,no
USR-13745,村上 拓真,MA,76,area_code_415,yes,yes,35,244.8,79,34.49,181.5,87,15.22,218.3,115,9.69,7.7,2,0.5,0,yes
USR-13746,青木 淳,CA,96,area_code_415,yes,yes,31,177.4,124,46.35,238.8,95,17.69,240.4,127,5.58,12.6,8,3.1,1,no
USR-13747,斎藤 学,TN,159,area_code_510,no,no,29,252.2,122,27.48,174.1,106,14.13,198.8,90,8.88,11.4,3,3.56,4,no
USR-13748,松本 美加子,MS,107,area_code_510,no,no,25,208.3,109,42.49,143.7,76,13.81,137.3,115,6.66,12.6,9,3.32,1,no
USR-13749,石井 美加子,MA,90,area_code_408,no,yes,0,216.0,110,28.34,276.5,101,15.93,186.3,106,9.27,7.3,4,1.8,0,no
USR-13750,井上 浩,OK,30,area_code_510,no,no,31,105.5,107,41.66,196.7,121,22.12,161.8,121,10.16,7.6,3,2.27,1,no
USR-13751,吉田 智也,ME,35,area_code_415,no,no,35,199.9,86,39.88,110.0,83,21.94,104.2,43,5.34,14.6,7,3.68,2,no
USR-13752,井上 直人,MO,90,area_code_408,no,no,0,257.9,95,36.35,320.4,117,14.24,170.8,88,8.03,10.9,3,4.93,1,no
USR-13753,松田 花子,MN,60,area_code_415,no,no,0,149.6,89,32.37,172.6,76,21.8,170.2,89,7.98,7.5,3,2.02,1,no
USR-13754,斎藤 英樹,ND,150,area_code_415,no,yes,0,244.7,87,18.78,175.4,85,22.85,257.4,140,9.52,7.9,5,2.31,1,no
USR-13755,山田 裕美子,HI,95,area_code_510,no,no,0,139.2,125,29.58,264.1,124,11.44,181.9,64,2.75,10.0,3,3.25,1,no
USR-13756,田中 淳,WV,75,area_code_415,no,no,26,206.1,112,40.97,135.6,111,13.31,194.7,153,9.08,10.2,3,2.77,1,no
USR-13757,鈴木 美加子,TX,190,area_code_408,yes,no,0,269.2,105,22.94,180.1,82,23.23,229.4,89,7.12,7.9,9,3.13,5,yes
USR-13758,田中 陽子,NY,71,area_code_415,yes,no,32,137.0,109,12.91,206.6,96,16.65,189.2,152,5.9,10.0,2,3.39,0,yes
USR-13759,岡本 香織,CO,72,area_code_408,no,no,0,210.8,63,30.63,212.5,69,16.81,212.9,109,2.0,14.9,3,3.16,1,no
USR-13760,小林 晃,WY,91,area_code_510,no,yes,43,243.5,109,29.44,213.3,123,14.09,234.6,76,9.19,15.3,2,3.4,1,no
USR-13761,石井 英樹,WY,135,area_code_408,yes,no,0,179.1,85,31.88,190.6,106,18.86,230.2,123,9.02,8.0,7,3.56,1,no
USR-13762,中川 美加子,DC,194,area_code_408,no,yes,0,171.4,79,17.75,155.8,139,14.35,190.5,101,15.44,7.9,2,1.43,1,no
USR-13763,田中 香織,OR,190,area_code_415,no,yes,0,223.2,110,59.76,158.0,136,18.32,183.6,134,5.65,9.5,3,1.38,2,yes
USR-13764,池田 知実,AL,62,area_code_415,no,no,0,203.3,126,42.84,226.0,111,16.54,113.1,123,0.52,8.0,9,2.38,2,no
USR-13765,伊藤 裕美子,CO,119,area_code_408,no,no,0,212.4,65,22.57,269.3,158,28.64,191.6,136,9.87,10.5,4,2.22,4,yes
USR-13766,田中 学,KS,212,area_code_415,yes,no,0,227.8,103,22.91,208.1,64,16.21,235.6,97,12.87,7.1,4,4.44,1,yes
USR-13767,太田 洋介,RI,115,area_code_510,no,no,1,296.4,84,25.91,186.0,90,14.94,90.6,105,3.74,11.9,3,3.4,1,no
USR-13768,高橋 洋介,OR,148,area_code_408,yes,no,0,351.5,96,20.86,220.7,120,15.74,177.0,73,6.35,11.5,3,2.66,4,yes
USR-13769,阿部 花子,OR,86,area_code_415,yes,no,0,238.2,133,31.92,163.0,100,18.78,151.7,83,7.78,9.0,4,3.61,0,no
USR-13770,松本 真綾,SD,169,area_code_415,no,yes,0,202.0,142,14.85,200.0,98,9.99,172.6,100,6.67,6.5,4,2.22,1,yes
USR-13771,斎藤 智也,ME,121,area_code_408,no,yes,28,125.7,113,34.76,270.4,108,20.46,170.8,141,9.48,11.0,3,2.14,1,no
USR-13772,池田 裕美子,VA,79,area_code_415,no,no,0,201.3,87,36.37,204.0,113,14.51,180.0,111,9.28,13.9,3,2.37,1,no
USR-13773,田中 翼,MT,82,area_code_415,no,yes,0,215.5,102,37.82,177.1,101,18.75,212.0,99,3.32,11.6,3,4.1,1,no
USR-13774,加藤 あすか,ME,95,area_code_510,no,no,31,212.6,97,40.38,150.0,118,19.22,171.6,85,12.38,11.9,8,2.47,1,yes
USR-13775,長谷川 涼平,TX,117,area_code_510,no,no,0,270.6,116,38.49,312.9,86,15.35,169.9,86,5.69,14.2,8,2.44,1,no
USR-13776,森 明美,TN,66,area_code_408,yes,yes,0,251.6,108,45.94,211.8,101,19.26,183.0,92,3.04,9.5,7,5.05,0,no
USR-13777,斎藤 美加子,NM,112,area_code_510,yes,no,0,292.7,101,28.31,132.5,94,18.1,247.1,81,6.35,11.9,7,4.19,0,no
USR-13778,近藤 あすか,CO,75,area_code_510,no,no,0,240.6,120,31.73,247.9,136,18.24,199.5,110,4.97,7.5,3,2.69,1,yes
USR-13779,山口 太一,CA,57,area_code_510,yes,yes,0,201.8,116,47.69,231.6,134,10.85,187.3,47,12.06,12.0,2,3.04,1,yes
USR-13780,田中 千代,OK,194,area_code_415,no,yes,1,176.8,106,44.39,216.4,157,17.66,157.0,117,2.7,3.0,3,0.96,0,no
USR-13781,中島 裕太,OH,27,area_code_415,no,no,37,177.8,92,17.22,178.7,111,14.73,155.0,116,8.68,14.9,3,2.9,4,no
USR-13782,近藤 健一,SD,171,area_code_415,no,yes,32,194.4,96,23.99,190.2,115,18.03,157.6,121,7.86,8.7,3,2.94,1,no
USR-13783,加藤 陽一,ND,100,area_code_408,no,yes,0,238.8,103,29.52,152.6,71,19.09,185.2,96,10.16,13.1,5,3.76,4,no
USR-13784,高橋 洋介,WY,31,area_code_415,no,yes,0,297.2,59,36.13,114.9,68,21.01,188.9,108,4.88,11.1,4,3.72,4,yes
USR-13785,山田 裕美子,AR,120,area_code_408,no,yes,37,276.6,99,28.09,212.2,149,14.51,227.8,96,2.8,14.6,3,2.66,2,no
USR-13786,井上 さゆり,KY,84,area_code_415,no,no,38,202.7,57,25.1,225.6,94,19.71,205.3,67,3.19,8.9,8,2.61,1,no
USR-13787,山崎 結衣,HI,93,area_code_415,no,yes,0,225.4,86,31.84,163.9,99,14.35,220.3,63,6.9,14.2,6,3.75,1,yes
USR-13788,岡田 洋介,NY,114,area_code_415,no,no,0,193.7,93,34.12,267.1,125,22.5,267.6,89,5.45,7.5,3,1.76,1,yes
USR-13789,山田 結衣,RI,137,area_code_510,no,yes,0,144.7,86,39.91,131.2,120,11.67,157.2,76,9.56,9.7,5,1.16,0,no
USR-13790,石川 香織,OR,107,area_code_408,yes,no,0,202.3,88,28.8,259.0,74,16.53,216.1,102,8.08,9.4,3,3.93,2,no
USR-13791,西村 健一,SD,128,area_code_510,yes,yes,0,203.6,82,40.24,128.0,82,15.05,134.8,63,8.86,10.1,7,2.12,1,yes
USR-13792,近藤 裕太,AK,55,area_code_408,no,no,0,264.2,93,34.76,161.4,91,18.37,165.8,78,10.97,10.2,3,2.57,1,no
USR-13793,山本 さゆり,ND,97,area_code_415,no,yes,40,154.0,96,22.57,206.9,113,24.14,166.2,136,10.83,6.0,3,3.26,0,no
USR-13794,山本 零,OK,130,area_code_415,no,no,0,351.5,111,30.73,301.0,93,14.78,161.8,94,9.93,6.3,4,4.49,1,no
USR-13795,吉田 真綾,WY,137,area_code_408,no,yes,45,155.3,98,41.24,195.7,106,23.73,189.5,77,8.47,8.9,8,3.02,1,no
USR-13796,佐藤 桃子,WY,62,area_code_408,no,no,0,236.7,50,20.13,174.6,109,17.35,152.8,55,8.67,10.2,3,2.31,3,no
USR-13797,吉田 七夏,VA,56,area_code_415,no,no,0,171.4,112,16.48,195.8,84,15.64,146.9,144,9.7,11.1,7,3.04,4,no
USR-13798,鈴木 拓真,CA,124,area_code_415,yes,no,0,156.7,95,25.34,208.5,116,23.17,159.1,102,8.22,10.8,3,4.74,2,yes
USR-13799,山田 英樹,UT,24,area_code_510,no,yes,32,218.5,101,38.44,88.9,130,19.83,186.0,54,8.33,9.8,7,3.74,0,no
USR-13800,高橋 舞,CO,175,area_code_408,no,no,0,201.6,84,47.24,219.9,101,15.32,185.8,64,7.79,11.2,3,4.78,1,no
USR-13801,田中 里佳,NE,118,area_code_415,no,no,0,243.8,119,38.07,269.5,78,27.08,151.6,103,8.28,10.0,3,3.62,1,no
USR-13802,伊藤 くみ子,PA,69,area_code_415,no,no,1,258.3,84,45.45,291.1,121,17.32,134.9,120,1.2,11.4,3,1.8,1,no
USR-13803,石川 里佳,VT,148,area_code_415,yes,yes,0,210.6,100,34.33,232.3,69,14.48,207.7,108,7.43,9.8,3,3.93,1,no
USR-13804,村上 知実,AK,107,area_code_510,no,no,0,213.2,135,18.45,187.5,116,17.37,176.8,67,6.64,9.2,3,2.78,4,yes
USR-13805,佐藤 篤司,OK,183,area_code_415,no,no,1,282.3,91,51.32,193.7,117,14.67,123.4,84,4.54,5.7,3,3.59,1,no
USR-13806,伊藤 裕美子,HI,107,area_code_415,no,yes,0,192.9,75,23.61,126.3,126,17.47,165.6,95,11.82,10.8,4,2.74,0,yes
USR-13807,藤田 裕樹,DE,145,area_code_415,no,no,0,291.7,100,49.01,219.9,90,11.72,224.9,129,4.97,10.7,4,1.9,1,no
USR-13808,松本 晃,DE,97,area_code_415,no,yes,0,259.9,98,37.08,183.5,101,17.01,118.3,80,7.98,12.2,4,2.2,1,yes
USR-13809,藤原 春香,NY,75,area_code_510,yes,no,1,235.7,70,29.12,230.0,112,11.26,188.7,28,5.92,6.5,4,4.34,2,yes
USR-13810,高橋 零,NH,122,area_code_510,no,yes,28,206.8,121,28.1,201.3,90,20.01,201.4,83,4.48,11.3,3,2.04,1,no
USR-13811,伊藤 里佳,DC,147,area_code_408,no,yes,0,189.2,105,47.55,198.7,84,10.41,242.3,116,6.07,14.4,8,1.99,1,no
USR-13812,山崎 桃子,ME,155,area_code_415,no,no,0,134.8,99,21.56,192.0,80,15.7,206.4,109,4.2,7.9,3,3.19,1,no
USR-13813,佐藤 晃,NJ,103,area_code_510,yes,no,0,290.8,93,44.39,232.7,77,16.61,160.9,89,3.32,4.8,3,3.16,2,yes
USR-13814,中村 英樹,DC,154,area_code_510,no,yes,1,259.0,88,36.0,257.8,124,19.74,198.0,48,7.24,9.7,4,3.42,1,yes
USR-13815,小林 充,NJ,93,area_code_408,no,no,24,195.6,98,31.03,195.5,68,22.12,225.1,92,9.92,10.8,3,3.1,1,yes
USR-13816,佐藤 直人,DE,194,area_code_510,no,no,0,216.4,66,29.94,243.4,84,16.89,160.9,110,0.0,8.3,10,2.13,2,no
USR-13817,小林 聡太郎,OR,54,area_code_415,yes,no,0,162.8,90,25.63,190.6,120,12.54,162.8,97,9.54,12.4,6,2.54,1,yes
USR-13818,清水 康弘,ID,133,area_code_408,no,no,0,246.8,75,24.05,282.1,132,11.77,119.8,77,9.13,11.2,7,3.04,2,no
USR-13819,石川 春香,NM,82,area_code_510,no,yes,1,206.2,90,28.19,239.8,140,27.61,266.9,81,8.79,10.7,3,3.46,1,no
USR-13820,渡辺 真綾,SD,33,area_code_408,no,no,0,161.8,69,41.46,175.3,97,11.93,206.8,102,7.14,11.6,5,2.05,2,no
USR-13821,高橋 幹,PA,145,area_code_510,no,no,0,299.9,52,41.01,130.2,144,22.99,183.4,85,5.04,10.1,3,3.77,6,no
USR-13822,鈴木 淳,TX,175,area_code_415,no,no,40,229.4,146,36.98,242.3,81,18.85,107.9,106,5.85,8.3,3,2.36,1,yes
USR-13823,佐藤 聡太郎,WY,189,area_code_415,no,yes,1,154.3,102,23.89,181.8,120,12.6,125.1,116,7.96,8.1,4,2.88,1,no
USR-13824,岡田 七夏,MT,136,area_code_415,no,yes,36,181.6,93,40.16,164.0,98,18.61,181.4,122,9.74,12.1,7,3.26,1,no
USR-13825,前田 裕樹,SC,105,area_code_408,no,no,31,257.4,120,25.71,252.0,94,20.41,214.6,70,2.86,9.0,6,2.41,0,yes
USR-13826,佐々木 幹,MS,58,area_code_408,no,no,0,247.6,119,38.96,186.5,117,17.12,212.4,73,13.3,10.1,3,3.48,1,no
USR-13827,伊藤 真綾,MA,186,area_code_408,no,yes,37,239.0,88,24.38,138.3,80,12.86,198.4,56,7.59,10.2,7,3.89,1,no
USR-13828,石井 結衣,UT,97,area_code_415,no,no,27,222.4,126,22.46,292.8,98,11.26,159.1,118,5.55,9.4,3,3.14,3,no
USR-13829,井上 桃子,NE,77,area_code_415,no,yes,0,318.1,72,35.46,222.7,73,13.46,202.0,105,5.31,7.0,3,4.27,1,no
USR-13830,遠藤 七夏,CO,136,area_code_510,no,no,0,180.1,115,27.56,219.1,75,14.65,150.3,66,4.19,12.8,3,1.5,3,yes
USR-13831,高橋 真綾,AL,185,area_code_510,no,yes,41,219.8,76,31.15,69.3,104,15.56,201.7,96,9.37,6.4,7,2.67,4,no
USR-13832,斉藤 稔,SD,178,area_code_408,no,yes,0,218.4,107,21.45,190.3,128,13.58,130.3,79,7.49,11.0,7,1.79,1,yes
USR-13833,高橋 結衣,WY,51,area_code_415,no,no,1,199.4,119,26.94,200.7,117,10.3,136.6,80,4.56,7.7,8,2.9,1,no
USR-13834,森 くみ子,WA,119,area_code_408,no,yes,37,188.5,110,36.14,271.8,121,15.89,160.9,111,8.58,8.4,3,4.38,1,no
USR-13835,鈴木 陽一,OH,49,area_code_510,yes,no,23,221.0,80,43.5,168.3,88,16.39,260.7,93,11.19,13.2,9,3.5,0,yes
USR-13836,小川 直子,IL,110,area_code_510,no,no,0,279.1,84,25.47,189.3,131,15.84,117.0,101,10.54,13.5,8,2.36,2,no
USR-13837,岡田 直人,DC,128,area_code_408,no,no,0,177.2,129,34.64,264.7,118,17.34,210.0,91,6.43,9.4,10,3.03,2,no
USR-13838,石川 桃子,DC,91,area_code_415,no,yes,0,173.3,106,33.71,201.2,62,24.74,176.0,66,7.39,11.5,4,3.98,2,no
USR-13839,田中 舞,CT,114,area_code_510,no,yes,46,221.8,92,38.23,312.1,118,19.19,239.9,57,6.96,8.5,10,2.61,1,no
USR-13840,石井 零,MS,85,area_code_510,no,no,0,40.9,102,32.04,291.0,108,11.14,186.1,112,7.13,13.2,7,1.55,1,no
USR-13841,小林 あすか,RI,118,area_code_510,no,no,0,164.2,66,33.84,170.1,112,16.95,222.6,83,9.1,12.8,3,2.61,2,no
USR-13842,伊藤 浩,MS,73,area_code_415,no,yes,36,136.8,90,21.2,239.6,77,17.59,234.1,49,1.46,12.9,2,3.34,1,no
USR-13843,岡田 裕樹,WV,115,area_code_415,no,no,0,341.8,93,50.34,249.5,102,23.18,220.8,118,8.43,4.1,3,2.57,2,yes
USR-13844,池田 修平,VT,103,area_code_510,no,yes,41,141.7,91,31.27,205.6,63,18.56,208.2,89,8.56,11.5,4,3.22,1,no
USR-13845,山下 陽一,RI,51,area_code_415,no,yes,0,263.9,78,23.99,189.3,117,15.47,171.4,156,6.11,7.4,8,2.64,2,no
USR-13846,林 太郎,KS,170,area_code_415,no,no,0,194.6,89,33.32,174.8,111,17.84,174.8,55,3.2,13.1,5,3.13,3,no
USR-13847,山本 くみ子,DC,147,area_code_510,no,no,31,174.6,80,54.16,141.7,78,15.36,106.1,115,8.71,9.0,18,1.89,1,no
USR-13848,田中 京助,TN,136,area_code_408,no,no,0,120.0,92,21.96,284.8,120,25.58,165.9,146,7.63,11.1,3,3.23,0,no
USR-13849,藤井 幹,MS,122,area_code_415,no,yes,0,126.9,85,31.32,170.2,131,13.27,165.6,118,8.61,8.1,3,2.32,1,no
USR-13850,松田 くみ子,KS,88,area_code_408,no,yes,29,236.0,123,28.77,168.6,62,20.32,159.6,113,8.83,6.6,3,1.78,3,yes
USR-13851,伊藤 拓真,ND,31,area_code_408,no,yes,40,267.8,52,35.73,125.4,110,19.16,273.2,134,7.94,9.6,3,3.66,1,no
USR-13852,清水 英樹,ME,138,area_code_415,no,yes,35,231.3,64,46.7,225.5,123,13.28,265.4,121,13.81,5.4,3,3.05,0,no
USR-13853,西村 さゆり,TX,174,area_code_408,no,yes,0,119.2,89,17.62,188.6,127,16.23,148.4,88,7.26,8.3,8,3.17,2,no
USR-13854,鈴木 真綾,KS,119,area_code_408,no,yes,0,120.7,119,37.21,210.7,84,21.6,234.2,132,10.67,5.0,7,2.76,3,no
USR-13855,山下 千代,DC,94,area_code_510,no,no,1,257.1,55,21.8,222.0,132,19.22,262.6,75,8.82,8.2,3,2.82,1,yes
USR-13856,中川 太一,OR,152,area_code_408,no,no,0,248.3,91,37.1,118.6,126,16.59,175.2,113,10.43,11.6,4,1.53,2,no
USR-13857,山崎 裕美子,PA,153,area_code_510,no,no,0,230.2,129,48.51,221.5,87,13.55,180.6,105,5.23,10.0,3,2.76,1,yes
USR-13858,小川 直樹,HI,129,area_code_408,no,yes,1,195.4,100,17.3,210.0,112,22.23,217.9,87,9.99,9.0,3,2.63,2,no
USR-13859,加藤 直人,AZ,152,area_code_510,no,no,0,177.7,112,29.83,217.9,114,18.63,142.6,113,9.19,13.7,3,2.39,4,no
USR-13860,伊藤 健一,CT,117,area_code_510,no,no,0,178.8,104,22.48,256.8,92,10.06,124.1,74,5.8,12.7,8,2.29,0,no
USR-13861,伊藤 英樹,KS,87,area_code_415,yes,no,0,276.7,129,43.41,131.7,84,8.64,236.4,98,8.78,8.5,6,2.86,2,yes
USR-13862,森 里佳,NH,82,area_code_415,no,yes,31,173.9,113,17.33,188.0,80,24.37,225.6,79,12.22,3.0,3,2.09,1,no
USR-13863,伊藤 さゆり,OK,205,area_code_415,no,no,1,196.0,107,45.84,293.0,108,20.5,121.5,91,3.79,11.0,3,1.94,1,yes
USR-13864,伊藤 翔太,SD,59,area_code_415,no,yes,0,84.2,110,25.09,179.8,92,18.63,145.6,119,4.58,7.7,4,2.55,2,no
USR-13865,長谷川 香織,PA,89,area_code_415,yes,yes,0,271.7,113,27.11,219.8,135,12.64,62.0,93,11.38,12.2,3,3.92,1,yes
USR-13866,吉田 春香,MO,114,area_code_408,no,yes,1,205.4,109,28.91,154.8,132,10.51,185.8,97,8.09,14.4,3,2.39,1,no
USR-13867,松本 さゆり,FL,87,area_code_408,yes,no,0,175.3,88,46.21,203.0,117,21.35,132.1,114,9.84,8.0,5,1.75,3,no
USR-13868,石井 充,MN,79,area_code_415,no,no,35,128.9,116,35.07,217.6,98,14.56,239.5,69,5.18,10.0,2,3.0,2,no
USR-13869,伊藤 花子,CT,130,area_code_510,yes,yes,0,263.3,110,33.25,268.4,104,19.67,216.1,110,9.19,11.1,2,4.21,0,no
USR-13870,斎藤 桃子,WV,157,area_code_510,no,no,0,216.3,125,24.63,177.3,129,23.14,243.3,107,6.44,11.6,4,2.49,1,yes
USR-13871,加藤 和也,GA,99,area_code_415,no,yes,0,197.6,123,35.12,225.3,82,12.59,211.0,101,8.23,10.7,10,3.74,3,no
USR-13872,佐々木 里佳,IA,67,area_code_415,no,yes,47,261.2,102,16.87,175.0,87,16.71,194.6,70,8.34,8.3,6,4.21,0,no
USR-13873,加藤 和也,MD,71,area_code_408,yes,no,0,262.7,91,20.54,111.7,148,18.71,155.0,93,13.66,12.5,3,1.77,3,yes
USR-13874,山口 里佳,IN,94,area_code_408,no,no,0,176.8,86,23.72,128.2,85,24.97,189.2,87,6.96,13.1,7,3.06,0,no
USR-13875,森 京助,WV,139,area_code_510,no,no,31,143.2,102,30.89,259.7,95,6.78,222.4,71,10.72,10.1,3,2.14,1,yes
USR-13876,石川 結衣,OK,62,area_code_415,yes,yes,40,174.2,111,37.82,182.7,92,24.88,223.8,92,10.31,7.0,3,2.48,2,yes
USR-13877,小林 知実,MT,84,area_code_415,no,yes,39,227.7,71,31.12,191.2,112,18.12,116.4,78,5.13,12.3,6,5.33,2,no
USR-13878,吉田 里佳,VA,164,area_code_415,no,no,0,190.3,64,31.02,194.1,86,10.39,108.7,96,0.41,7.4,3,2.85,1,no
USR-13879,石川 拓真,PA,85,area_code_408,no,no,0,138.7,112,23.41,310.4,108,14.97,158.0,61,1.38,11.6,3,3.22,2,no
USR-13880,小林 健一,KY,94,area_code_510,yes,no,0,258.1,88,38.77,281.7,80,19.58,165.5,84,6.47,5.4,3,3.27,2,no
USR-13881,山口 くみ子,MO,104,area_code_415,yes,no,0,225.3,98,25.48,308.4,117,21.52,127.7,116,9.1,7.3,8,4.56,2,yes
USR-13882,佐々木 七夏,VT,97,area_code_408,yes,no,0,241.5,88,40.65,220.7,80,17.07,140.3,104,5.32,13.5,9,2.97,1,yes
USR-13883,三浦 直子,MS,96,area_code_415,no,no,0,231.8,116,37.31,103.6,115,15.18,40.8,102,9.05,7.0,5,1.97,2,no
USR-13884,松本 さゆり,VT,190,area_code_415,no,yes,0,176.6,75,26.97,187.9,100,17.68,194.7,93,4.29,9.9,3,3.12,1,no
USR-13885,斉藤 七夏,NY,95,area_code_408,yes,no,1,230.9,63,20.02,304.8,126,15.12,257.7,105,7.54,7.5,2,2.6,1,no
USR-13886,中島 明美,MN,104,area_code_415,no,no,0,154.3,82,40.63,254.2,86,8.74,191.5,117,6.74,15.0,3,3.0,2,no
USR-13887,佐々木 舞,CT,148,area_code_415,no,no,0,221.9,68,46.48,152.8,105,14.46,157.9,105,5.95,10.1,8,3.09,4,no
USR-13888,中村 結衣,MT,104,area_code_415,yes,no,0,198.0,113,39.55,257.1,79,12.48,41.5,51,8.78,9.2,3,3.68,1,yes
USR-13889,鈴木 知実,LA,202,area_code_415,no,yes,32,243.0,98,34.1,226.8,88,15.62,192.6,76,12.67,10.7,3,3.03,1,no
USR-13890,渡辺 智也,WV,185,area_code_510,no,no,0,261.8,126,37.46,219.6,68,17.09,152.4,111,3.11,10.0,3,4.03,1,no
USR-13891,林 花子,LA,120,area_code_408,no,no,0,175.0,105,18.48,156.8,110,17.71,150.5,111,6.21,12.5,9,3.09,1,no
USR-13892,村上 花子,NC,61,area_code_415,no,no,0,137.8,47,56.35,248.4,140,11.94,189.6,87,9.37,6.8,6,3.11,0,no
USR-13893,遠藤 京助,FL,158,area_code_510,yes,no,29,237.6,94,47.61,151.0,92,24.05,198.9,74,11.83,12.9,8,3.11,3,yes
USR-13894,吉田 あすか,GA,125,area_code_415,no,yes,38,178.3,104,26.67,336.9,132,23.55,192.2,111,8.61,7.0,5,2.87,1,no
USR-13895,鈴木 花子,CT,143,area_code_415,no,no,0,208.6,50,27.4,169.7,93,21.18,168.7,92,8.5,9.0,3,4.09,3,no
USR-13896,松本 浩,NY,89,area_code_408,no,yes,31,213.1,113,24.72,215.0,54,14.83,129.4,93,5.72,13.6,7,2.63,3,no
USR-13897,後藤 幹,KS,73,area_code_408,no,no,0,147.0,127,19.41,320.6,108,22.45,131.8,60,9.99,14.6,6,2.25,1,no
USR-13898,佐藤 裕樹,NH,109,area_code_415,no,no,24,186.4,100,30.1,212.5,98,16.64,144.5,161,7.59,10.6,5,2.14,1,no
USR-13899,松本 美加子,CO,59,area_code_510,no,no,0,328.2,99,46.79,204.0,135,14.94,287.3,101,6.55,11.2,3,2.91,1,yes
USR-13900,清水 亮介,CA,137,area_code_408,yes,no,0,267.1,96,34.36,274.3,132,22.74,221.9,108,6.45,13.8,4,3.07,1,yes
USR-13901,太田 里佳,NY,101,area_code_510,no,no,0,78.5,86,22.59,177.8,87,20.16,187.4,119,5.45,16.2,7,2.91,1,no
USR-13902,山本 花子,WV,97,area_code_510,no,yes,0,322.2,76,27.46,192.4,118,16.96,178.3,61,4.48,9.2,6,3.24,5,no
USR-13903,林 晃,NE,100,area_code_510,no,yes,32,208.2,121,30.76,240.8,114,17.4,181.9,74,11.17,13.0,4,2.43,3,no
USR-13904,斉藤 直樹,WI,90,area_code_510,no,yes,0,320.1,128,24.97,198.0,95,23.72,173.3,86,7.94,13.5,7,2.64,0,no
USR-13905,山崎 くみ子,PA,83,area_code_408,no,yes,0,185.4,73,29.38,201.3,88,22.29,156.4,113,11.08,10.0,5,3.2,0,no
USR-13906,石井 花子,CT,126,area_code_415,yes,yes,0,310.0,126,43.69,157.0,109,20.85,201.0,131,8.45,9.0,9,2.58,0,no
USR-13907,田中 零,NV,57,area_code_415,no,no,0,193.4,131,34.63,145.4,100,9.45,252.4,117,9.76,12.1,3,1.85,1,no
USR-13908,田中 治,AZ,71,area_code_408,no,yes,29,189.0,99,35.42,145.5,93,21.49,280.4,67,9.78,10.3,5,2.66,1,no
USR-13909,橋本 京助,NH,82,area_code_510,no,yes,0,172.7,105,35.51,331.9,127,18.51,242.0,114,9.35,12.4,3,2.85,0,no
USR-13910,渡辺 裕太,MI,173,area_code_415,yes,yes,29,173.4,123,34.7,173.3,111,21.56,125.2,106,3.23,2.5,9,1.73,1,yes
USR-13911,小林 桃子,MT,114,area_code_408,no,yes,38,194.9,105,16.09,193.0,131,21.43,160.3,59,1.6,8.2,8,3.55,1,no
USR-13912,清水 陽一,NJ,146,area_code_415,no,no,0,160.5,89,18.99,181.2,123,17.15,142.2,96,7.06,8.2,6,3.14,1,no
USR-13913,岡本 くみ子,VT,130,area_code_510,no,no,0,304.3,62,31.47,243.0,105,20.9,166.5,109,9.14,9.9,2,3.21,0,no
USR-13914,山本 晃,NJ,14,area_code_408,no,no,0,133.1,72,9.18,123.0,102,10.84,159.8,106,3.39,15.7,6,4.81,1,no
USR-13915,伊藤 里佳,KY,165,area_code_415,yes,yes,1,257.0,104,42.66,180.8,107,15.06,179.4,100,6.2,5.6,7,3.03,1,no
USR-13916,阿部 加奈,NH,126,area_code_408,no,no,0,123.6,94,33.32,205.1,110,15.2,166.3,96,14.45,8.7,2,2.04,2,no
USR-13917,太田 加奈,MN,104,area_code_415,yes,no,27,149.5,54,36.77,203.3,105,18.31,252.4,116,7.03,12.2,6,2.94,2,yes
USR-13918,中村 明美,ND,176,area_code_415,yes,yes,0,223.5,91,49.34,188.6,98,19.16,358.2,110,6.85,10.0,1,2.99,1,yes
USR-13919,松本 京助,TX,166,area_code_415,no,yes,0,248.4,88,36.99,213.9,90,19.56,227.6,103,6.45,8.9,8,3.56,2,no
USR-13920,佐藤 千代,MN,108,area_code_510,yes,yes,31,153.7,65,33.98,257.7,123,15.01,142.2,82,8.7,13.6,7,2.53,3,no
USR-13921,中村 里佳,DE,93,area_code_415,no,no,0,242.4,98,38.1,191.5,114,22.76,196.8,58,8.52,11.4,3,1.98,1,yes
USR-13922,佐藤 くみ子,AZ,224,area_code_408,no,yes,0,195.7,79,36.75,311.2,118,19.18,132.0,107,9.33,9.0,9,3.0,0,no
USR-13923,加藤 結衣,LA,58,area_code_415,no,yes,37,186.9,119,15.72,220.0,132,22.24,168.0,101,9.85,14.2,8,3.4,1,yes
USR-13924,山本 浩,MS,104,area_code_408,no,no,0,178.4,138,27.25,219.8,93,16.63,219.6,83,6.17,13.6,3,3.58,1,no
USR-13925,小林 京助,TX,90,area_code_408,no,no,42,217.7,98,30.74,199.2,64,21.05,188.6,72,5.91,15.1,2,0.0,1,no
USR-13926,田中 幹,TN,120,area_code_510,no,no,1,196.0,113,39.0,218.1,118,19.85,139.1,49,4.77,10.0,3,1.9,1,yes
USR-13927,鈴木 拓真,ID,147,area_code_415,yes,no,0,213.2,86,36.11,92.1,103,14.41,245.4,130,7.21,10.4,3,2.93,1,no
USR-13928,橋本 充,AK,130,area_code_510,no,yes,38,174.7,125,25.56,120.9,121,11.83,76.4,121,0.8,8.9,4,2.61,1,yes
USR-13929,田中 京助,MN,112,area_code_510,yes,no,0,163.7,84,47.22,163.2,97,18.56,137.6,72,1.4,12.1,3,2.89,2,no
USR-13930,小林 真綾,IN,117,area_code_408,no,yes,30,115.0,147,33.87,230.5,128,24.8,150.3,147,5.72,5.2,3,3.03,1,no
USR-13931,吉田 康弘,LA,65,area_code_510,yes,yes,39,242.4,124,28.05,310.7,101,15.75,248.3,113,8.47,10.8,3,2.76,1,no
USR-13932,加藤 亮介,UT,48,area_code_415,no,no,0,237.5,51,34.65,243.6,138,16.03,234.6,96,7.18,9.4,3,4.45,1,no
USR-13933,中島 桃子,NM,24,area_code_510,no,yes,0,237.9,74,24.65,290.8,127,23.83,156.3,78,8.58,10.1,7,3.15,1,no
USR-13934,岡田 英樹,WV,83,area_code_510,no,yes,32,182.7,72,15.71,333.4,114,12.98,202.5,108,8.11,9.2,3,2.82,2,no
USR-13935,清水 真綾,WI,81,area_code_408,no,no,0,225.4,114,41.82,178.7,91,9.13,170.4,105,4.93,11.9,9,2.17,1,no
USR-13936,中村 香織,MT,94,area_code_415,no,yes,0,196.6,81,35.97,280.3,110,13.92,122.5,106,9.24,5.9,9,4.52,1,no
USR-13937,石井 健一,MD,139,area_code_510,no,yes,1,209.0,126,9.64,296.3,143,17.34,266.9,121,6.37,2.9,7,4.4,1,no
USR-13938,伊藤 くみ子,AL,67,area_code_510,no,yes,21,200.3,47,43.39,177.1,129,18.19,177.7,86,7.3,13.7,2,3.07,1,no
USR-13939,山崎 舞,CT,110,area_code_415,no,no,1,150.5,147,31.2,179.2,129,19.59,224.1,108,10.33,12.8,3,1.64,1,yes
USR-13940,山下 陽子,OH,120,area_code_415,no,yes,0,190.9,91,21.08,103.4,131,12.88,274.9,117,6.12,5.7,3,2.1,0,no
USR-13941,鈴木 真綾,VT,67,area_code_415,no,no,37,79.9,145,20.18,162.8,103,24.58,176.0,64,4.91,16.1,7,1.09,1,no
USR-13942,小林 幹,DC,202,area_code_415,no,no,0,222.5,110,32.5,181.9,71,18.76,260.9,75,4.99,7.8,3,2.7,1,yes
USR-13943,吉田 春香,AL,116,area_code_510,no,no,0,296.8,87,34.88,304.8,90,16.88,168.5,88,4.26,12.6,9,3.02,1,no
USR-13944,伊藤 陽子,NY,50,area_code_510,no,yes,40,236.2,63,25.92,359.3,93,17.57,244.0,100,5.83,13.8,9,3.66,1,no
USR-13945,阿部 裕樹,NH,101,area_code_415,no,no,32,303.3,81,45.05,212.7,81,14.44,244.5,46,7.4,8.9,4,3.4,0,no
USR-13946,阿部 花子,OK,93,area_code_510,no,yes,1,179.6,106,36.66,219.3,92,16.86,123.4,90,7.82,9.4,3,2.81,3,no
USR-13947,石川 花子,ME,59,area_code_408,no,no,0,208.3,83,25.3,224.6,54,20.29,193.0,112,12.31,11.3,2,3.43,1,no
USR-13948,前田 修平,NC,95,area_code_415,no,yes,31,234.6,83,22.23,174.4,126,13.48,186.6,66,5.09,11.1,7,3.71,1,no
USR-13949,高橋 明美,NM,151,area_code_510,no,no,0,289.1,91,19.95,151.5,94,10.94,142.7,114,2.23,8.3,3,2.78,1,no
USR-13950,前田 香織,IA,110,area_code_408,yes,no,0,266.5,57,33.76,123.5,123,17.09,230.7,120,5.47,7.2,7,3.69,1,no
USR-13951,山田 健一,GA,92,area_code_415,no,no,1,192.9,122,16.79,267.7,105,20.22,102.5,76,5.61,13.2,4,2.37,1,no
USR-13952,斎藤 七夏,OH,126,area_code_415,yes,no,0,260.2,52,46.99,89.0,102,17.05,228.9,114,7.13,3.8,3,2.96,7,no
USR-13953,加藤 洋介,ID,157,area_code_408,no,yes,0,211.9,123,21.13,202.7,107,17.5,159.0,83,10.48,13.9,3,3.26,0,yes
USR-13954,藤原 翼,AR,117,area_code_415,no,no,0,86.5,70,52.93,162.0,125,9.47,92.5,101,7.09,0.3,2,1.18,1,no
USR-13955,小川 陽子,HI,168,area_code_510,yes,yes,34,228.6,97,36.15,72.9,111,16.83,148.9,153,9.8,9.7,7,2.24,1,no
USR-13956,田中 晃,PA,99,area_code_510,yes,yes,0,182.7,99,34.17,179.8,129,26.4,193.3,63,10.92,14.5,7,1.99,2,no
USR-13957,高橋 千代,VT,27,area_code_408,no,no,0,160.3,108,28.18,110.4,113,13.13,157.1,100,1.68,7.9,3,2.73,4,no
USR-13958,中村 淳,VT,175,area_code_408,no,no,0,162.9,100,18.66,88.2,96,20.84,159.2,81,7.76,8.1,3,3.36,1,no
USR-13959,阿部 直人,DC,194,area_code_510,no,no,0,247.9,111,33.39,225.5,59,14.39,156.8,62,7.59,12.0,3,3.73,0,yes
USR-13960,池田 美加子,KS,161,area_code_408,yes,yes,0,191.8,106,22.84,253.2,55,18.34,258.1,119,9.56,13.6,3,2.0,1,yes
USR-13961,小林 さゆり,OR,120,area_code_510,no,no,0,174.7,125,34.99,288.9,84,16.8,286.6,154,9.56,13.7,5,2.13,0,yes
USR-13962,池田 裕美子,SC,93,area_code_408,no,no,0,219.5,65,37.8,247.6,100,18.21,238.2,139,2.17,11.2,3,3.18,1,no
USR-13963,佐藤 あすか,NY,64,area_code_408,yes,no,0,104.1,95,24.63,103.3,111,17.88,126.6,117,10.22,12.1,3,3.3,2,yes
USR-13964,山田 裕太,OR,85,area_code_415,no,yes,0,134.9,93,23.71,210.2,102,17.6,209.8,102,8.89,11.0,7,4.21,3,yes
USR-13965,中村 直樹,OR,94,area_code_415,no,no,0,214.4,88,22.29,118.2,116,26.47,235.4,105,9.83,4.4,3,3.22,1,no
USR-13966,斎藤 香織,CA,243,area_code_408,yes,yes,1,222.2,90,8.63,208.8,88,19.47,161.0,87,3.12,10.5,7,2.3,2,yes
USR-13967,佐藤 修平,WA,112,area_code_415,no,no,1,186.1,75,45.17,359.3,111,24.28,283.0,77,7.41,8.7,3,0.29,1,yes
USR-13968,鈴木 零,WY,116,area_code_510,no,yes,23,201.9,86,35.29,198.7,109,17.43,201.3,141,8.8,11.0,3,3.22,1,no
USR-13969,渡辺 七夏,GA,31,area_code_510,no,no,0,271.3,102,35.41,254.2,92,19.73,109.6,94,11.07,11.5,3,2.65,2,no
USR-13970,斉藤 あすか,NJ,114,area_code_408,no,no,0,99.8,86,49.27,192.5,115,16.64,70.4,80,6.5,11.5,7,4.12,2,no
USR-13971,西村 篤司,OH,45,area_code_408,no,no,0,229.3,75,33.74,183.1,79,24.68,226.1,89,7.67,13.7,7,2.14,1,yes
USR-13972,石井 くみ子,SD,98,area_code_415,yes,no,43,216.2,37,34.28,257.7,129,12.9,302.8,79,8.35,9.1,3,2.12,1,yes
USR-13973,村上 裕美子,OR,113,area_code_408,no,yes,36,235.0,96,13.53,268.7,66,18.49,211.7,110,10.43,9.2,8,2.81,1,no
USR-13974,加藤 修平,NV,82,area_code_415,no,no,0,107.9,103,38.68,177.0,75,16.27,166.6,98,8.71,19.1,4,3.34,1,yes
USR-13975,坂本 陽一,PA,89,area_code_408,no,yes,32,234.6,82,30.45,82.7,105,15.71,80.0,124,9.17,7.6,15,1.81,0,no
USR-13976,近藤 千代,MD,207,area_code_510,no,no,0,246.5,86,33.48,184.8,80,17.93,217.5,115,8.68,9.1,3,2.64,0,no
USR-13977,山本 千代,IN,103,area_code_408,no,no,0,223.6,116,44.99,183.4,101,19.09,264.6,157,10.97,6.4,2,2.23,1,no
USR-13978,鈴木 明美,DE,1,area_code_510,no,no,0,224.2,77,41.52,268.9,131,21.28,326.9,106,8.22,11.1,3,2.63,0,no
USR-13979,鈴木 明美,PA,105,area_code_510,no,no,0,215.7,107,45.78,279.2,73,15.96,240.9,103,8.64,10.8,2,3.1,3,no
USR-13980,伊藤 真綾,WI,98,area_code_415,no,no,0,45.0,122,22.08,220.6,108,5.19,194.9,94,9.27,10.4,3,2.37,3,no
USR-13981,田中 浩,MT,130,area_code_408,no,no,0,283.0,90,35.78,253.6,90,19.25,241.5,112,7.15,7.3,4,3.43,1,no
USR-13982,加藤 翼,OK,132,area_code_510,no,yes,35,215.0,103,33.71,182.4,126,10.89,265.0,116,6.37,11.2,9,1.69,2,no
USR-13983,吉田 学,PA,107,area_code_408,no,no,0,242.0,96,51.07,224.8,94,15.96,209.4,105,8.28,16.6,9,3.88,1,no
USR-13984,中川 舞,CO,139,area_code_415,yes,no,38,196.1,75,28.7,199.3,90,11.75,155.6,89,7.39,9.2,7,2.2,1,no
USR-13985,佐藤 翼,MS,103,area_code_415,no,yes,0,169.9,70,24.27,220.6,128,13.7,198.7,67,7.61,10.7,8,3.2,0,no
USR-13986,加藤 聡太郎,MO,93,area_code_408,no,yes,26,196.0,104,41.31,285.9,123,15.28,136.2,90,9.34,8.9,3,3.27,1,no
USR-13987,伊藤 零,IA,122,area_code_415,no,yes,0,200.2,88,27.14,212.3,140,6.16,188.9,119,4.17,9.9,10,2.65,2,no
USR-13988,加藤 花子,NC,90,area_code_415,no,yes,35,185.9,123,34.28,235.6,126,15.41,247.9,131,7.11,12.2,4,2.4,1,no
USR-13989,中村 裕樹,CT,75,area_code_510,no,yes,0,142.2,82,31.05,202.0,66,23.85,185.7,78,6.32,13.3,2,1.57,4,no
USR-13990,小川 里佳,OK,119,area_code_510,no,no,1,271.8,95,49.6,210.1,117,18.38,149.6,85,12.52,3.8,3,2.86,1,yes
USR-13991,近藤 淳,NE,153,area_code_408,yes,no,0,207.2,74,13.78,245.0,117,15.8,232.1,99,7.65,12.2,1,1.98,0,no
USR-13992,吉田 裕美子,NE,86,area_code_408,no,yes,42,200.2,104,27.06,211.1,109,17.67,114.3,61,8.12,9.4,3,3.25,3,no
USR-13993,斉藤 直子,MN,113,area_code_510,no,no,0,152.6,101,22.45,192.4,104,6.23,200.2,92,7.27,13.3,6,3.8,0,yes
USR-13994,渡辺 聡太郎,IA,96,area_code_415,yes,no,0,204.9,71,38.68,228.3,104,15.86,261.1,100,8.2,11.9,12,2.57,0,yes
USR-13995,青木 くみ子,AR,84,area_code_415,yes,no,0,210.8,99,37.54,227.8,146,9.54,66.0,51,3.08,11.8,7,2.81,1,yes
USR-13996,渡辺 陽一,LA,147,area_code_510,no,no,0,317.7,88,19.66,248.8,108,21.06,111.6,63,3.55,10.8,9,2.99,1,no
USR-13997,長谷川 裕美子,OH,176,area_code_415,no,no,0,164.0,83,35.23,250.9,86,19.57,231.3,111,12.34,9.0,8,2.96,1,yes
USR-13998,高橋 拓真,RI,170,area_code_510,no,no,0,210.9,84,54.38,359.3,128,6.89,94.4,132,6.09,8.1,7,3.11,0,yes
USR-13999,松本 あすか,KS,122,area_code_408,yes,no,1,201.8,103,24.24,277.9,63,19.47,171.2,90,7.93,10.0,3,3.24,1,yes
USR-14000,山本 康弘,WY,65,area_code_408,yes,no,41,206.4,67,34.88,269.4,111,24.38,156.0,114,6.36,9.1,5,1.37,1,no
USR-14001,中村 智也,WI,72,area_code_415,yes,no,0,190.4,107,42.0,213.2,119,17.08,151.7,107,7.06,14.9,4,3.28,3,yes
USR-14002,藤井 京助,AK,192,area_code_510,no,no,0,245.0,104,22.48,218.5,135,18.07,162.5,112,7.83,10.7,3,2.3,3,yes
USR-14003,藤井 康弘,OR,165,area_code_510,no,yes,0,291.9,122,30.93,177.0,88,16.3,264.3,104,8.97,17.0,4,2.21,0,no
USR-14004,渡辺 幹,AL,82,area_code_510,no,yes,0,78.0,101,52.34,171.0,96,18.96,229.8,52,10.27,8.5,3,2.75,1,no
USR-14005,山本 零,TN,47,area_code_415,no,no,0,179.4,126,14.88,228.6,124,13.71,166.7,132,6.07,12.4,3,2.36,1,no
USR-14006,鈴木 里佳,HI,38,area_code_510,no,no,0,177.0,92,19.02,239.3,116,19.56,277.5,90,7.01,5.0,3,5.19,1,no
USR-14007,鈴木 陽子,PA,123,area_code_510,no,no,0,185.7,100,32.86,153.0,62,14.48,226.8,80,5.0,6.2,3,3.26,2,yes
USR-14008,遠藤 健一,PA,37,area_code_415,no,no,0,170.7,108,13.9,137.4,118,22.87,216.3,21,11.55,13.0,3,2.45,0,yes
USR-14009,後藤 明美,CO,137,area_code_510,no,no,0,151.7,109,22.93,144.4,117,15.2,196.0,111,5.32,6.2,7,2.78,0,no
USR-14010,佐々木 裕美子,NC,110,area_code_510,yes,yes,41,225.2,95,29.05,176.2,87,16.05,164.3,143,3.72,10.0,3,0.76,2,yes
USR-14011,石井 直子,CO,157,area_code_510,no,no,0,248.1,87,40.91,224.8,86,16.78,192.3,110,12.81,7.2,7,2.68,1,yes
USR-14012,松田 裕美子,NY,118,area_code_415,no,yes,0,213.2,87,24.3,164.1,127,13.42,221.3,60,9.83,10.5,3,3.44,1,no
USR-14013,田中 篤司,ME,95,area_code_415,no,yes,0,135.6,97,28.07,142.2,114,17.49,86.9,37,9.11,11.4,8,2.79,1,no
USR-14014,石井 結衣,MA,116,area_code_408,no,yes,0,338.6,109,29.73,224.1,83,15.08,114.8,93,3.33,6.2,3,1.98,1,no
USR-14015,松本 涼平,DE,64,area_code_510,no,yes,31,175.7,89,32.73,228.8,103,20.3,102.4,139,6.01,9.3,3,1.54,1,no
USR-14016,佐々木 真綾,MT,94,area_code_415,no,no,37,197.5,83,34.75,166.0,114,12.34,246.3,74,9.37,10.6,3,1.05,1,no
USR-14017,西村 淳,OK,130,area_code_408,yes,no,0,237.4,121,19.82,268.7,86,22.91,216.8,88,8.11,13.4,4,3.17,1,no
USR-14018,前田 舞,IL,119,area_code_408,yes,no,27,305.6,65,24.74,211.8,109,22.86,199.3,68,4.84,11.0,5,3.09,1,no
USR-14019,渡辺 和也,UT,169,area_code_415,no,yes,0,211.3,122,31.61,228.4,113,15.72,164.9,122,7.29,8.5,12,2.74,1,no
USR-14020,鈴木 加奈,FL,120,area_code_415,no,no,36,145.0,137,28.61,222.2,114,27.21,177.2,103,11.21,11.6,6,2.88,4,no
USR-14021,西村 直子,SD,108,area_code_415,yes,no,1,243.3,89,28.6,322.3,101,16.55,193.8,126,8.31,10.7,3,2.58,1,no
USR-14022,山田 拓真,SD,101,area_code_415,no,no,1,289.9,56,34.28,273.6,108,16.72,233.7,115,4.26,15.0,3,3.14,1,yes
USR-14023,伊藤 京助,MS,87,area_code_415,no,yes,31,243.6,62,44.61,129.7,133,12.73,225.8,120,8.32,7.3,4,1.81,1,yes
USR-14024,山田 里佳,CA,64,area_code_415,yes,yes,0,171.3,113,44.61,167.8,78,11.95,204.5,85,6.8,2.5,2,3.07,0,no
USR-14025,後藤 さゆり,NV,89,area_code_408,no,no,0,175.8,103,31.36,186.3,140,16.45,147.0,59,10.12,11.6,3,2.87,0,no
USR-14026,山下 香織,WA,215,area_code_415,yes,yes,0,126.5,134,19.22,202.9,121,15.46,63.3,103,7.92,10.0,4,3.67,1,no
USR-14027,前田 涼平,UT,174,area_code_415,no,yes,44,147.4,128,27.37,194.9,108,21.15,262.2,116,1.72,3.7,3,2.96,0,no
USR-14028,中村 洋介,NE,142,area_code_510,no,yes,0,253.5,119,35.55,232.6,101,17.06,231.1,136,8.37,13.8,6,4.31,2,no
USR-14029,林 結衣,AR,72,area_code_408,no,no,0,202.2,105,41.57,201.5,141,11.84,248.1,81,13.87,14.9,8,2.26,0,no
USR-14030,中島 里佳,NC,132,area_code_415,no,no,0,217.8,64,42.96,202.4,83,17.05,113.7,74,9.71,7.2,3,2.18,0,no
USR-14031,小川 千代,TX,124,area_code_408,no,yes,0,173.9,104,32.16,157.2,109,25.35,144.3,93,8.52,12.1,3,3.3,1,no
USR-14032,高橋 真綾,WA,75,area_code_408,no,no,0,150.8,128,39.82,171.6,70,14.65,120.6,137,3.52,11.9,2,2.56,3,no
USR-14033,池田 浩,SD,68,area_code_510,no,no,0,253.8,99,37.59,208.8,148,16.03,173.6,130,10.24,8.9,3,2.08,1,yes
USR-14034,遠藤 あすか,AL,146,area_code_415,no,yes,0,155.3,124,41.53,32.4,112,19.23,234.7,150,11.52,9.9,5,3.67,2,no
USR-14035,山田 真綾,MI,111,area_code_415,no,no,0,162.5,92,26.7,196.3,127,16.03,166.2,62,11.13,11.4,3,2.1,2,no
USR-14036,後藤 修平,MN,28,area_code_415,yes,no,37,170.9,93,42.65,252.4,158,16.04,168.9,78,3.58,9.0,3,2.04,0,no
USR-14037,中村 くみ子,NY,189,area_code_415,yes,yes,0,203.5,77,25.48,194.7,74,11.33,153.8,40,3.91,14.8,3,3.02,1,no
USR-14038,井上 花子,OK,144,area_code_408,yes,no,0,197.1,106,27.28,210.1,104,20.42,165.1,111,5.36,14.4,3,2.41,1,yes
USR-14039,田中 直子,WY,120,area_code_510,no,yes,23,231.2,85,29.46,233.7,90,19.61,162.8,101,3.65,9.3,3,3.11,1,no
USR-14040,中村 あすか,VT,121,area_code_415,no,no,0,197.0,106,18.25,174.3,156,14.77,187.9,121,4.38,11.2,3,4.1,0,no
USR-14041,鈴木 直子,OR,71,area_code_408,no,no,0,215.3,94,31.0,143.3,88,17.86,136.9,94,7.78,11.6,6,1.9,1,no
USR-14042,遠藤 知実,IA,160,area_code_415,no,no,32,208.2,105,40.38,253.2,77,16.89,219.8,77,10.05,9.8,4,2.02,3,no
USR-14043,石川 加奈,CO,70,area_code_510,no,yes,41,186.9,63,38.62,301.1,104,11.43,197.0,68,4.03,11.5,3,2.88,1,no
USR-14044,山本 亮介,GA,85,area_code_510,no,yes,34,186.0,113,22.79,150.9,133,9.98,267.9,105,8.49,9.2,3,2.97,1,yes
USR-14045,佐々木 浩,MO,83,area_code_408,yes,no,0,194.9,95,35.26,127.5,105,15.14,130.3,124,4.75,3.9,4,2.79,4,yes
USR-14046,山田 陽一,DC,113,area_code_415,yes,no,0,224.4,97,29.52,132.5,123,13.97,227.9,109,6.52,12.0,3,3.9,1,no
USR-14047,山口 裕樹,VA,79,area_code_510,no,no,43,225.1,100,27.71,106.8,151,16.33,131.8,108,11.43,10.5,3,3.42,2,no
USR-14048,鈴木 康弘,KY,29,area_code_415,no,yes,0,199.4,114,45.72,170.6,92,21.52,236.0,126,8.55,4.4,5,3.18,2,no
USR-14049,清水 幹,MT,58,area_code_408,no,yes,39,168.6,119,32.88,188.9,82,19.51,177.2,132,8.35,10.1,9,3.51,0,yes
USR-14050,清水 裕美子,KY,79,area_code_408,no,yes,20,171.4,103,24.4,277.6,96,19.39,176.5,123,6.91,12.1,2,1.74,1,no
USR-14051,鈴木 里佳,NH,89,area_code_510,no,yes,0,156.1,132,17.4,186.0,160,7.36,172.1,88,4.48,15.1,11,1.57,2,no
USR-14052,山本 美加子,WY,96,area_code_415,yes,yes,36,237.4,87,35.21,192.0,70,19.57,129.8,56,8.46,10.9,10,3.21,0,no
USR-14053,山崎 裕美子,UT,77,area_code_415,no,yes,39,264.0,59,35.8,267.2,76,14.39,205.0,67,7.75,5.2,4,3.34,1,no
USR-14054,清水 涼平,NH,165,area_code_415,no,no,41,286.4,95,37.29,197.8,118,15.24,214.7,112,3.1,10.4,4,1.89,4,no
USR-14055,後藤 拓真,WA,105,area_code_408,no,yes,1,201.5,102,25.51,267.3,94,20.24,211.1,102,3.04,8.5,3,4.25,1,no
USR-14056,青木 直人,NY,122,area_code_510,no,no,26,179.9,102,37.09,170.2,105,13.12,266.0,105,10.03,9.2,12,2.53,1,no
USR-14057,阿部 和也,VT,96,area_code_415,no,no,32,246.5,79,41.37,206.8,88,12.35,215.4,65,3.3,10.6,5,3.81,0,no
USR-14058,森 学,SC,109,area_code_510,yes,no,28,265.4,93,33.89,177.9,103,9.13,185.8,82,8.95,13.4,3,2.46,0,no
USR-14059,坂本 涼平,CO,115,area_code_415,no,no,0,220.6,106,45.12,280.4,136,18.39,100.8,135,4.71,9.2,2,1.68,3,no
USR-14060,鈴木 裕樹,ME,33,area_code_415,no,yes,20,242.0,101,35.68,158.2,50,16.36,174.2,107,7.37,6.8,2,2.89,2,no
USR-14061,石川 健一,IN,159,area_code_415,no,no,0,207.8,80,41.24,235.8,117,14.57,141.4,91,3.28,12.1,3,2.5,1,no
USR-14062,岡本 充,OH,118,area_code_510,no,yes,42,185.2,75,36.66,194.9,141,18.51,175.6,106,10.06,9.6,5,1.69,1,no
USR-14063,山本 稔,NH,73,area_code_408,no,yes,0,199.5,89,31.76,190.7,89,23.65,214.5,45,5.68,16.0,8,5.15,1,no
USR-14064,岡本 零,CT,5,area_code_510,no,yes,50,232.4,99,31.54,258.2,132,17.88,84.5,70,5.32,8.8,9,3.66,1,no
USR-14065,石井 明美,DC,123,area_code_415,no,no,0,241.0,87,47.08,272.1,97,14.01,110.3,120,12.7,11.0,3,2.74,1,yes
USR-14066,佐々木 くみ子,NJ,112,area_code_415,no,no,0,232.2,97,39.87,143.9,106,19.17,154.4,73,10.62,12.8,8,5.24,1,no
USR-14067,山本 洋介,SD,125,area_code_510,no,no,0,220.6,105,49.68,200.1,103,18.13,249.6,79,10.37,15.0,3,3.19,1,yes
USR-14068,鈴木 康弘,DC,102,area_code_510,yes,no,1,202.6,100,34.27,210.5,115,11.5,174.4,83,6.37,10.7,4,3.21,3,yes
USR-14069,吉田 七夏,WY,79,area_code_510,no,yes,49,351.5,99,22.26,246.0,97,19.73,207.9,56,6.34,8.9,3,4.7,1,no
USR-14070,鈴木 治,MN,84,area_code_408,yes,no,1,243.2,94,36.04,239.0,86,17.99,200.2,70,4.46,11.2,5,2.81,3,no
USR-14071,林 千代,IA,95,area_code_510,no,yes,31,316.4,99,36.1,149.6,91,21.41,168.3,113,4.35,6.1,8,3.36,0,no
USR-14072,松本 篤司,CT,162,area_code_415,no,yes,0,243.5,96,39.14,217.6,70,15.82,184.8,134,8.72,16.0,4,3.93,1,no
USR-14073,清水 舞,MD,126,area_code_408,no,no,0,186.1,91,33.82,233.4,119,13.82,170.7,99,9.81,8.6,3,3.82,3,no
USR-14074,佐藤 幹,FL,86,area_code_408,no,yes,0,290.0,111,38.15,170.9,73,13.85,38.4,96,4.1,10.0,3,2.54,1,no
USR-14075,斉藤 太一,NH,104,area_code_408,no,yes,0,232.1,114,21.13,274.3,144,21.23,200.8,136,13.01,13.3,3,2.07,1,no
USR-14076,林 春香,NM,55,area_code_510,no,no,0,229.9,95,38.01,152.9,92,15.52,209.5,96,7.68,6.9,4,3.2,4,no
USR-14077,田中 浩,AR,72,area_code_415,no,no,38,219.0,109,37.16,242.7,106,17.52,151.1,79,10.09,13.1,3,3.02,0,no
USR-14078,高橋 淳,ID,144,area_code_415,no,no,0,218.9,112,42.13,117.9,104,18.25,156.3,121,7.61,5.5,4,2.99,0,no
USR-14079,小林 篤司,MN,115,area_code_415,no,yes,0,190.1,114,42.87,193.8,108,21.42,152.4,101,6.81,7.6,3,3.02,2,no
USR-14080,渡辺 康弘,MS,108,area_code_408,yes,no,0,196.5,72,29.98,253.0,143,9.15,183.4,102,8.52,8.8,3,1.78,0,no
USR-14081,中村 桃子,WV,102,area_code_408,no,no,0,286.4,42,28.9,157.2,122,15.28,315.0,129,11.86,0.0,5,2.7,3,no
USR-14082,加藤 直樹,OK,90,area_code_510,no,yes,45,257.7,65,51.49,118.4,131,14.51,185.3,67,9.72,4.8,9,2.52,2,no
USR-14083,加藤 浩,IL,1,area_code_408,no,no,1,165.6,70,28.0,157.6,112,15.86,188.7,77,10.04,15.7,3,3.54,1,yes
USR-14084,岡田 くみ子,AL,117,area_code_415,no,no,0,206.5,125,49.19,269.7,94,25.61,216.8,84,8.61,12.1,4,2.91,1,yes
USR-14085,小林 直樹,NE,110,area_code_510,yes,no,0,323.9,79,25.22,218.2,134,13.32,277.4,118,7.97,11.5,10,2.62,2,no
USR-14086,木村 修平,LA,126,area_code_510,no,no,0,218.7,100,54.85,141.6,97,17.19,164.1,65,6.34,8.0,3,2.53,1,no
USR-14087,福田 裕美子,HI,24,area_code_415,no,yes,40,233.4,118,33.99,164.9,115,20.16,146.0,155,5.7,10.3,7,1.91,1,no
USR-14088,橋本 春香,NY,35,area_code_408,yes,no,33,229.2,92,35.65,169.5,94,20.49,177.3,98,9.4,17.0,3,3.62,5,no
USR-14089,山崎 修平,OR,112,area_code_510,no,yes,19,174.4,64,38.59,133.7,119,20.54,227.5,120,13.02,10.0,7,3.52,1,no
USR-14090,山本 あすか,MN,162,area_code_408,no,no,45,308.6,101,18.79,138.2,149,20.79,223.9,133,4.96,9.1,5,2.85,0,no
USR-14091,中村 加奈,NE,112,area_code_510,no,yes,27,155.3,117,41.9,212.9,119,20.25,250.6,79,8.39,13.0,6,2.3,0,no
USR-14092,山田 加奈,NV,35,area_code_415,no,no,1,252.9,41,17.66,181.1,116,17.54,196.9,60,10.36,11.5,6,1.84,1,no
USR-14093,伊藤 零,LA,84,area_code_510,yes,no,0,164.3,120,34.44,165.1,95,16.16,200.6,126,7.21,9.5,6,2.44,2,no
USR-14094,松田 英樹,IL,121,area_code_510,yes,yes,0,168.0,119,27.76,274.8,124,18.88,210.8,118,6.13,13.9,5,3.42,1,no
USR-14095,斎藤 あすか,MA,114,area_code_415,no,no,0,160.8,95,38.07,130.9,116,18.4,174.7,119,3.51,6.9,6,3.21,2,yes
USR-14096,田中 京助,NJ,62,area_code_415,yes,no,0,234.9,88,39.3,171.2,123,17.41,181.9,113,2.8,11.9,3,2.07,0,yes
USR-14097,小林 真綾,VT,52,area_code_415,no,yes,0,166.2,67,25.34,303.8,97,19.67,182.3,132,11.77,8.3,3,2.06,1,no
USR-14098,木村 陽子,KS,190,area_code_415,no,no,0,233.6,125,4.54,166.8,81,20.33,193.9,99,4.7,4.2,3,2.54,1,no
USR-14099,後藤 修平,TN,115,area_code_510,no,yes,31,234.6,100,35.96,203.4,114,14.78,227.0,76,8.25,11.2,3,3.22,1,no
USR-14100,松田 英樹,MT,122,area_code_408,no,no,0,211.3,105,20.56,212.2,97,24.99,37.8,116,9.21,13.1,1,1.02,6,no
USR-14101,佐藤 あすか,VT,127,area_code_415,no,yes,44,191.0,87,38.38,148.1,97,22.77,160.4,65,2.85,11.0,4,2.38,1,no
USR-14102,田中 翔太,NJ,92,area_code_415,no,yes,1,306.6,47,36.24,313.0,104,16.84,246.0,62,6.08,11.8,3,3.88,1,no
USR-14103,鈴木 英樹,MD,165,area_code_415,no,no,21,239.0,69,31.86,172.3,126,13.3,141.9,100,8.7,12.1,3,3.75,1,yes
USR-14104,伊藤 裕太,MI,189,area_code_408,yes,yes,44,180.1,120,30.49,175.4,82,19.14,217.1,120,9.21,11.9,5,3.5,2,no
USR-14105,森 健一,ND,148,area_code_415,no,yes,28,156.6,109,34.39,295.9,108,12.93,185.9,94,11.11,7.6,3,1.7,1,no
USR-14106,長谷川 淳,SD,168,area_code_415,no,no,0,191.8,111,37.18,215.7,88,20.52,128.5,55,7.31,8.6,3,3.74,4,no
USR-14107,斉藤 治,MD,61,area_code_510,yes,no,0,266.8,112,28.57,264.4,70,20.68,174.2,113,8.96,10.3,3,3.26,3,no
USR-14108,石川 舞,WY,142,area_code_415,yes,no,0,316.8,116,42.17,100.1,95,15.19,106.8,110,13.94,7.9,2,2.13,1,yes
USR-14109,斉藤 篤司,MT,78,area_code_408,yes,no,0,194.4,120,34.32,136.6,79,20.56,135.8,74,10.71,13.7,2,1.8,1,yes
USR-14110,遠藤 英樹,MD,136,area_code_408,no,yes,0,272.9,105,11.39,180.9,95,22.36,231.7,20,4.72,7.8,7,2.68,1,no
USR-14111,渡辺 稔,MO,108,area_code_408,no,yes,35,223.4,106,31.1,181.7,98,14.81,180.6,70,3.52,12.2,18,3.17,1,no
USR-14112,佐々木 知実,GA,125,area_code_415,no,no,0,188.3,117,37.56,260.6,129,16.23,204.5,107,8.76,10.2,3,1.59,1,no
USR-14113,渡辺 千代,TX,36,area_code_415,no,no,0,276.0,98,38.55,301.6,113,23.31,155.8,36,7.05,7.7,2,2.95,4,no
USR-14114,鈴木 陽一,SD,123,area_code_510,no,no,0,260.7,107,46.12,214.5,137,16.14,213.6,147,8.04,10.1,5,0.86,2,yes
USR-14115,山田 洋介,CA,175,area_code_415,no,no,22,93.2,113,19.87,203.1,91,18.02,150.6,89,7.31,7.6,3,2.37,1,no
USR-14116,小林 幹,OR,121,area_code_415,no,no,36,199.7,66,46.45,231.7,130,18.68,146.9,66,1.03,9.9,3,4.18,0,no
USR-14117,佐藤 晃,ND,167,area_code_510,no,yes,33,209.2,101,12.7,228.0,86,11.21,157.9,122,9.05,9.7,6,3.35,1,no
USR-14118,高橋 さゆり,NV,127,area_code_408,no,no,36,307.6,135,33.73,314.7,106,20.07,60.2,99,8.0,11.4,9,3.1,1,no
USR-14119,斎藤 英樹,UT,36,area_code_415,yes,yes,29,292.7,101,34.98,110.4,75,18.85,240.9,130,6.0,15.0,2,2.69,1,no
USR-14120,阿部 舞,OR,73,area_code_510,no,no,0,174.0,107,34.51,198.5,78,20.33,173.6,60,8.95,12.4,3,1.13,0,yes
USR-14121,吉田 千代,NY,168,area_code_415,no,no,0,144.9,85,51.22,17.2,83,22.22,196.9,107,8.79,14.8,9,2.81,1,no
USR-14122,山田 和也,NE,129,area_code_510,no,yes,0,157.0,119,25.03,221.6,134,16.49,162.2,108,8.47,10.2,3,2.45,2,yes
USR-14123,中島 知実,FL,89,area_code_408,yes,no,0,254.7,91,31.44,266.1,79,15.63,178.2,78,11.99,11.8,1,2.5,2,no
USR-14124,青木 直人,MT,49,area_code_415,yes,yes,0,188.8,116,34.59,188.7,101,15.61,188.5,82,8.35,10.3,9,3.07,1,no
USR-14125,加藤 京助,UT,187,area_code_415,no,no,34,194.2,112,24.16,192.4,94,14.91,205.9,116,6.45,9.8,3,1.83,4,no
USR-14126,井上 篤司,NV,170,area_code_408,no,no,0,230.0,93,31.5,207.5,97,14.11,112.5,109,4.33,9.3,5,2.64,2,no
USR-14127,岡本 加奈,FL,158,area_code_408,yes,no,1,64.1,72,46.95,279.6,135,19.9,198.3,78,2.68,6.8,3,3.55,2,no
USR-14128,鈴木 学,CT,159,area_code_408,no,no,0,278.1,95,38.26,224.8,95,15.83,193.5,119,6.32,8.9,3,2.9,1,no
USR-14129,岡田 加奈,PA,188,area_code_415,no,yes,36,177.7,106,51.87,267.2,95,9.76,205.2,117,5.51,0.0,8,2.64,1,no
USR-14130,石井 香織,VT,123,area_code_415,no,yes,35,116.5,85,31.53,93.5,127,11.31,120.9,127,9.86,10.0,2,2.62,4,no
USR-14131,松本 直人,KS,95,area_code_415,yes,yes,0,164.8,81,34.21,280.3,110,9.91,253.9,74,6.34,9.8,2,4.72,2,yes
USR-14132,高橋 美加子,SD,93,area_code_510,yes,no,0,226.3,67,34.08,222.4,115,25.86,168.0,79,9.96,5.6,6,3.65,1,yes
USR-14133,長谷川 翔太,PA,120,area_code_510,yes,no,33,253.2,123,18.08,187.2,119,15.02,167.5,127,8.36,9.0,10,1.98,0,no
USR-14134,藤田 知実,NH,72,area_code_415,no,no,0,176.6,99,27.5,306.9,65,9.16,189.9,80,10.59,10.6,3,2.96,1,no
USR-14135,田中 陽子,NV,212,area_code_408,no,yes,37,278.4,106,40.98,221.5,105,17.3,193.9,94,5.45,11.0,4,2.83,1,yes
USR-14136,小林 拓真,WI,140,area_code_408,no,yes,0,221.1,99,46.38,220.9,115,15.23,250.8,119,6.96,8.9,9,2.54,2,no
USR-14137,渡辺 陽子,CA,99,area_code_415,yes,no,0,209.6,100,25.02,55.3,95,11.73,142.6,94,5.55,12.1,4,4.24,1,no
USR-14138,鈴木 幹,CT,53,area_code_415,no,no,0,200.8,129,44.05,273.7,122,23.34,185.3,92,11.84,8.3,4,3.45,2,no
USR-14139,小川 明美,NJ,95,area_code_415,yes,no,0,278.4,56,33.06,91.9,74,15.34,151.8,73,5.93,12.6,2,3.46,1,no
USR-14140,山田 裕樹,IN,94,area_code_408,no,yes,37,312.3,69,22.73,187.8,109,21.45,123.9,90,12.65,13.1,2,1.92,1,no
USR-14141,中村 舞,MS,17,area_code_510,no,no,0,291.9,59,39.95,201.8,89,17.3,128.1,75,12.12,11.7,9,3.03,3,yes
USR-14142,坂本 春香,OR,182,area_code_415,no,no,31,246.4,112,31.81,357.6,54,25.7,165.4,74,5.36,13.8,8,2.06,2,no
USR-14143,石井 里佳,ME,114,area_code_510,no,yes,34,278.4,126,38.39,202.8,104,25.2,148.3,108,8.83,12.4,5,1.65,0,no
USR-14144,清水 結衣,NM,96,area_code_415,yes,yes,29,92.3,133,21.72,143.0,120,19.56,180.0,86,2.99,10.0,3,2.95,4,no
USR-14145,青木 修平,CO,189,area_code_415,no,no,0,238.1,140,43.89,253.4,100,19.36,169.4,119,9.86,10.6,3,2.4,4,no
USR-14146,山田 篤司,WY,90,area_code_510,no,yes,35,211.3,97,30.74,190.1,112,20.35,219.3,72,2.62,13.9,8,4.0,1,no
USR-14147,鈴木 幹,SD,79,area_code_408,no,yes,0,252.0,112,16.76,219.5,82,21.51,173.6,128,12.87,10.6,3,2.26,2,no
USR-14148,吉田 あすか,HI,116,area_code_510,no,no,0,214.6,102,33.57,247.5,122,22.03,142.8,97,7.31,15.4,9,4.07,1,no
USR-14149,田中 美加子,MA,107,area_code_415,no,yes,0,217.9,106,28.45,288.2,105,18.76,224.6,90,3.99,9.3,4,2.31,2,no
USR-14150,林 知実,KY,95,area_code_415,no,no,0,219.6,84,46.0,206.6,152,14.94,273.2,82,12.1,8.9,2,3.41,2,no
USR-14151,池田 太一,AZ,37,area_code_408,no,no,43,216.6,62,29.06,131.8,104,20.31,163.5,69,6.36,6.8,3,1.25,1,no
USR-14152,斉藤 裕樹,AZ,145,area_code_415,no,yes,0,186.3,59,21.83,136.8,121,12.79,218.8,83,8.31,10.6,9,3.68,1,no
USR-14153,山田 明美,ME,35,area_code_415,no,no,1,212.6,126,37.36,109.1,136,15.98,197.1,88,8.33,10.5,2,4.03,0,no
USR-14154,田中 聡太郎,MA,164,area_code_510,no,yes,0,194.9,76,38.45,191.8,101,12.0,313.9,85,6.67,10.0,4,3.03,4,no
USR-14155,中村 修平,RI,87,area_code_510,yes,no,0,212.2,93,30.2,209.4,170,17.05,89.5,97,6.67,9.5,3,2.6,1,yes
USR-14156,坂本 春香,FL,124,area_code_408,no,no,0,144.4,112,44.43,276.7,101,12.26,97.2,94,5.75,10.7,3,3.08,2,yes
USR-14157,森 七夏,WY,70,area_code_408,no,no,31,241.1,111,26.86,217.5,62,18.52,193.2,101,8.52,9.7,7,3.21,1,yes
USR-14158,岡田 香織,MO,92,area_code_510,yes,no,0,178.4,125,42.3,274.1,120,15.91,142.4,107,7.21,12.5,7,4.08,1,no
USR-14159,山本 健一,ME,56,area_code_415,no,yes,30,214.5,95,12.35,156.4,89,15.59,294.6,112,14.72,19.7,3,3.11,1,no
USR-14160,井上 香織,RI,106,area_code_415,no,yes,0,240.7,103,43.64,133.8,97,10.52,228.0,108,12.31,5.2,9,3.57,2,no
USR-14161,石井 裕樹,FL,137,area_code_415,no,no,1,210.9,115,28.19,156.5,80,14.75,205.9,118,4.76,8.8,6,3.38,2,no
USR-14162,斉藤 京助,VT,50,area_code_415,yes,yes,0,124.9,84,42.73,141.2,105,17.0,116.0,75,9.59,13.0,4,2.85,1,yes
USR-14163,青木 健一,WY,119,area_code_415,yes,yes,35,206.5,88,27.74,199.6,79,17.4,96.2,101,5.89,6.0,3,1.02,1,no
USR-14164,中村 京助,SD,190,area_code_408,no,no,0,214.5,111,39.32,34.5,111,19.38,221.0,105,8.51,9.2,5,1.87,1,yes
USR-14165,中村 太郎,MD,112,area_code_415,no,yes,0,128.0,89,35.33,213.8,85,15.12,139.9,106,4.51,14.9,3,1.77,3,no
USR-14166,松本 充,MA,166,area_code_510,no,yes,32,195.6,94,32.84,225.5,101,18.39,119.6,123,4.12,8.5,8,2.13,3,yes
USR-14167,渡辺 淳,AR,78,area_code_510,no,yes,38,249.4,65,34.02,245.1,100,14.3,209.2,115,10.41,11.5,0,1.91,1,no
USR-14168,阿部 英樹,NE,90,area_code_415,no,yes,0,302.8,104,25.03,212.6,119,12.46,159.0,69,5.44,10.9,3,2.38,1,no
USR-14169,鈴木 知実,MA,124,area_code_415,yes,yes,37,202.1,111,19.04,189.1,109,16.82,110.8,98,10.36,11.8,5,3.9,2,no
USR-14170,井上 英樹,RI,113,area_code_408,no,no,0,215.6,47,31.36,212.1,119,19.34,191.3,98,15.45,4.3,3,2.96,0,no
USR-14171,橋本 直人,DE,173,area_code_415,yes,yes,41,136.6,58,18.27,204.1,96,20.12,205.4,103,6.39,10.5,13,2.5,1,no
USR-14172,佐々木 舞,MI,149,area_code_415,no,no,0,253.6,85,18.43,318.6,103,18.0,154.0,124,9.45,8.0,7,1.9,2,yes
USR-14173,山本 千代,AZ,61,area_code_408,no,no,1,258.0,119,21.44,202.9,100,20.66,180.8,119,8.49,9.1,1,3.1,1,yes
USR-14174,渡辺 明美,FL,65,area_code_415,no,no,0,188.5,111,24.68,212.2,84,24.43,144.6,92,7.92,12.6,9,2.71,1,yes
USR-14175,長谷川 裕美子,CT,101,area_code_415,yes,yes,0,259.6,103,33.82,359.3,78,19.25,189.2,97,11.59,13.6,9,3.08,1,no
USR-14176,石川 和也,VT,63,area_code_408,no,no,26,239.0,118,59.19,165.8,111,12.0,176.8,96,8.91,7.0,5,2.54,1,yes
USR-14177,鈴木 晃,WV,75,area_code_415,no,yes,39,165.1,93,32.88,257.0,85,18.72,266.7,80,8.76,14.4,9,3.13,1,no
USR-14178,井上 明美,OR,91,area_code_408,no,yes,38,137.9,119,34.66,232.4,119,21.41,220.3,79,9.58,12.0,3,2.62,1,no
USR-14179,三浦 花子,MS,108,area_code_510,no,yes,29,64.4,100,22.93,222.9,95,22.07,165.6,99,4.32,10.7,7,2.81,0,no
USR-14180,三浦 裕美子,SD,78,area_code_408,no,no,45,149.0,100,44.24,288.0,54,17.69,153.5,84,7.87,11.1,6,1.63,0,no
USR-14181,井上 知実,MS,71,area_code_415,no,no,0,242.1,71,29.17,169.4,65,18.4,154.7,125,5.89,8.7,3,3.39,2,no
USR-14182,中村 健一,IN,131,area_code_510,no,no,1,229.1,72,38.97,134.6,113,15.39,218.1,75,9.04,8.6,5,3.44,0,no
USR-14183,山本 真綾,CT,141,area_code_415,no,yes,0,248.7,102,37.71,310.3,86,20.16,145.3,89,9.86,6.4,9,3.11,0,yes
USR-14184,山崎 美加子,NC,34,area_code_510,no,yes,43,193.0,107,52.18,316.2,90,19.21,165.0,105,5.11,6.0,6,0.86,1,no
USR-14185,池田 春香,DC,91,area_code_415,no,yes,17,324.8,74,26.69,281.4,79,24.51,236.8,93,5.21,10.3,3,3.16,1,no
USR-14186,中川 美加子,OR,75,area_code_408,no,yes,0,288.3,100,51.23,184.6,102,12.95,208.8,76,16.01,11.6,3,4.01,0,yes
USR-14187,福田 涼平,NJ,118,area_code_408,no,yes,39,233.5,104,42.35,204.2,106,13.52,177.8,85,5.96,9.3,6,2.08,2,no
USR-14188,小林 康弘,NH,140,area_code_408,no,no,1,151.5,124,43.1,302.1,130,12.6,272.9,139,7.72,4.8,4,2.86,1,no
USR-14189,石井 淳,WV,104,area_code_415,no,no,0,196.5,104,40.59,257.6,107,20.36,196.9,122,9.07,10.4,3,2.78,1,no
USR-14190,伊藤 智也,NY,65,area_code_415,no,no,29,142.8,102,32.7,191.2,133,19.52,140.2,120,6.05,13.2,3,2.87,4,no
USR-14191,森 明美,NH,91,area_code_510,no,no,0,176.0,95,19.18,171.1,133,13.16,143.9,93,1.88,9.4,3,2.1,1,no
USR-14192,山田 さゆり,WI,95,area_code_415,no,no,1,296.8,107,44.37,203.7,113,16.77,208.7,130,8.83,8.4,4,2.32,1,yes
USR-14193,渡辺 舞,DE,100,area_code_408,no,no,0,176.8,87,27.09,358.2,112,17.3,63.7,49,6.43,12.7,0,3.13,1,no
USR-14194,石川 直人,MI,61,area_code_510,no,yes,0,192.4,105,30.83,223.1,59,19.01,223.2,73,1.57,9.6,8,2.67,1,no
USR-14195,小林 さゆり,MN,154,area_code_415,no,no,0,290.3,56,18.26,200.2,81,24.31,247.1,92,8.72,7.7,8,4.99,0,no
USR-14196,高橋 舞,TX,63,area_code_415,no,no,0,258.3,89,45.32,179.7,68,15.28,193.2,122,8.28,14.2,9,2.1,1,no
USR-14197,清水 春香,DC,130,area_code_510,no,no,0,240.8,50,30.5,215.3,100,22.66,99.3,100,8.11,11.9,6,2.21,1,yes
USR-14198,渡辺 英樹,WI,71,area_code_415,no,no,0,169.0,105,27.58,142.4,101,20.2,175.3,107,11.17,3.3,7,2.74,2,no
USR-14199,橋本 涼平,CO,195,area_code_415,no,yes,36,244.8,91,37.95,149.7,120,18.61,187.5,129,11.04,3.6,3,2.95,1,no
USR-14200,佐藤 陽子,WY,155,area_code_510,no,no,0,186.9,107,33.77,155.3,86,15.74,114.4,142,9.92,14.5,10,2.27,1,no
USR-14201,中村 春香,MN,79,area_code_510,no,no,1,221.6,107,12.88,304.6,101,18.54,147.7,70,7.12,6.5,3,3.05,2,no
USR-14202,阿部 零,SD,77,area_code_415,no,yes,0,260.2,121,33.18,263.7,83,20.54,253.5,111,6.74,13.7,4,2.88,1,yes
USR-14203,小川 洋介,NM,114,area_code_415,no,yes,0,138.7,135,31.72,288.9,95,18.68,196.0,86,7.41,7.5,3,3.39,0,yes
USR-14204,小林 治,AZ,121,area_code_510,no,no,43,124.9,63,28.19,228.4,129,21.3,154.4,48,6.0,12.0,4,2.85,2,yes
USR-14205,山田 陽子,IA,72,area_code_510,no,no,0,280.0,110,42.94,209.7,56,19.66,246.8,60,5.37,11.9,3,2.56,1,yes
USR-14206,小林 太郎,WI,97,area_code_510,no,no,0,171.8,78,36.97,324.2,134,14.01,163.5,71,4.69,11.3,5,3.6,1,yes
USR-14207,小林 康弘,MD,169,area_code_415,no,yes,42,273.6,93,48.99,175.7,91,11.96,204.7,116,2.99,10.8,3,4.09,1,yes
USR-14208,佐藤 明美,WY,175,area_code_408,yes,no,0,326.5,98,19.73,197.4,90,11.88,188.3,136,7.36,9.6,6,2.83,0,no
USR-14209,田中 修平,AR,109,area_code_408,no,yes,38,179.6,114,21.77,237.2,146,22.37,121.1,100,6.07,8.4,4,3.2,0,no
USR-14210,前田 陽子,NY,101,area_code_510,yes,no,0,178.0,92,17.92,215.3,111,25.86,185.2,60,4.67,14.3,8,1.86,1,no
USR-14211,高橋 英樹,VT,231,area_code_415,no,yes,27,247.2,105,17.35,264.2,86,19.61,111.4,67,7.31,12.3,8,3.99,1,no
USR-14212,山崎 健一,HI,122,area_code_510,yes,no,0,337.3,114,38.14,265.4,128,13.71,55.4,52,2.96,13.2,10,3.77,0,yes
USR-14213,山下 美加子,MT,83,area_code_408,yes,no,28,223.8,98,14.69,295.1,105,18.76,245.4,85,5.27,12.6,3,4.49,2,no
USR-14214,高橋 篤司,WV,95,area_code_415,no,no,0,213.4,87,33.26,201.0,101,18.7,222.7,89,6.58,2.7,5,2.6,4,yes
USR-14215,井上 香織,MO,161,area_code_415,yes,no,0,178.5,67,27.21,172.8,102,21.18,270.3,106,10.18,17.6,5,2.52,3,no
USR-14216,中村 真綾,OR,125,area_code_510,no,yes,28,226.9,156,48.35,145.6,78,15.44,210.7,154,8.88,10.1,3,1.1,1,no
USR-14217,鈴木 直人,UT,89,area_code_415,yes,yes,46,167.8,121,34.16,305.0,157,21.7,223.6,95,9.46,8.6,8,1.75,1,no
USR-14218,渡辺 淳,CA,64,area_code_510,no,no,0,237.9,119,26.99,238.4,95,26.44,216.3,97,4.09,9.3,3,4.93,1,yes
USR-14219,山本 翔太,MD,93,area_code_510,no,yes,0,234.5,100,54.93,296.6,116,12.06,181.4,103,1.4,9.6,4,3.03,2,yes
USR-14220,山本 英樹,DC,118,area_code_415,yes,no,0,299.2,94,52.77,264.2,118,16.01,207.9,127,3.71,10.8,13,3.48,0,yes
USR-14221,木村 康弘,OK,120,area_code_415,no,no,0,182.5,97,30.05,126.3,111,16.79,196.9,84,4.86,11.6,4,1.48,1,no
USR-14222,藤田 篤司,NJ,174,area_code_415,no,no,0,206.2,71,27.03,109.5,120,14.04,228.1,87,7.17,8.9,3,3.56,2,no
USR-14223,吉田 裕樹,NE,98,area_code_408,yes,no,0,173.1,97,31.15,176.1,111,18.14,201.9,74,11.84,9.7,5,3.03,2,yes
USR-14224,三浦 亮介,MO,142,area_code_415,no,no,0,191.3,132,36.97,173.8,77,24.03,146.4,116,5.63,6.4,2,2.18,0,no
USR-14225,山田 真綾,MN,161,area_code_415,no,yes,0,256.9,95,39.06,200.3,124,10.86,186.0,78,4.76,9.8,3,3.22,1,no
USR-14226,清水 さゆり,CT,112,area_code_510,no,no,0,231.9,112,1.65,267.2,108,13.72,153.4,94,7.28,17.5,3,2.25,1,yes
USR-14227,高橋 里佳,DC,106,area_code_408,no,yes,0,161.4,103,29.3,173.2,118,11.95,155.7,77,10.25,9.7,3,1.54,7,yes
USR-14228,鈴木 直子,UT,121,area_code_510,no,no,0,149.7,93,16.99,244.1,105,16.17,150.1,93,4.82,12.8,2,2.17,1,no
USR-14229,阿部 あすか,OR,91,area_code_510,no,no,0,311.9,122,47.41,137.8,121,18.59,138.3,37,8.6,13.0,3,3.84,1,yes
USR-14230,伊藤 零,WY,99,area_code_510,no,yes,0,240.2,100,31.07,195.8,113,21.38,86.5,87,5.91,9.4,2,1.71,0,no
USR-14231,村上 春香,MA,97,area_code_415,no,yes,0,201.2,134,37.59,117.7,63,15.35,222.0,134,5.56,8.9,4,3.29,2,no
USR-14232,田中 結衣,MN,61,area_code_415,no,no,38,206.8,69,34.64,196.1,105,24.38,186.6,105,5.2,7.6,4,2.42,3,no
USR-14233,中村 治,WA,16,area_code_415,yes,yes,1,189.4,123,35.69,205.9,70,16.83,272.3,111,7.17,9.7,9,2.9,1,no
USR-14234,福田 直子,NH,93,area_code_415,yes,no,0,128.9,82,40.75,248.2,126,21.16,145.6,89,5.39,11.6,3,2.92,1,no
USR-14235,佐藤 聡太郎,ND,184,area_code_415,no,yes,0,243.7,44,27.03,185.2,95,17.4,153.3,112,5.82,7.6,3,3.35,1,no
USR-14236,池田 花子,SC,78,area_code_415,yes,no,36,175.8,109,34.5,163.6,113,13.64,160.5,113,12.11,12.9,3,2.08,2,yes
USR-14237,鈴木 智也,ND,129,area_code_415,no,yes,0,260.4,99,34.6,222.4,93,20.45,123.8,83,7.05,15.9,8,2.71,1,no
USR-14238,鈴木 直人,TX,206,area_code_408,no,yes,0,152.0,68,42.25,286.2,102,15.88,87.6,99,6.58,17.1,3,2.25,1,no
USR-14239,佐藤 翼,FL,79,area_code_408,no,no,0,321.0,105,25.07,272.1,128,22.8,194.9,106,13.34,13.6,3,3.19,0,yes
USR-14240,田中 直子,TN,143,area_code_415,no,yes,0,242.0,90,30.0,217.0,115,16.97,289.3,73,7.97,9.1,10,1.08,2,no
USR-14241,鈴木 結衣,AZ,81,area_code_415,no,no,26,70.4,102,4.08,147.4,84,15.38,124.5,60,8.89,7.3,4,3.28,1,yes
USR-14242,佐々木 直人,TX,109,area_code_415,no,yes,0,154.8,60,39.79,274.3,97,19.02,235.4,58,9.3,8.3,4,1.67,1,yes
USR-14243,高橋 康弘,DC,146,area_code_415,yes,yes,0,207.5,87,25.7,194.7,138,20.07,156.9,84,4.46,9.4,3,3.95,2,yes
USR-14244,森 裕美子,AR,89,area_code_510,yes,yes,0,231.4,100,12.94,209.0,131,16.13,132.2,100,2.05,13.7,10,2.39,2,no
USR-14245,鈴木 直人,WV,112,area_code_408,no,yes,0,224.8,82,27.05,130.8,92,24.69,136.9,52,4.65,8.3,3,2.81,1,no
USR-14246,加藤 洋介,NJ,163,area_code_415,no,no,0,197.4,87,23.36,265.9,154,19.24,229.9,107,7.66,10.1,7,2.59,2,no
USR-14247,鈴木 知実,WI,172,area_code_415,no,no,0,208.5,99,33.64,168.1,86,16.2,85.9,108,6.25,11.9,9,1.48,1,no
USR-14248,橋本 結衣,KY,113,area_code_510,no,no,0,212.1,98,28.77,247.1,112,4.4,229.2,96,2.02,9.1,3,2.29,2,no
USR-14249,斎藤 裕太,PA,145,area_code_408,no,no,27,177.4,110,42.18,168.4,118,15.19,264.0,89,6.15,11.5,7,3.4,1,yes
