state,account_length,area_code,international_plan,voice_mail_plan,number_vmail_messages,total_day_minutes,total_day_calls,total_day_charge,total_eve_minutes,total_eve_calls,total_eve_charge,total_night_minutes,total_night_calls,total_night_charge,total_intl_minutes,total_intl_calls,total_intl_charge,number_customer_service_calls,churn
NJ,135,area_code_408,no,no,0,189.5,108,29.46,234.0,118,22.17,395.0,86,10.86,7.3,3,1.88,2,no
UT,134,area_code_415,no,yes,21,75.7,79,24.3,208.5,131,17.65,187.0,35,9.66,14.8,8,4.96,1,no
CT,106,area_code_415,no,no,0,124.5,139,22.41,178.6,121,17.55,343.6,106,8.32,7.0,5,2.28,6,no
ID,95,area_code_415,no,no,0,124.5,124,19.26,131.2,138,19.12,254.9,105,12.12,3.9,2,3.94,1,no
WI,159,area_code_415,no,no,0,141.7,98,13.66,309.8,104,20.13,210.7,114,13.23,9.3,4,2.78,1,no
TX,87,area_code_415,no,yes,0,170.1,106,30.88,100.3,107,18.13,224.7,89,11.25,12.6,2,2.27,0,no
SC,153,area_code_415,no,yes,0,213.0,99,33.85,279.9,93,17.58,164.7,112,5.19,13.0,3,2.41,1,no
WY,103,area_code_415,no,yes,0,151.2,111,21.15,228.1,79,19.13,166.7,92,14.46,8.0,2,4.04,1,no
TN,133,area_code_415,no,no,0,153.3,100,14.19,93.4,128,23.37,100.6,93,14.7,10.4,3,2.87,1,yes
MN,106,area_code_415,yes,no,0,163.4,112,14.15,165.7,134,24.23,191.5,130,11.3,10.0,5,3.19,3,yes
AR,27,area_code_408,no,yes,38,158.9,135,30.24,306.1,90,12.2,248.1,80,13.18,9.6,5,1.12,0,no
KY,125,area_code_415,no,yes,23,119.9,78,34.11,186.6,144,24.79,170.1,115,12.65,10.9,3,1.6,2,no
NJ,30,area_code_408,no,no,0,155.9,71,25.46,204.7,110,26.7,100.3,159,12.33,10.4,3,3.37,1,no
WV,163,area_code_415,no,no,0,184.3,89,25.54,162.5,131,21.25,221.8,105,10.58,12.5,2,2.31,4,no
NY,80,area_code_510,no,yes,0,127.3,106,32.28,152.8,145,21.59,155.5,106,11.41,10.0,3,2.84,6,no
NE,139,area_code_415,no,yes,0,189.1,104,23.21,281.8,87,20.21,202.4,73,9.89,4.6,3,2.99,0,no
OR,32,area_code_510,no,no,28,213.3,102,22.21,282.1,103,20.22,300.9,130,11.35,8.1,2,4.04,2,no
WI,96,area_code_510,no,yes,0,162.4,111,19.5,104.9,126,22.93,201.2,96,12.32,11.1,3,3.22,6,yes
MN,232,area_code_415,no,yes,36,152.6,103,22.84,230.8,108,19.13,327.0,122,8.07,5.0,5,2.53,1,no
SC,119,area_code_415,yes,no,43,208.6,100,29.8,198.6,144,24.92,257.1,92,9.63,11.2,4,3.31,2,yes
OR,136,area_code_415,no,no,0,189.1,75,33.35,177.8,110,16.84,273.5,114,10.1,6.7,5,3.6,1,yes
DC,127,area_code_415,no,yes,14,124.2,101,12.94,252.7,150,16.76,234.1,130,10.6,8.8,3,2.39,1,no
OR,54,area_code_415,no,no,0,125.2,115,19.88,126.5,80,19.02,187.9,94,14.23,9.8,5,2.08,1,no
NE,210,area_code_408,no,yes,13,125.9,115,23.32,181.6,112,23.81,261.7,109,12.54,8.3,5,3.17,1,no
WV,105,area_code_408,no,yes,0,158.8,84,24.72,130.0,102,18.08,189.5,94,9.45,11.8,3,1.88,1,no
VA,132,area_code_415,no,no,0,227.2,123,35.12,202.8,99,20.62,197.0,137,11.11,9.1,3,2.23,1,yes
NY,227,area_code_510,yes,yes,0,176.7,120,42.14,166.4,82,19.71,182.5,111,9.77,6.9,2,2.39,3,no
NH,168,area_code_415,yes,no,0,117.1,84,27.01,125.2,137,28.93,206.6,98,11.86,11.2,3,1.55,0,no
MN,132,area_code_415,no,no,0,278.3,94,42.32,235.9,106,21.88,326.0,73,11.27,6.9,2,2.65,1,no
WV,123,area_code_510,no,yes,38,142.6,120,28.03,205.0,125,20.95,308.7,141,13.12,10.5,9,2.0,1,no
AR,114,area_code_415,no,yes,27,79.2,68,24.36,205.3,128,17.2,251.9,117,5.8,11.9,6,2.67,2,no
ME,95,area_code_415,no,no,0,171.7,113,15.86,214.4,120,25.18,291.4,89,9.45,6.2,2,1.1,1,yes
NM,80,area_code_415,no,no,0,165.2,103,22.5,168.5,88,25.26,152.2,113,14.22,8.4,1,3.29,1,no
MN,90,area_code_415,no,yes,1,147.2,92,38.97,131.3,149,12.44,232.5,65,7.57,7.7,5,2.1,0,no
MN,131,area_code_415,yes,no,0,222.1,113,30.23,157.8,115,22.5,212.8,107,10.5,7.2,2,1.39,1,no
FL,239,area_code_415,no,yes,0,145.9,87,30.16,184.0,109,22.49,278.4,135,11.04,6.5,4,3.2,0,no
MN,140,area_code_415,no,no,0,87.0,76,21.32,125.7,150,19.67,300.8,94,11.57,11.0,4,3.06,4,no
AL,118,area_code_408,no,no,41,186.3,141,15.27,177.1,118,21.72,228.4,122,9.81,7.7,6,1.49,4,no
VT,111,area_code_415,no,no,0,36.5,98,22.95,281.5,110,14.9,210.6,116,13.38,9.4,2,3.86,1,no
GA,96,area_code_415,no,yes,1,173.6,117,33.77,217.9,121,23.7,293.6,98,12.71,8.4,3,2.81,1,no
UT,140,area_code_415,no,yes,26,158.6,114,30.04,225.3,91,18.41,335.8,127,12.8,7.2,2,2.76,1,no
MI,187,area_code_415,no,no,42,98.7,93,31.19,139.1,110,21.91,268.8,98,10.61,7.8,7,3.01,2,no
WI,91,area_code_415,no,yes,42,249.4,89,54.38,208.3,136,14.23,190.3,101,10.01,8.8,2,2.42,1,no
AR,126,area_code_415,no,no,0,231.5,130,34.44,137.9,133,18.1,241.9,95,11.24,9.2,5,2.58,0,no
GA,121,area_code_510,no,no,0,201.7,105,30.25,206.7,115,12.86,309.2,134,9.94,8.8,8,2.36,1,no
MS,213,area_code_408,no,yes,0,139.3,93,23.06,218.6,112,18.46,284.4,123,10.68,8.9,2,3.15,1,no
MS,111,area_code_408,no,no,1,185.5,84,33.58,145.9,122,17.83,236.4,114,15.79,0.0,3,2.85,0,no
AR,22,area_code_415,no,no,0,216.3,119,29.64,123.8,86,17.74,152.0,104,9.49,8.0,2,3.48,1,yes
ME,112,area_code_415,no,no,0,106.3,93,28.59,244.1,105,16.76,134.9,153,8.76,5.0,9,3.64,1,no
GA,128,area_code_415,yes,yes,0,189.5,81,36.68,251.9,98,18.0,197.8,122,9.85,6.6,5,2.58,1,no
MI,174,area_code_415,no,no,45,190.4,115,33.3,140.4,96,7.02,225.1,121,14.47,10.6,3,2.77,2,no
NJ,118,area_code_415,yes,no,1,175.3,94,34.7,285.7,81,17.47,195.7,97,10.41,8.5,7,2.16,2,yes
TX,103,area_code_415,no,yes,33,182.1,140,53.96,225.0,131,15.82,236.0,33,11.45,9.7,2,3.08,0,no
MD,44,area_code_408,no,no,1,167.7,108,33.52,206.3,99,24.23,300.1,74,11.52,0.3,2,3.04,1,no
AK,130,area_code_415,no,no,20,20.0,129,26.0,143.7,121,11.39,161.9,101,11.36,10.7,12,3.17,1,no
NJ,82,area_code_415,yes,no,0,87.1,95,31.11,249.2,121,19.91,174.5,103,10.25,12.2,4,2.45,1,yes
NV,130,area_code_415,no,no,0,143.2,90,51.51,303.1,115,21.51,285.8,82,16.69,12.3,2,4.74,4,no
AL,138,area_code_415,no,no,0,179.7,82,37.86,220.5,103,13.53,177.9,112,11.76,12.1,3,4.26,0,yes
TN,98,area_code_408,no,yes,48,106.4,109,22.57,166.8,120,22.25,151.6,113,8.42,10.9,6,2.53,1,no
AR,109,area_code_415,no,no,33,140.5,101,26.17,94.6,166,23.95,247.8,132,8.85,8.0,7,1.66,1,no
NH,38,area_code_415,no,yes,29,181.9,135,29.7,152.8,101,25.11,341.0,74,11.87,10.0,3,2.58,1,no
NV,129,area_code_408,no,yes,21,224.9,56,36.57,188.2,114,14.48,241.9,121,10.44,12.0,6,5.15,3,no
RI,109,area_code_408,no,no,0,53.8,107,40.16,141.5,132,13.36,212.3,126,11.11,6.3,1,2.12,1,no
MS,70,area_code_415,no,no,1,235.7,93,38.56,230.4,88,18.16,376.2,95,10.27,11.3,2,2.33,3,no
ID,133,area_code_415,yes,yes,31,139.4,95,40.84,286.1,97,24.83,292.8,97,14.31,13.8,2,2.17,1,no
GA,113,area_code_415,no,yes,40,148.5,94,38.47,203.1,126,25.36,309.0,97,10.28,8.7,2,1.48,1,no
KY,58,area_code_415,no,yes,33,1.6,97,16.39,181.9,164,22.08,268.2,82,10.32,10.4,2,3.44,1,no
MT,135,area_code_510,no,no,35,206.7,107,16.74,143.1,90,17.12,267.7,90,7.95,8.7,2,4.02,2,no
DC,56,area_code_415,no,no,31,193.6,59,37.09,208.3,109,15.33,225.9,116,10.99,9.9,7,3.99,4,no
ND,174,area_code_415,yes,yes,0,168.6,104,33.93,284.4,125,17.71,296.5,131,10.75,9.9,2,3.51,1,yes
AZ,135,area_code_408,no,no,0,194.7,105,28.88,154.3,124,22.01,298.5,102,6.97,11.0,6,2.62,1,no
ME,92,area_code_415,yes,no,0,201.2,80,52.33,158.0,142,17.76,314.1,65,10.46,9.4,9,3.82,1,no
MS,111,area_code_415,no,no,0,142.3,54,41.75,174.5,113,14.3,177.0,120,10.07,9.1,5,1.32,0,no
AR,109,area_code_415,yes,yes,0,123.3,88,13.11,265.6,97,22.47,208.6,117,11.22,12.6,6,1.85,1,no
MT,134,area_code_408,no,no,0,190.6,99,52.53,188.4,135,23.2,291.1,65,11.92,6.8,2,2.65,2,yes
MI,180,area_code_415,no,no,0,149.7,114,22.77,245.0,111,20.74,159.0,46,9.86,8.3,16,1.71,3,no
SC,35,area_code_510,no,no,24,162.8,138,14.39,149.4,111,15.33,223.1,75,15.22,9.4,3,2.24,1,no
MI,196,area_code_415,no,no,0,111.9,103,22.24,266.2,105,19.19,306.7,112,10.49,10.3,1,2.17,2,no
PA,129,area_code_510,no,no,0,101.0,89,21.54,197.6,112,30.29,259.0,97,11.21,15.6,4,2.53,1,no
ID,85,area_code_415,no,no,0,160.0,107,26.32,213.6,124,13.18,289.4,82,12.21,7.2,7,2.19,1,no
ND,95,area_code_415,no,yes,40,208.6,93,18.84,157.8,133,16.8,272.7,119,13.92,9.9,12,2.46,1,no
NH,129,area_code_415,no,no,0,172.8,99,46.06,156.1,71,21.71,216.8,114,10.15,7.8,5,1.8,4,yes
UT,165,area_code_415,no,yes,36,211.6,96,30.17,273.3,101,4.23,159.2,111,7.85,9.7,6,3.36,1,no
OK,86,area_code_415,no,no,0,143.5,122,31.4,258.0,99,5.53,286.8,92,6.43,12.7,4,2.34,4,no
NC,125,area_code_415,no,yes,30,113.1,97,40.54,112.3,154,19.6,264.8,114,9.6,10.2,3,3.06,1,no
NC,96,area_code_415,no,yes,37,186.8,123,30.32,201.0,120,20.45,230.0,117,13.08,4.1,5,2.36,1,no
NJ,206,area_code_415,yes,no,0,140.3,47,28.22,264.9,96,26.34,134.8,147,11.13,7.2,3,3.22,1,yes
DE,124,area_code_415,no,yes,1,215.4,114,29.44,213.3,85,21.8,234.8,120,15.4,10.0,3,3.03,1,no
NE,192,area_code_510,no,yes,23,132.8,67,24.08,199.7,125,15.39,143.5,135,13.24,5.1,10,1.33,3,no
CO,142,area_code_415,no,yes,34,194.1,94,29.02,278.3,92,19.75,160.4,69,11.55,8.5,5,3.99,4,no
KY,162,area_code_415,no,no,35,179.7,97,30.43,108.0,126,19.11,176.4,100,14.3,7.1,5,3.63,1,no
WI,148,area_code_408,no,yes,39,9.5,105,19.71,242.6,154,12.16,224.6,106,11.95,5.6,5,2.82,0,no
DC,151,area_code_408,no,yes,27,169.4,112,24.28,138.7,125,13.64,134.2,124,10.63,9.8,3,3.31,1,no
IN,140,area_code_408,no,yes,0,167.1,118,39.25,175.2,85,15.24,239.8,145,9.74,4.8,5,2.87,3,no
LA,90,area_code_408,no,yes,29,205.3,114,33.78,259.8,88,20.18,298.4,69,6.58,16.5,9,2.71,1,no
AL,95,area_code_415,no,no,0,161.7,107,29.14,159.8,110,20.46,282.9,110,10.32,11.8,6,3.36,1,no
NY,204,area_code_510,no,no,0,170.6,113,30.47,159.8,112,12.39,220.6,80,12.74,10.3,2,2.48,1,no
SD,133,area_code_510,yes,no,0,64.3,120,32.9,270.0,113,11.25,205.2,122,13.0,9.6,2,2.46,1,no
NH,171,area_code_415,yes,no,0,163.2,97,45.99,305.2,111,20.4,213.2,96,13.15,8.4,5,2.87,4,yes
AZ,130,area_code_415,no,no,41,106.4,90,27.91,251.4,125,21.36,171.9,129,13.68,9.5,3,2.57,1,no
UT,216,area_code_408,no,yes,0,217.7,82,27.87,171.5,101,17.58,289.2,125,10.15,7.1,2,2.98,0,no
AZ,132,area_code_408,yes,no,0,190.7,92,29.32,211.4,103,21.21,224.2,118,13.97,10.4,3,4.09,1,no
HI,150,area_code_415,yes,no,0,118.8,77,33.44,270.8,106,24.97,322.6,99,10.8,9.4,7,2.72,1,no
SC,122,area_code_415,no,no,0,107.1,74,24.81,201.9,120,24.19,246.2,107,11.67,4.0,5,2.38,1,no
OK,155,area_code_415,no,no,0,117.2,69,45.39,164.3,146,15.36,197.8,78,10.9,5.8,5,3.31,1,no
OH,121,area_code_415,no,yes,39,181.7,77,29.91,302.8,106,12.18,199.2,142,8.93,6.6,3,3.89,1,no
ID,105,area_code_510,no,no,0,180.6,74,25.29,227.0,125,16.88,135.7,123,8.3,5.7,7,3.45,1,no
MO,135,area_code_408,no,yes,37,318.4,120,28.77,169.6,93,22.37,271.5,67,9.2,13.0,5,2.52,3,no
TX,44,area_code_415,no,yes,37,228.0,109,37.27,191.4,87,15.64,242.6,140,8.74,11.5,3,3.15,1,no
ID,45,area_code_415,no,no,0,237.8,108,54.22,338.1,80,21.29,197.3,101,13.41,12.5,2,3.07,2,no
VA,119,area_code_408,no,no,0,214.3,140,21.93,107.2,108,15.01,242.8,145,12.92,5.0,10,4.13,1,no
AK,74,area_code_415,no,yes,48,71.3,144,21.22,187.8,103,25.58,290.5,102,8.41,9.1,7,0.0,1,no
SC,105,area_code_415,yes,no,0,31.0,108,28.92,261.2,153,20.07,89.3,97,11.58,5.6,5,2.08,4,no
WY,130,area_code_408,no,yes,0,154.5,143,37.8,191.1,122,16.41,160.2,89,10.6,7.8,2,2.0,1,no
AZ,65,area_code_415,no,yes,33,149.7,148,16.13,170.8,141,21.07,277.4,123,9.39,4.2,3,3.17,1,no
AZ,201,area_code_408,no,no,0,106.6,81,24.0,248.2,108,17.28,191.4,124,9.4,7.2,3,2.67,1,yes
DE,211,area_code_415,no,no,1,122.3,120,23.9,256.8,108,18.48,188.7,128,11.24,7.0,2,2.22,1,yes
NJ,104,area_code_415,yes,no,25,178.2,133,35.25,154.4,144,27.01,215.0,107,9.27,8.4,2,4.61,1,yes
IL,125,area_code_408,no,no,0,253.1,107,29.16,199.6,125,21.25,300.9,89,12.73,9.9,5,1.99,1,no
NY,115,area_code_415,no,yes,43,120.7,94,16.96,305.6,83,28.17,191.0,109,10.58,1.6,3,2.49,1,no
OR,143,area_code_415,no,yes,33,142.2,86,17.68,309.9,83,19.0,230.2,74,12.57,9.2,3,2.65,0,no
AR,123,area_code_415,yes,yes,0,221.0,91,50.57,291.3,119,21.53,180.3,101,9.88,3.6,6,2.37,1,no
WA,148,area_code_510,no,yes,0,164.7,106,37.88,208.9,104,17.43,273.1,93,9.88,13.2,3,3.11,1,no
IA,172,area_code_415,no,yes,0,146.0,89,38.75,216.1,73,17.27,253.4,134,10.19,11.5,3,2.0,2,no
MO,121,area_code_415,no,no,0,25.2,52,23.31,232.6,152,20.28,258.4,55,11.05,10.2,6,3.07,1,no
VA,57,area_code_408,no,no,0,253.7,130,37.56,257.3,114,18.78,237.6,83,6.5,10.6,7,2.54,2,no
KY,11,area_code_415,yes,no,0,65.2,102,33.44,291.4,87,16.19,85.6,123,13.24,12.4,13,4.34,1,no
NH,140,area_code_408,yes,no,0,262.0,81,16.47,189.8,96,16.04,271.2,141,15.2,10.1,1,3.55,4,no
WY,202,area_code_415,yes,no,0,179.8,73,33.32,235.9,101,18.96,230.7,118,10.08,8.0,2,0.0,2,no
NY,111,area_code_415,no,yes,18,217.6,126,21.88,266.7,117,14.08,254.0,105,8.07,10.5,6,3.68,0,no
NC,110,area_code_408,no,yes,0,100.9,104,40.97,150.3,170,17.98,165.6,132,13.95,5.2,5,1.13,1,no
CO,120,area_code_415,no,no,0,161.1,106,28.05,183.3,80,19.18,145.8,137,9.19,9.6,5,2.68,1,no
KY,107,area_code_415,no,yes,32,124.6,106,32.45,273.2,144,23.04,288.4,106,10.85,6.1,2,2.65,1,no
NH,69,area_code_415,yes,no,0,220.9,107,42.35,186.1,133,23.1,255.0,83,9.06,16.1,5,2.67,1,no
WV,179,area_code_415,no,yes,41,125.7,99,34.7,169.3,129,22.73,225.2,109,8.32,6.7,2,2.12,1,no
WV,77,area_code_408,no,yes,33,117.9,99,35.74,239.4,149,23.19,239.8,99,11.97,5.5,2,2.51,1,no
NH,112,area_code_415,yes,no,0,238.6,72,39.82,252.7,117,25.87,326.8,90,7.43,10.6,6,3.51,1,no
DE,110,area_code_510,no,no,0,213.1,88,29.65,160.0,132,23.62,184.6,121,11.67,7.0,6,3.24,3,no
KY,149,area_code_510,yes,yes,0,183.7,119,18.97,145.2,78,17.82,167.3,128,8.22,2.5,7,2.61,4,no
NE,128,area_code_415,yes,no,0,168.2,66,48.65,240.3,111,15.15,206.1,121,10.61,3.4,5,3.16,7,no
NH,30,area_code_415,no,no,0,100.5,99,36.24,225.8,120,22.75,179.2,105,10.3,4.1,5,2.16,1,no
OR,58,area_code_408,no,yes,0,159.2,108,24.17,142.1,105,17.83,199.1,117,12.26,6.8,6,2.89,2,no
RI,124,area_code_408,no,no,0,314.9,114,26.79,187.2,108,26.36,266.0,79,9.4,8.3,5,2.16,3,yes
ND,102,area_code_415,no,no,44,235.0,131,26.71,165.8,121,9.09,219.8,100,11.9,10.2,2,3.2,6,no
NC,188,area_code_415,no,yes,0,55.0,94,33.98,189.8,112,21.37,91.1,141,11.33,13.7,12,2.24,1,yes
NE,109,area_code_510,no,yes,27,255.9,145,26.31,144.1,80,17.93,209.2,75,7.81,11.9,2,2.67,1,no
NH,55,area_code_415,yes,no,0,166.7,77,36.17,338.2,122,19.45,308.3,103,12.39,7.6,6,2.4,3,yes
MA,182,area_code_415,no,yes,0,135.0,98,38.51,103.5,133,18.68,215.5,122,9.71,6.0,2,3.49,1,no
WI,26,area_code_415,no,no,39,180.3,107,36.27,235.5,115,20.61,251.4,128,13.95,9.0,2,1.94,1,no
MS,92,area_code_415,no,no,1,64.8,116,35.3,304.3,108,23.83,321.4,160,13.68,8.8,3,2.27,2,no
OR,134,area_code_408,no,yes,46,178.9,104,39.57,252.1,106,12.99,231.7,90,10.55,8.7,3,2.81,1,no
NE,205,area_code_408,no,no,0,135.3,150,33.2,206.0,91,26.16,215.0,103,14.26,8.2,2,2.58,3,yes
WI,63,area_code_415,no,no,18,176.7,126,34.18,239.2,126,24.64,135.9,102,11.02,5.0,2,2.37,1,no
SD,195,area_code_408,no,no,0,164.9,118,28.05,181.0,99,25.59,324.8,88,11.71,6.7,5,2.84,1,yes
GA,93,area_code_415,no,no,0,100.9,105,28.84,317.9,76,21.65,257.5,101,8.8,14.7,6,2.53,4,no
IL,152,area_code_415,no,yes,18,85.7,102,22.38,295.7,71,20.93,207.3,112,9.94,5.6,2,2.51,1,no
NE,189,area_code_415,no,no,0,128.0,82,31.34,225.5,88,13.77,108.5,116,11.28,2.9,4,2.63,4,no
NH,84,area_code_415,no,no,0,122.4,78,16.88,222.4,108,16.06,206.3,128,10.12,8.8,4,1.99,2,no
MO,199,area_code_415,no,no,0,51.5,103,23.43,199.4,138,15.04,204.5,68,10.57,13.4,7,2.49,1,no
NJ,90,area_code_415,no,no,1,146.6,118,32.41,69.2,116,28.35,147.4,82,12.83,5.1,1,3.29,1,yes
CA,146,area_code_415,no,yes,43,189.3,88,32.91,139.4,100,16.12,264.5,110,8.04,10.1,3,1.61,0,no
NC,91,area_code_415,yes,yes,42,197.2,127,32.28,228.7,91,24.44,136.8,115,3.79,8.9,4,2.75,1,no
SC,130,area_code_510,no,no,0,144.9,118,25.81,276.3,109,20.06,318.7,117,9.99,5.5,4,0.38,1,no
MN,74,area_code_408,no,no,0,225.1,88,21.01,188.6,114,16.87,246.7,99,9.0,12.2,4,4.14,1,no
OR,53,area_code_415,no,no,0,190.3,82,0.91,293.3,90,8.85,195.3,125,13.53,7.0,7,3.32,1,no
AK,57,area_code_415,no,yes,1,134.4,106,40.09,194.8,135,22.56,200.6,107,9.24,8.0,6,2.98,1,no
DE,100,area_code_415,no,no,0,98.2,113,22.92,238.1,116,21.98,302.3,115,9.79,6.2,5,2.31,1,no
MA,172,area_code_415,no,yes,20,223.6,130,43.96,146.6,141,14.15,229.0,123,10.91,11.5,6,3.47,1,no
CA,164,area_code_510,yes,no,0,277.3,117,33.37,200.1,86,19.27,330.0,93,8.39,8.8,5,2.51,1,no
NE,148,area_code_510,yes,yes,0,181.9,83,33.08,235.9,103,14.06,202.0,148,10.34,10.6,5,2.72,2,no
VA,184,area_code_510,yes,no,0,289.6,71,39.4,124.8,86,24.39,221.9,98,13.64,11.6,3,2.92,1,yes
OH,192,area_code_510,no,yes,0,80.4,80,28.32,249.0,116,25.3,194.3,75,13.09,13.7,7,2.64,0,no
PA,96,area_code_510,no,no,35,188.7,121,26.2,287.3,129,27.35,207.7,67,13.64,12.5,7,2.71,6,no
ME,109,area_code_415,no,no,0,126.8,94,24.31,200.9,143,23.73,213.4,108,10.93,8.8,3,3.42,1,no
CO,78,area_code_415,no,no,0,129.5,99,30.71,221.7,134,24.22,268.7,79,10.83,10.6,3,4.07,1,no
OR,164,area_code_415,no,no,28,201.4,128,23.09,292.2,107,15.92,267.4,68,12.17,10.3,2,2.82,1,no
NH,90,area_code_408,no,yes,51,273.7,90,30.56,252.5,82,19.13,318.0,152,12.08,7.8,3,2.4,3,no
OR,97,area_code_510,no,no,0,133.4,82,27.51,261.0,106,20.1,228.4,126,12.77,8.5,3,2.65,4,no
GA,109,area_code_408,no,yes,32,121.8,88,33.06,296.2,95,17.24,85.7,97,12.81,8.8,3,3.28,1,no
CA,105,area_code_415,no,yes,0,159.7,109,35.09,218.7,115,27.96,274.8,132,10.77,4.3,5,3.01,1,no
WV,82,area_code_415,no,no,0,183.4,94,23.78,208.3,78,23.14,179.1,116,9.15,9.5,7,2.77,1,no
MN,114,area_code_408,no,yes,23,178.9,125,36.67,194.6,124,11.87,291.6,109,9.03,5.3,2,3.22,1,no
NE,181,area_code_415,no,yes,0,119.3,85,31.1,292.6,96,20.41,260.4,116,14.28,9.1,5,2.78,1,no
SC,71,area_code_408,yes,no,0,195.4,79,38.41,246.1,124,22.2,230.8,111,13.43,5.1,6,2.75,1,yes
GA,160,area_code_408,yes,no,0,222.9,113,29.8,197.9,114,17.62,340.4,93,11.19,8.9,4,3.02,0,yes
AR,184,area_code_415,yes,yes,31,144.7,110,20.03,181.0,92,21.25,253.0,130,10.42,12.9,5,1.12,1,no
NH,128,area_code_510,no,yes,32,156.0,105,28.92,254.6,88,13.42,271.3,125,11.49,5.8,3,2.86,1,no
MD,93,area_code_408,no,yes,42,174.3,87,36.45,247.7,96,13.82,184.6,110,11.59,7.8,3,3.59,1,no
OH,22,area_code_415,no,yes,0,136.9,128,25.37,134.0,99,16.32,255.6,116,9.04,2.9,5,3.74,0,no
PA,113,area_code_415,no,no,20,140.5,52,22.33,168.5,128,13.78,237.4,96,12.29,11.7,2,3.13,1,no
DE,85,area_code_415,no,no,0,201.4,130,35.99,212.9,107,25.59,287.4,108,10.82,10.5,3,3.44,4,no
NY,135,area_code_510,no,no,0,168.4,78,43.44,227.5,80,12.81,183.2,127,9.91,10.1,3,3.5,0,no
WV,121,area_code_408,no,no,0,189.5,106,28.66,342.8,130,21.88,177.2,101,9.57,7.8,2,2.28,4,no
AL,83,area_code_408,no,no,0,138.6,94,25.75,214.3,106,27.41,168.2,108,11.02,9.5,2,2.79,1,no
WV,132,area_code_415,no,no,0,234.9,105,34.89,289.5,85,17.01,277.7,62,8.1,8.2,2,2.66,2,yes
SC,137,area_code_510,no,no,0,279.3,106,21.36,228.7,84,23.12,224.6,83,9.88,8.7,3,2.31,1,no
DC,137,area_code_408,no,yes,0,70.5,108,21.88,177.5,48,20.97,177.6,94,6.55,13.2,2,2.15,1,yes
WV,54,area_code_415,no,no,0,265.0,110,41.69,175.6,75,15.85,223.1,109,9.53,5.3,3,2.47,1,no
OR,190,area_code_415,no,yes,38,151.3,98,40.86,269.8,104,16.98,328.5,131,13.11,5.8,2,3.25,3,no
RI,236,area_code_415,no,yes,30,148.2,92,36.88,123.9,119,10.33,97.7,113,4.2,12.5,6,3.04,4,no
DE,77,area_code_408,no,no,0,83.7,86,33.38,229.7,99,17.93,260.4,99,11.06,0.0,6,5.14,1,yes
OK,136,area_code_415,no,yes,37,225.1,102,32.14,287.8,96,12.24,184.4,51,10.43,11.7,3,2.73,1,no
LA,95,area_code_408,no,no,33,309.9,84,28.25,145.5,101,20.16,146.9,77,11.45,7.5,3,3.61,1,no
SC,133,area_code_408,yes,no,0,127.9,81,29.04,174.9,101,19.76,244.6,110,11.78,10.0,2,0.04,1,yes
WY,100,area_code_415,no,no,0,171.9,100,26.03,277.9,117,19.85,315.8,70,15.08,8.5,5,2.83,1,no
LA,146,area_code_415,no,no,0,9.3,86,40.68,216.1,116,17.16,328.1,115,11.05,5.3,2,3.58,1,no
SD,145,area_code_408,no,no,0,117.4,84,28.0,131.8,97,23.42,229.2,97,11.25,5.3,3,1.95,0,no
ME,67,area_code_408,no,yes,29,89.4,125,41.25,145.4,99,13.19,147.1,100,10.9,9.6,2,2.94,5,no
SD,61,area_code_415,yes,no,0,217.0,92,54.62,162.9,131,17.53,274.2,87,7.85,11.7,5,2.67,1,no
MS,229,area_code_415,no,yes,0,129.4,87,30.44,126.8,103,19.85,168.7,106,15.49,10.8,5,1.94,1,no
DE,89,area_code_408,no,yes,25,134.5,73,27.55,216.1,115,18.12,218.9,98,11.84,10.6,3,1.77,3,no
RI,112,area_code_415,no,no,0,259.4,112,30.77,151.1,91,9.18,201.3,96,10.11,6.6,2,3.19,3,no
MT,85,area_code_415,no,yes,41,149.7,88,39.7,257.8,99,28.58,157.3,101,13.11,7.4,5,3.03,1,no
WV,216,area_code_408,yes,no,0,241.3,94,31.83,240.9,109,17.38,154.6,124,10.3,5.5,8,4.02,4,yes
AL,54,area_code_510,no,no,0,149.0,114,33.0,167.1,162,25.31,202.7,76,9.72,11.4,5,2.23,1,no
NH,3,area_code_415,no,no,0,62.1,114,37.76,188.8,109,19.71,194.4,116,12.37,8.2,3,4.62,1,no
ID,129,area_code_415,no,no,0,170.7,87,44.32,218.6,122,22.7,267.2,134,12.75,6.0,5,3.63,1,no
ND,130,area_code_408,no,yes,0,144.1,97,35.43,246.2,111,20.46,247.8,126,14.41,10.5,3,2.95,1,no
DC,67,area_code_415,no,no,1,45.0,123,34.08,223.3,114,15.23,218.4,70,13.51,9.0,8,2.37,1,no
NM,120,area_code_510,no,no,0,37.4,92,18.88,148.3,148,27.33,239.2,91,9.71,16.2,2,3.22,1,no
MD,48,area_code_408,no,yes,0,306.0,131,32.91,206.3,65,22.11,303.9,144,10.36,9.0,2,2.25,2,no
KY,217,area_code_415,no,no,25,125.9,82,35.86,165.9,123,22.29,79.4,72,8.19,7.7,2,2.83,1,no
CT,117,area_code_408,no,yes,0,141.0,91,33.46,138.3,94,18.5,341.7,87,14.91,9.6,3,2.29,4,no
RI,75,area_code_415,no,yes,40,152.3,117,33.95,210.8,105,10.3,195.4,120,10.36,5.8,3,0.98,1,no
MI,168,area_code_408,yes,no,40,155.0,101,42.69,297.8,92,24.49,204.1,60,13.23,6.0,7,3.84,1,no
MN,113,area_code_408,no,no,0,119.7,98,33.13,119.4,124,16.57,162.0,95,14.26,7.1,2,2.62,1,no
PA,175,area_code_415,no,no,0,219.8,118,22.37,171.4,122,18.01,291.1,123,13.96,11.6,6,1.38,1,no
AR,194,area_code_408,yes,yes,33,140.6,119,21.65,160.8,99,11.36,231.5,98,13.28,5.7,3,2.4,1,no
AR,100,area_code_415,no,no,47,125.7,102,26.02,101.0,160,25.24,155.5,92,7.65,8.2,2,2.03,1,no
MN,36,area_code_415,yes,no,0,122.7,105,42.57,162.5,170,26.08,211.5,127,7.37,8.1,2,2.57,3,yes
VT,101,area_code_415,no,no,32,271.5,107,33.96,201.1,126,25.3,345.7,96,8.2,8.4,2,1.87,1,no
UT,164,area_code_408,no,yes,26,127.8,110,21.97,230.8,111,22.21,250.8,107,11.63,4.9,5,2.21,0,no
AR,97,area_code_415,no,no,0,156.8,99,36.77,241.7,99,23.46,169.2,74,7.38,5.7,6,2.22,6,no
OR,82,area_code_415,no,no,0,148.9,90,20.78,218.7,70,23.12,201.6,114,12.06,11.5,3,2.78,1,no
DE,204,area_code_415,no,no,0,174.3,129,28.18,257.2,100,16.58,232.2,113,11.61,10.4,6,3.07,1,yes
IL,148,area_code_415,yes,no,0,117.4,102,35.67,248.2,107,17.06,259.4,123,11.77,10.4,5,2.76,1,no
CA,121,area_code_415,no,yes,29,43.3,105,37.56,219.4,135,20.11,79.8,89,11.84,10.5,2,1.0,6,no
ID,102,area_code_415,no,yes,0,177.4,87,46.25,160.1,136,10.09,220.2,96,8.26,15.6,4,3.27,1,no
PA,183,area_code_415,no,no,0,244.8,113,23.63,239.6,121,20.74,146.0,121,14.17,7.9,3,3.12,1,no
CO,60,area_code_415,no,yes,0,132.6,118,35.73,152.5,104,23.37,155.7,116,11.47,10.4,2,1.93,4,no
ND,144,area_code_408,no,yes,0,220.8,116,35.75,170.5,76,13.35,258.9,109,11.72,3.1,2,2.3,3,no
MD,159,area_code_415,no,no,0,170.8,74,30.61,188.7,96,8.8,156.7,139,12.01,9.5,2,3.7,4,no
SD,83,area_code_415,no,yes,32,164.2,50,26.57,125.7,101,20.12,150.1,126,12.51,9.3,3,2.55,4,no
VA,87,area_code_415,no,yes,42,147.9,108,40.39,227.2,113,20.49,248.9,98,13.64,7.3,3,3.61,1,no
TN,105,area_code_408,yes,no,0,346.3,92,38.1,306.9,103,18.69,268.9,105,12.61,15.0,2,3.68,6,no
NV,221,area_code_415,no,no,0,205.6,93,32.02,138.0,81,18.61,214.3,102,13.76,6.9,5,2.15,4,no
VA,104,area_code_415,no,yes,0,136.4,162,19.3,84.9,87,21.1,168.5,132,9.89,9.4,2,3.37,1,no
MO,168,area_code_415,no,no,0,43.9,82,32.84,180.7,87,16.76,181.7,51,9.4,10.8,3,2.97,1,no
AK,68,area_code_408,no,yes,0,109.4,82,15.85,155.5,103,28.46,289.8,134,7.39,4.1,6,2.0,6,no
DE,76,area_code_415,no,no,0,149.2,61,25.81,167.4,112,15.09,163.1,101,12.06,8.6,3,2.07,1,no
SC,59,area_code_415,no,yes,45,94.9,80,43.86,218.6,92,19.57,195.6,66,13.13,10.4,6,1.55,1,no
MN,30,area_code_415,no,yes,1,118.3,97,33.54,200.3,121,19.42,313.8,129,8.23,10.6,3,2.55,6,no
NV,82,area_code_408,no,no,1,84.3,82,17.53,336.0,87,20.42,204.4,65,12.87,9.8,3,3.21,1,no
OR,79,area_code_510,no,no,34,92.6,74,25.6,171.4,132,12.11,274.5,107,12.99,5.8,3,3.12,1,no
MO,91,area_code_415,no,yes,0,141.0,99,34.07,186.6,103,15.82,172.0,71,8.25,10.6,2,1.67,0,no
MT,76,area_code_415,no,no,0,157.2,96,36.7,242.6,98,22.16,101.4,114,11.97,9.0,2,2.53,2,no
WA,205,area_code_415,no,yes,39,166.1,111,26.8,286.2,90,18.57,250.8,123,14.43,11.4,2,2.09,1,no
ME,98,area_code_415,no,yes,42,210.7,91,16.95,267.0,78,22.84,166.6,68,13.72,6.7,3,2.5,1,no
KY,110,area_code_415,yes,yes,0,179.6,99,21.47,323.7,124,30.54,274.7,136,10.86,1.7,2,2.81,1,no
SD,101,area_code_510,yes,no,0,149.1,92,24.33,225.1,109,22.85,152.9,121,10.11,0.0,6,1.45,1,yes
MI,79,area_code_415,yes,no,34,223.8,94,32.09,172.4,105,27.06,373.6,89,12.86,10.9,3,2.52,1,no
MN,69,area_code_415,no,no,0,283.2,91,35.12,154.2,106,26.44,244.9,90,10.3,7.7,2,3.86,1,no
AZ,62,area_code_415,no,yes,25,323.7,107,30.3,186.4,96,6.52,76.2,141,11.07,6.6,5,3.93,1,no
TN,114,area_code_510,no,no,1,307.8,92,39.65,197.7,76,28.25,203.1,91,13.36,10.1,4,2.67,1,yes
WY,53,area_code_415,no,no,0,148.0,67,31.66,181.7,111,23.67,122.8,121,7.77,11.9,9,2.95,1,no
OR,195,area_code_415,yes,yes,41,61.9,125,36.77,165.7,127,16.17,277.3,98,11.69,8.6,3,2.38,1,no
OR,117,area_code_510,no,no,0,83.7,85,27.8,166.6,118,23.29,244.6,125,14.94,9.9,2,2.13,7,no
MT,93,area_code_408,no,no,0,93.2,80,33.27,164.3,150,21.41,198.5,115,11.44,9.7,9,2.32,1,yes
TX,191,area_code_510,no,no,0,229.6,98,35.9,279.5,89,18.07,231.0,99,14.37,8.6,2,4.68,1,no
MS,138,area_code_415,no,yes,0,176.5,110,54.64,99.2,95,17.33,225.3,138,10.04,5.0,5,2.58,1,no
FL,128,area_code_408,no,yes,1,161.8,127,33.68,92.9,99,18.53,224.5,73,10.28,8.5,5,2.4,4,no
AZ,137,area_code_408,no,yes,38,55.4,93,28.31,228.8,136,20.82,81.9,61,10.39,11.0,5,2.63,1,no
MS,187,area_code_408,no,no,0,140.5,92,31.46,83.4,115,21.88,295.0,129,13.82,6.0,2,2.85,1,no
SC,164,area_code_510,no,no,44,205.5,82,29.55,201.4,120,23.63,299.4,115,11.07,10.3,2,1.09,1,no
WY,97,area_code_415,no,yes,0,63.0,71,21.54,231.2,94,13.38,333.6,82,10.37,12.6,5,3.35,2,no
MS,70,area_code_408,no,yes,0,182.4,87,23.86,183.6,118,16.88,228.9,123,10.58,8.8,5,2.95,1,no
MD,149,area_code_408,no,no,0,88.9,97,16.14,187.0,88,19.16,157.0,126,12.04,14.2,3,2.15,5,no
AZ,150,area_code_408,no,no,25,0.0,156,20.0,169.2,113,19.37,99.8,99,11.95,13.0,3,3.41,1,no
WV,190,area_code_415,no,yes,0,150.8,110,25.6,160.9,91,18.14,200.5,138,13.28,6.6,4,3.74,4,no
ID,97,area_code_415,yes,yes,1,244.4,101,39.21,212.4,152,11.85,212.7,93,15.25,10.2,6,3.72,1,yes
MT,92,area_code_408,no,no,0,176.4,109,33.52,177.3,141,20.49,250.4,110,9.5,9.8,5,3.19,1,no
KS,104,area_code_415,yes,no,42,199.2,109,27.44,123.6,145,24.43,268.7,84,8.35,7.6,3,2.52,1,no
IA,168,area_code_510,no,no,0,186.5,106,32.79,188.0,96,18.96,311.6,108,13.59,11.2,3,2.94,0,no
NY,136,area_code_408,yes,no,16,151.0,103,32.5,272.4,95,19.43,189.2,82,8.97,10.6,3,2.07,1,no
LA,102,area_code_415,no,yes,0,75.3,86,33.44,135.8,114,21.84,301.8,99,14.6,8.5,6,2.84,5,yes
OK,153,area_code_510,no,no,0,130.3,125,24.55,243.3,102,17.18,306.6,68,8.18,8.7,4,3.81,4,no
IA,229,area_code_408,no,no,0,188.8,84,32.74,229.6,125,20.7,242.4,98,14.52,10.0,2,2.23,3,yes
OR,71,area_code_510,no,no,0,166.0,102,35.85,171.3,95,20.75,184.0,80,8.49,5.9,3,4.77,2,no
ME,187,area_code_415,no,no,35,115.1,98,47.78,176.9,154,16.19,296.3,90,10.38,12.0,4,2.84,3,no
MS,77,area_code_415,no,yes,37,85.2,117,26.55,137.6,86,16.4,172.2,84,13.97,8.9,3,2.83,0,no
IL,123,area_code_408,no,no,0,264.7,90,34.98,148.1,91,20.91,225.0,79,9.27,9.3,5,2.11,1,no
HI,102,area_code_510,no,no,0,159.6,98,31.92,190.3,127,23.2,190.2,96,10.86,9.6,4,2.7,1,yes
MT,222,area_code_510,no,no,0,36.9,124,22.59,194.7,109,16.29,258.1,124,11.6,12.5,4,1.0,4,no
MT,105,area_code_510,no,yes,1,160.5,114,25.47,118.5,94,10.13,208.9,107,15.47,6.0,2,3.55,1,no
GA,1,area_code_415,no,yes,32,142.6,89,19.25,307.7,144,24.6,300.6,105,13.65,10.0,2,2.89,0,no
NM,85,area_code_415,no,yes,48,155.3,107,24.07,173.7,101,23.7,188.6,100,10.54,6.3,3,3.1,0,no
SD,149,area_code_415,yes,no,0,142.3,99,43.3,275.0,108,16.26,146.2,121,14.98,11.1,3,2.61,1,no
OK,67,area_code_408,no,yes,39,247.9,114,25.74,201.2,125,12.03,193.9,104,10.16,6.2,2,1.18,2,no
NH,144,area_code_408,yes,yes,20,84.0,56,23.15,220.1,111,22.36,110.3,115,10.4,7.7,4,2.33,1,no
AZ,68,area_code_408,no,no,1,235.7,74,25.59,197.9,127,19.93,192.8,112,10.36,6.6,2,2.36,1,no
RI,125,area_code_408,no,yes,37,236.9,95,46.97,232.0,91,26.43,99.7,76,10.25,9.6,6,2.11,1,no
WI,161,area_code_415,no,no,0,150.7,94,31.12,178.2,129,17.07,311.9,131,11.38,5.2,8,2.3,3,no
NY,40,area_code_415,no,yes,38,235.5,84,28.46,318.3,88,14.05,244.9,109,8.36,9.3,6,2.7,1,no
MN,77,area_code_510,yes,no,0,117.0,88,41.53,280.6,104,19.66,198.7,120,10.94,10.4,3,2.44,0,yes
WI,127,area_code_408,no,no,0,157.3,73,37.55,210.5,101,17.77,176.6,97,14.91,10.9,3,0.25,1,no
MI,138,area_code_415,no,no,0,171.5,61,27.06,222.6,103,21.64,222.8,70,8.85,8.0,3,2.85,1,no
WY,80,area_code_415,no,no,0,225.0,103,29.15,285.2,122,23.62,191.5,114,13.22,9.7,3,2.73,2,no
OR,25,area_code_510,no,no,0,28.6,86,10.41,103.1,120,27.09,215.9,113,9.53,10.7,3,2.49,2,no
SD,214,area_code_415,no,no,0,111.3,109,36.97,152.4,131,18.77,228.6,130,10.09,2.9,8,0.63,0,no
WV,155,area_code_408,no,no,23,144.1,92,23.57,284.3,111,25.16,216.4,107,13.71,11.0,3,2.33,1,no
OR,167,area_code_510,no,no,33,150.5,105,17.85,280.2,104,18.27,186.6,68,10.11,9.1,1,2.75,1,no
MA,122,area_code_415,no,yes,29,184.3,78,41.66,205.2,97,15.39,296.0,152,10.39,6.6,5,1.64,0,no
ME,116,area_code_415,yes,yes,0,189.6,91,50.16,158.8,122,22.28,202.4,109,14.85,6.3,2,1.8,1,no
KY,105,area_code_415,no,yes,46,131.9,90,44.79,260.2,143,26.57,300.9,106,11.87,6.0,3,4.41,1,no
IL,171,area_code_510,no,no,0,91.6,90,23.46,205.4,152,22.16,299.3,107,15.45,9.8,3,2.57,1,no
DC,122,area_code_415,no,yes,0,175.7,129,27.32,198.4,117,17.07,253.0,150,10.26,9.3,3,1.96,1,no
LA,99,area_code_408,no,no,31,210.5,136,33.65,170.0,99,14.86,198.0,102,10.52,10.6,3,1.99,1,no
MO,149,area_code_415,no,yes,0,83.7,41,0.0,224.9,114,13.72,186.5,100,9.84,9.4,3,2.09,1,no
DC,127,area_code_510,no,no,1,273.9,122,32.03,214.7,126,25.32,329.2,101,13.39,4.4,5,3.15,2,no
KY,154,area_code_415,no,yes,27,196.6,106,26.13,196.7,68,22.79,178.9,112,15.17,10.0,7,2.19,1,no
WY,110,area_code_415,yes,yes,23,179.2,96,27.27,150.0,93,13.33,241.9,91,8.37,5.3,3,2.9,1,no
NJ,112,area_code_415,no,yes,51,141.2,104,27.28,156.8,100,18.64,229.9,132,11.76,5.0,7,2.24,0,no
KY,196,area_code_415,no,yes,32,87.7,74,24.47,199.8,108,6.29,187.3,88,13.76,7.3,3,3.64,1,no
WI,110,area_code_415,no,no,0,193.5,97,28.0,262.8,111,24.85,317.6,57,10.54,13.1,7,3.16,0,yes
MS,186,area_code_415,no,yes,0,145.9,92,26.3,106.8,159,24.7,202.2,113,11.31,9.0,3,3.54,1,no
IL,157,area_code_415,no,no,0,48.2,77,22.38,206.1,90,15.96,194.9,104,8.27,5.1,2,2.2,2,no
OK,63,area_code_415,no,yes,37,179.6,104,47.33,151.8,141,14.17,256.4,106,9.88,10.4,3,1.67,0,no
DC,186,area_code_408,no,no,0,198.5,100,15.53,225.6,112,24.96,290.1,105,12.03,9.8,6,3.24,1,no
LA,149,area_code_408,no,no,0,254.3,95,30.84,185.0,121,17.45,220.6,112,10.29,3.6,3,2.47,0,no
MN,102,area_code_408,no,yes,0,220.6,112,38.15,230.4,98,17.08,231.2,157,11.13,8.3,9,3.31,2,no
OR,138,area_code_415,no,no,0,135.5,103,34.97,295.8,130,21.82,262.5,109,6.62,12.4,5,2.25,2,yes
WY,63,area_code_415,no,no,0,0.0,104,25.89,120.7,143,25.19,148.2,136,11.19,9.0,6,3.9,0,no
NY,82,area_code_415,no,no,0,172.6,120,40.83,191.8,111,14.88,206.0,125,9.81,4.2,2,3.23,1,yes
NJ,93,area_code_408,no,yes,35,175.4,112,37.99,153.3,105,22.74,186.6,78,10.13,14.4,3,2.8,0,no
NY,157,area_code_408,no,yes,33,157.1,87,22.23,184.1,128,17.88,250.9,105,11.99,10.3,3,4.66,1,no
NC,165,area_code_415,yes,no,0,0.0,84,34.45,122.2,115,29.51,166.9,57,10.17,13.3,3,2.27,1,no
OH,99,area_code_415,no,yes,40,147.8,86,33.44,260.7,100,22.38,264.5,90,9.51,7.4,2,2.51,4,no
MA,77,area_code_415,no,yes,42,267.3,84,29.35,240.4,93,23.53,311.3,117,8.7,8.9,3,2.5,1,no
AR,72,area_code_415,yes,no,36,190.8,116,31.72,230.1,93,20.56,240.8,97,8.23,5.3,6,3.25,1,no
TN,157,area_code_415,yes,no,0,233.6,103,35.35,195.0,99,19.34,253.4,146,9.44,12.1,5,3.23,0,yes
SC,117,area_code_415,no,yes,0,73.3,111,24.86,206.5,112,11.67,214.0,103,11.88,13.4,4,2.7,1,no
IA,107,area_code_415,no,yes,43,184.1,88,45.69,329.5,137,23.78,395.0,110,9.82,9.1,10,4.13,1,no
NJ,90,area_code_510,no,yes,40,237.7,127,51.9,185.0,112,18.53,210.5,111,5.38,11.3,3,1.37,1,no
AL,158,area_code_415,no,yes,1,209.2,84,47.0,187.4,127,21.75,270.5,116,15.21,6.0,3,2.87,3,no
NH,69,area_code_415,yes,yes,0,185.7,133,34.49,167.1,92,20.97,205.2,109,13.79,9.3,3,2.98,1,no
ND,97,area_code_415,no,yes,28,207.0,114,19.71,251.1,137,18.98,195.5,121,10.28,10.2,2,3.09,1,no
WY,95,area_code_415,no,no,0,119.8,93,31.69,46.4,111,17.32,200.3,58,10.78,9.5,2,4.04,1,no
OK,82,area_code_408,no,no,0,148.7,92,30.27,189.6,76,18.86,192.5,113,13.48,9.0,5,2.47,1,no
MO,61,area_code_415,no,yes,40,161.8,109,18.65,224.0,132,24.93,182.0,135,13.5,7.1,2,3.72,1,no
FL,115,area_code_415,no,no,0,183.2,152,21.27,197.4,86,29.01,142.6,125,10.67,9.3,5,2.51,1,yes
SC,129,area_code_408,no,yes,33,131.5,90,34.37,220.4,111,15.35,155.8,119,9.68,9.0,2,3.27,2,no
CA,55,area_code_415,no,no,0,94.2,92,29.85,259.0,108,24.87,205.3,122,12.12,14.2,4,1.07,1,no
MN,143,area_code_415,yes,no,0,214.0,96,37.74,233.8,122,23.84,197.3,104,12.35,9.4,5,2.99,1,yes
TX,194,area_code_415,no,yes,27,240.3,113,20.97,187.1,94,14.62,301.4,131,13.25,10.0,7,3.13,1,no
PA,209,area_code_415,no,yes,0,200.9,84,33.49,182.0,129,22.81,268.0,114,10.54,11.1,7,2.37,1,no
KY,122,area_code_415,no,no,0,138.0,80,26.31,192.7,118,12.59,269.7,127,11.2,9.9,3,3.54,1,no
IL,156,area_code_415,no,yes,44,181.5,118,24.95,216.6,101,30.54,197.2,107,11.24,12.0,3,2.23,0,no
RI,116,area_code_415,no,no,0,132.8,98,30.4,250.8,109,14.02,266.4,115,11.36,11.3,4,3.74,6,no
NC,94,area_code_408,no,yes,0,182.2,94,16.9,141.6,94,24.03,254.4,98,10.13,10.9,5,2.69,0,no
MN,116,area_code_408,no,yes,0,259.9,92,35.86,255.7,103,21.25,279.4,116,10.6,5.5,2,2.77,1,no
TX,53,area_code_415,no,no,0,239.1,110,40.52,196.0,87,23.19,171.0,107,8.91,9.1,3,1.5,5,yes
MN,132,area_code_415,no,yes,33,50.4,140,49.7,269.3,91,16.81,176.1,67,10.75,10.4,5,3.2,4,no
NY,49,area_code_408,no,no,43,273.3,97,26.41,214.9,138,18.69,262.6,83,11.0,5.6,3,2.86,1,no
UT,159,area_code_415,no,no,31,167.9,72,44.63,214.0,114,11.8,209.7,121,13.53,9.4,4,3.01,3,no
MI,94,area_code_415,no,no,0,261.3,96,19.67,220.3,84,25.1,234.7,101,12.83,5.0,3,2.03,2,no
MS,59,area_code_415,no,yes,21,192.5,117,30.92,175.9,94,17.07,228.2,120,8.73,9.1,2,4.13,1,no
IA,39,area_code_415,yes,no,0,163.0,82,29.39,183.8,89,19.83,285.5,80,9.91,12.3,3,2.83,0,yes
NH,132,area_code_415,yes,yes,23,102.5,128,31.21,203.6,93,21.51,291.2,71,16.77,12.6,5,2.19,1,no
WY,137,area_code_415,no,no,0,135.0,115,21.1,169.3,134,30.24,270.5,129,17.77,3.5,11,3.47,3,yes
SD,100,area_code_415,no,no,0,72.9,92,14.36,154.5,128,24.1,129.0,136,12.16,11.0,4,3.61,1,no
MS,93,area_code_415,no,yes,0,96.7,105,17.34,150.2,68,20.72,179.9,81,14.92,5.7,6,3.63,2,no
MS,19,area_code_415,no,no,0,259.9,73,33.45,246.6,103,17.11,218.1,111,17.32,5.1,5,2.88,4,no
OK,133,area_code_510,no,yes,17,137.9,112,19.52,218.7,124,19.49,272.5,115,11.08,10.2,2,2.58,1,no
MA,138,area_code_415,no,yes,38,166.7,67,5.25,173.5,110,17.78,289.6,112,12.38,11.7,5,3.59,1,no
MA,54,area_code_415,no,no,32,126.1,105,9.89,19.5,104,18.39,117.2,131,6.81,5.7,5,2.95,6,no
TN,125,area_code_415,no,no,0,20.5,114,31.63,266.4,112,20.83,199.4,100,11.06,6.4,12,3.76,4,yes
NH,47,area_code_415,no,no,0,17.5,80,36.88,188.6,85,30.39,174.7,107,13.83,6.3,5,1.74,0,yes
DE,160,area_code_415,no,no,27,125.3,106,36.57,189.4,149,18.74,241.0,88,6.93,9.1,3,2.42,1,no
OR,92,area_code_415,no,no,30,0.0,89,26.72,114.7,112,8.02,196.3,132,10.1,12.1,3,3.99,1,no
MI,54,area_code_408,no,no,34,138.4,115,21.56,224.7,115,22.41,266.9,132,10.98,6.8,4,2.38,3,yes
MI,154,area_code_415,yes,no,0,185.4,119,55.23,148.0,81,15.81,190.4,94,9.84,5.5,3,2.86,1,no
UT,152,area_code_415,no,yes,22,142.9,96,31.96,175.9,111,23.3,170.8,108,12.96,10.1,2,1.33,1,no
AZ,133,area_code_510,no,yes,1,83.0,111,22.9,184.5,123,24.69,208.7,104,10.81,9.3,7,2.74,1,no
MD,118,area_code_415,no,yes,43,93.1,84,13.84,208.9,104,19.41,260.2,98,10.84,9.4,3,1.6,1,no
MN,111,area_code_415,no,no,22,208.8,111,40.89,124.3,114,21.27,223.7,111,9.85,3.0,6,2.19,3,no
OR,120,area_code_510,no,no,0,189.1,92,25.27,196.8,120,20.16,246.0,128,14.46,10.5,6,3.49,1,no
IN,104,area_code_415,yes,no,0,286.5,119,38.26,129.5,72,21.24,257.3,82,17.43,9.6,5,3.26,1,no
CT,148,area_code_408,yes,no,0,238.2,126,49.01,50.6,141,10.35,259.6,67,11.06,5.5,2,1.91,1,no
WY,64,area_code_415,no,no,0,295.5,67,12.24,309.4,157,17.54,311.0,98,7.88,12.6,3,3.28,1,yes
DC,134,area_code_408,yes,yes,0,195.4,97,48.01,217.7,104,18.77,186.9,84,5.55,11.0,4,2.86,4,no
OR,123,area_code_415,no,yes,39,195.7,138,23.51,278.0,81,23.46,278.4,96,13.38,15.6,1,2.72,6,no
NJ,137,area_code_408,no,no,1,199.2,99,32.65,130.7,86,13.58,255.4,115,14.81,1.9,4,1.99,1,no
AR,97,area_code_415,no,yes,0,124.8,107,32.68,255.0,114,21.87,177.4,129,7.89,10.5,3,1.24,1,yes
ND,143,area_code_415,no,no,27,310.2,95,55.01,251.9,131,19.66,218.9,69,10.48,11.1,3,2.45,1,no
MN,104,area_code_415,no,yes,0,204.4,91,25.2,259.9,100,16.68,131.8,94,12.02,14.2,7,3.82,0,no
ID,91,area_code_510,no,no,0,139.3,81,41.06,199.8,99,7.73,204.5,102,10.1,8.1,18,2.67,3,no
VT,145,area_code_408,no,yes,0,188.1,95,35.87,278.2,110,23.03,288.2,108,8.83,11.4,2,3.39,1,no
ID,162,area_code_415,no,yes,0,130.2,107,28.65,242.7,117,14.51,257.5,99,6.76,7.1,2,2.36,0,no
TX,137,area_code_415,no,yes,0,109.5,76,40.9,164.6,105,16.21,269.8,85,7.6,13.0,7,3.47,2,no
WA,73,area_code_408,yes,yes,1,166.1,107,35.28,263.8,133,8.86,264.9,103,13.5,6.2,6,2.86,2,no
CO,161,area_code_415,no,yes,34,157.1,106,26.18,120.1,103,16.7,272.9,88,10.63,10.7,2,2.87,4,no
OR,72,area_code_510,no,yes,0,118.2,89,24.78,264.5,152,21.52,207.4,107,16.34,6.9,4,2.39,1,no
DC,140,area_code_415,yes,no,0,115.7,136,42.81,242.4,114,20.25,247.5,111,14.01,10.9,3,1.44,1,no
LA,106,area_code_415,no,yes,52,174.0,89,35.63,185.6,97,10.83,236.6,124,12.98,5.6,3,1.17,4,no
PA,77,area_code_408,no,no,0,302.8,120,26.6,212.7,105,26.21,225.9,128,11.52,13.0,2,2.6,5,yes
NC,109,area_code_415,no,yes,40,147.7,98,24.27,139.4,163,21.31,240.2,118,9.42,14.1,6,2.89,1,no
MA,86,area_code_415,no,yes,32,163.8,87,24.95,211.3,116,16.6,152.5,109,10.49,11.6,5,3.09,0,no
NV,167,area_code_415,yes,no,37,185.5,91,46.22,208.9,98,20.22,206.6,93,12.1,11.0,7,2.28,0,no
WA,11,area_code_408,no,yes,0,149.4,117,30.46,215.9,94,23.91,234.1,121,11.22,7.3,5,1.28,1,no
NH,152,area_code_415,yes,no,0,54.6,100,31.15,183.4,112,18.51,182.5,116,11.49,8.1,2,2.67,1,no
WI,124,area_code_415,no,no,28,197.4,105,22.07,127.0,148,6.74,179.4,119,12.43,11.0,7,2.8,2,no
SC,162,area_code_415,no,no,0,250.3,122,45.26,175.5,70,21.16,244.3,112,11.39,9.7,6,4.65,4,yes
SC,115,area_code_415,no,no,0,137.6,107,20.79,237.0,113,19.13,271.8,112,10.64,4.0,3,3.0,1,no
IA,120,area_code_408,no,yes,33,183.4,97,39.63,97.3,109,20.36,205.7,81,7.28,15.4,5,2.66,1,yes
MA,158,area_code_415,no,yes,0,113.9,141,47.08,207.9,114,19.27,288.0,83,11.84,9.0,3,1.6,4,no
NM,55,area_code_510,no,no,0,203.4,89,23.4,173.1,131,21.82,254.8,124,13.49,9.3,2,2.52,1,no
WY,77,area_code_415,yes,no,40,149.0,84,28.55,268.3,108,21.01,223.7,104,9.73,8.9,3,2.6,7,yes
DC,125,area_code_408,no,no,0,179.6,107,30.79,80.2,124,20.37,259.6,134,14.33,9.2,3,3.8,1,no
RI,170,area_code_415,no,no,0,293.8,83,36.07,138.2,101,12.67,295.9,90,13.28,10.4,6,4.35,1,yes
NE,70,area_code_415,no,yes,28,132.3,91,22.51,86.5,166,18.36,201.4,99,9.24,13.4,5,3.35,1,no
RI,136,area_code_415,no,no,0,260.7,152,31.32,149.9,132,19.23,280.6,110,11.02,7.1,3,3.13,2,no
WV,30,area_code_415,no,yes,0,125.3,74,18.77,238.7,130,16.46,146.6,68,11.3,13.0,4,2.41,1,no
FL,132,area_code_415,no,yes,0,226.5,105,30.84,164.7,68,23.84,273.0,56,13.11,9.5,2,3.4,4,yes
DE,229,area_code_415,no,no,0,147.4,86,22.73,337.3,98,13.28,133.1,135,9.72,12.0,3,2.97,5,no
ID,135,area_code_415,no,no,37,269.5,93,36.87,199.6,112,18.73,270.8,99,8.06,9.5,3,4.57,0,no
GA,124,area_code_408,no,yes,42,203.8,123,23.03,187.8,115,18.78,163.5,100,10.77,6.4,5,3.35,1,no
PA,105,area_code_510,no,no,0,67.6,128,21.77,204.3,124,24.43,240.3,111,11.4,9.2,5,3.84,1,yes
KY,124,area_code_408,no,yes,44,180.1,67,33.98,169.6,103,14.69,120.2,130,9.98,10.0,5,2.37,3,no
ME,190,area_code_415,no,no,1,163.1,86,34.75,159.0,131,21.28,267.0,106,10.93,4.3,3,2.95,0,yes
CO,1,area_code_415,no,no,0,142.7,106,29.22,306.2,113,22.54,237.8,99,10.94,8.6,3,3.23,4,no
NH,110,area_code_510,no,no,1,160.4,85,35.97,195.0,140,28.23,126.9,138,14.29,8.2,2,3.8,4,no
OH,105,area_code_415,yes,no,0,291.3,115,24.33,137.6,128,21.73,235.0,106,14.79,6.6,5,1.75,0,no
UT,80,area_code_415,yes,yes,48,287.5,93,32.1,194.1,118,20.23,163.4,98,9.6,10.2,3,1.97,1,no
NM,117,area_code_510,no,no,0,129.8,106,37.39,193.4,119,24.74,265.7,115,10.42,9.0,5,2.86,3,no
OK,108,area_code_415,yes,no,0,236.2,92,28.65,347.3,122,15.03,222.8,133,10.77,5.9,3,2.57,1,no
NY,46,area_code_408,no,yes,18,131.3,135,31.72,169.8,120,20.33,298.5,119,15.57,7.5,2,2.99,1,no
CT,66,area_code_415,no,no,41,171.3,94,29.04,230.5,121,22.29,234.8,151,5.6,11.9,5,2.8,1,no
GA,134,area_code_408,no,yes,40,245.5,151,39.47,187.5,91,17.29,189.9,134,8.99,11.5,5,0.89,0,no
NY,196,area_code_415,no,yes,28,13.6,119,50.26,104.4,116,19.7,245.1,80,7.94,7.3,2,3.21,1,no
MT,145,area_code_415,no,yes,0,157.8,80,31.67,214.1,103,20.71,139.0,117,8.48,5.1,2,1.42,1,no
GA,101,area_code_408,no,yes,34,165.3,76,21.45,219.1,89,19.97,163.9,135,9.64,9.3,3,2.75,3,no
WV,41,area_code_415,no,no,0,210.8,136,19.4,338.6,124,25.78,244.4,82,13.54,0.2,3,3.17,4,no
TX,39,area_code_510,no,no,0,159.1,94,32.29,265.1,97,21.4,221.3,110,7.96,9.9,6,2.19,1,no
MN,118,area_code_415,no,no,28,164.2,79,38.24,163.9,101,18.92,179.3,96,11.24,10.8,5,1.52,1,no
DC,157,area_code_415,yes,no,0,140.7,114,33.99,178.6,97,16.48,117.7,107,9.69,0.0,2,2.45,1,yes
TN,109,area_code_415,yes,no,0,150.9,107,13.79,199.2,71,23.91,195.8,156,15.23,9.5,5,3.5,1,yes
NJ,243,area_code_415,no,no,0,181.1,79,19.81,255.0,82,19.26,260.6,107,17.05,11.6,2,3.25,1,no
FL,98,area_code_415,no,no,0,121.9,77,37.01,198.7,136,21.02,235.8,106,16.79,2.6,5,1.72,5,yes
NJ,131,area_code_415,no,no,0,175.6,116,27.6,134.1,118,24.72,236.8,109,13.75,6.6,4,2.91,0,yes
OK,107,area_code_408,no,yes,25,89.6,127,24.51,166.6,105,24.17,235.8,105,11.91,9.7,4,3.97,1,no
NE,26,area_code_408,yes,yes,28,12.0,93,24.17,91.8,158,22.16,256.4,37,8.19,10.5,1,2.53,2,no
LA,22,area_code_408,no,no,41,115.5,116,32.5,203.9,96,23.17,208.6,96,8.44,4.4,6,1.94,2,no
KS,156,area_code_415,yes,yes,0,231.4,100,23.39,233.3,111,22.13,161.1,83,14.03,9.2,2,0.0,1,no
NJ,83,area_code_510,yes,yes,1,174.9,84,24.4,81.8,107,20.21,177.4,104,13.22,13.4,3,3.33,1,no
TN,206,area_code_408,yes,no,25,274.9,73,19.98,170.3,92,30.54,301.7,85,10.29,11.7,6,3.39,5,yes
NH,175,area_code_415,no,no,0,259.8,88,24.32,154.6,87,16.15,193.1,99,9.89,13.6,5,3.9,1,no
KY,96,area_code_510,no,yes,0,274.4,94,36.43,200.0,110,21.68,168.9,90,11.02,10.1,5,2.72,4,no
NH,79,area_code_415,no,no,0,226.1,87,38.03,165.5,148,25.73,234.5,98,11.59,8.5,7,3.67,4,yes
MI,123,area_code_415,yes,no,0,157.9,113,35.87,312.9,103,21.28,291.0,141,10.59,6.2,2,2.25,1,yes
RI,79,area_code_415,no,no,0,270.1,93,42.7,170.8,119,18.16,211.3,149,7.4,6.1,3,0.95,2,no
AZ,108,area_code_408,no,no,0,137.7,94,34.43,174.7,94,19.37,143.3,101,10.29,7.4,6,1.62,1,no
AR,146,area_code_415,no,no,0,132.0,112,30.57,255.0,129,21.75,173.5,84,11.23,3.3,4,3.16,4,no
AR,151,area_code_510,no,no,44,178.8,83,57.4,210.4,87,17.61,337.7,64,12.83,6.6,2,2.31,4,no
SC,95,area_code_510,yes,yes,40,78.1,106,17.82,203.4,118,19.76,346.8,68,10.5,8.1,3,2.68,1,yes
MN,206,area_code_510,no,no,0,111.0,113,27.47,148.2,148,24.94,257.4,122,13.89,1.3,5,3.04,1,no
NH,12,area_code_415,yes,no,0,154.3,103,36.72,245.4,126,18.08,211.9,72,10.82,4.9,2,3.19,4,no
LA,118,area_code_415,no,yes,0,169.1,118,16.6,207.7,148,20.63,246.5,112,8.73,11.3,9,3.11,1,no
MN,155,area_code_408,no,no,0,146.5,84,22.55,179.7,115,23.34,245.1,117,10.57,4.3,2,2.91,1,no
IN,104,area_code_510,no,no,0,179.5,113,31.72,265.9,84,20.8,254.4,83,12.56,6.5,2,1.78,4,no
AR,120,area_code_415,no,yes,34,206.3,89,34.03,234.3,100,15.69,297.7,97,11.59,3.7,3,3.28,1,no
NH,127,area_code_415,no,no,0,85.1,101,30.83,230.0,113,18.74,349.2,113,8.07,4.5,2,3.34,1,yes
AZ,77,area_code_408,no,no,1,144.6,93,27.87,296.3,117,18.39,255.1,121,10.83,4.1,5,2.14,1,no
AK,187,area_code_415,no,no,0,92.0,87,19.59,197.9,104,24.87,226.7,64,11.31,9.3,4,2.28,0,no
SC,129,area_code_510,no,yes,37,157.9,98,25.64,176.4,152,22.11,187.8,89,8.39,6.9,5,4.17,1,no
GA,37,area_code_408,no,no,0,278.1,73,18.37,162.6,135,17.47,330.2,70,8.11,2.0,2,3.03,3,no
CA,61,area_code_415,no,no,0,229.8,131,23.86,151.4,98,23.09,254.3,113,7.18,5.9,7,2.78,0,yes
CT,163,area_code_408,no,yes,30,86.3,99,38.4,153.5,101,7.95,196.9,127,12.54,7.8,5,3.19,1,no
AL,206,area_code_408,no,no,0,100.1,93,48.29,185.4,131,17.61,326.3,74,7.97,10.6,5,2.41,4,yes
AL,27,area_code_510,no,yes,1,144.0,96,32.84,184.2,113,25.27,208.9,124,9.44,11.0,2,2.52,1,no
NY,104,area_code_415,no,no,0,159.2,100,13.7,132.3,93,9.26,146.9,96,9.02,13.0,2,2.94,3,no
MD,76,area_code_415,no,no,0,160.6,109,29.24,128.8,104,13.42,205.4,77,5.95,14.5,4,1.29,1,no
WV,84,area_code_408,no,yes,45,239.0,96,22.86,183.9,119,22.84,284.3,72,10.92,8.0,5,2.75,1,no
WY,133,area_code_415,yes,no,0,279.2,86,41.96,215.2,114,17.8,255.2,117,11.92,7.8,8,3.8,2,no
CT,178,area_code_408,no,no,30,69.8,125,49.39,115.0,112,11.69,238.1,104,9.6,14.6,3,1.95,4,no
GA,91,area_code_415,no,yes,34,151.2,87,39.83,243.4,91,19.12,274.9,104,8.65,6.8,4,2.74,4,no
OR,184,area_code_510,no,no,0,113.4,79,22.31,220.2,96,19.6,132.4,114,9.81,11.0,3,3.26,4,no
IN,148,area_code_415,yes,no,0,178.5,124,34.36,170.6,130,24.12,203.8,116,14.17,7.8,3,4.11,1,yes
MI,196,area_code_415,yes,no,0,59.1,78,34.57,226.2,116,17.26,294.8,128,16.39,9.5,5,3.01,1,no
MT,91,area_code_415,no,no,0,219.1,107,33.99,106.6,137,9.62,159.5,57,9.2,10.6,6,2.9,1,no
PA,54,area_code_415,no,no,0,188.3,117,29.82,318.8,86,13.89,211.5,117,14.39,7.4,4,3.64,1,no
AK,134,area_code_415,no,no,0,117.6,74,25.47,245.8,91,22.99,260.3,92,11.99,7.1,1,1.91,1,no
AL,129,area_code_408,yes,no,0,153.7,89,21.8,44.2,165,15.16,237.4,108,9.33,6.7,2,2.11,4,yes
TN,132,area_code_415,yes,no,0,195.1,71,23.81,239.4,100,26.74,169.1,95,11.91,2.0,6,3.06,4,no
DE,87,area_code_415,no,yes,25,196.3,93,27.41,210.0,108,24.49,255.9,102,12.53,10.5,4,2.98,1,no
NV,94,area_code_415,no,no,0,110.2,102,18.01,200.4,130,18.33,217.7,130,13.38,4.5,5,2.45,3,no
AZ,100,area_code_510,no,no,0,222.0,116,21.43,208.8,102,29.12,277.7,122,10.82,10.6,2,2.38,1,no
DC,104,area_code_408,no,yes,0,153.5,118,50.15,213.1,115,18.33,219.7,96,10.62,11.7,2,2.87,1,no
OH,73,area_code_408,no,no,46,234.7,107,29.7,279.0,78,24.9,229.2,96,8.37,5.1,5,3.42,1,no
DC,117,area_code_415,yes,yes,0,213.6,97,30.67,231.0,115,24.97,270.1,85,13.59,11.7,2,2.47,1,no
NJ,98,area_code_415,no,no,0,106.2,119,27.09,333.7,77,17.81,295.9,97,12.8,9.6,2,3.03,2,no
UT,106,area_code_415,yes,yes,0,200.6,109,31.48,180.7,128,13.88,227.7,121,8.78,10.3,15,2.43,1,no
HI,168,area_code_510,yes,yes,0,141.5,94,36.48,194.8,112,14.59,205.3,98,14.0,7.6,7,2.06,1,no
OR,110,area_code_415,no,no,0,98.6,90,25.59,285.7,101,20.49,209.5,84,13.06,6.8,2,0.95,4,yes
TX,87,area_code_408,no,no,0,259.5,108,36.85,308.6,102,19.48,265.1,116,10.72,3.4,11,4.0,0,yes
NY,115,area_code_415,no,no,0,191.7,91,38.2,254.8,111,22.85,203.1,95,13.83,6.8,2,2.7,2,no
NM,44,area_code_415,no,no,0,216.1,84,22.56,264.8,108,22.41,192.8,115,10.02,12.8,3,3.81,1,no
TX,111,area_code_415,no,yes,29,132.8,91,34.49,155.6,121,8.3,253.3,66,10.04,7.6,4,3.52,1,no
CO,73,area_code_415,no,no,25,191.9,114,26.58,195.0,108,16.15,199.3,129,10.51,2.5,3,3.63,1,no
MT,146,area_code_415,yes,no,0,245.1,95,17.42,215.1,103,19.46,225.7,132,11.13,4.1,3,3.17,1,yes
ME,113,area_code_415,no,no,0,170.7,83,36.19,156.1,81,18.5,147.9,106,15.88,9.1,11,2.71,1,no
RI,29,area_code_510,no,no,0,212.6,93,16.63,158.0,82,16.65,233.9,126,11.6,8.3,9,2.13,4,no
OK,162,area_code_415,no,no,0,69.3,94,17.68,198.4,103,24.07,142.7,85,13.88,8.3,5,2.35,2,no
NE,90,area_code_415,no,yes,0,32.1,94,24.38,198.5,83,21.59,200.4,107,11.36,9.3,5,2.7,3,no
OR,83,area_code_408,no,no,18,128.6,78,19.33,188.9,76,23.31,267.5,98,10.62,8.4,7,3.18,4,no
VT,214,area_code_408,no,no,39,165.8,113,29.24,120.6,112,27.85,265.5,126,10.22,8.8,4,2.67,6,yes
LA,137,area_code_415,no,yes,33,92.0,93,30.54,137.5,90,18.62,289.2,120,12.86,7.4,5,1.69,1,no
DE,29,area_code_415,no,no,0,137.2,100,31.2,241.6,120,17.4,289.3,45,10.31,7.0,2,2.92,1,no
AK,162,area_code_408,no,no,0,144.8,98,55.34,143.5,112,19.3,367.3,91,11.08,8.0,3,3.5,1,yes
GA,100,area_code_510,no,yes,46,54.6,112,3.78,172.4,119,20.49,134.7,101,9.52,12.8,3,2.57,1,no
MI,197,area_code_408,no,no,0,218.4,121,23.5,154.6,148,15.85,204.9,120,10.8,8.8,5,2.59,2,yes
NM,192,area_code_408,no,no,0,119.2,94,21.49,128.5,147,25.51,135.5,116,13.84,11.2,2,3.08,1,yes
NM,135,area_code_510,no,no,36,230.4,129,31.83,169.1,111,26.02,255.6,69,11.66,3.5,5,0.65,3,no
AR,61,area_code_415,no,no,0,126.3,73,25.35,125.4,136,20.87,268.3,95,10.22,10.7,5,4.17,1,no
CA,133,area_code_415,yes,yes,32,161.8,81,27.83,262.1,148,16.9,194.3,71,9.54,7.8,3,3.26,2,no
IA,191,area_code_408,no,no,24,167.5,90,44.0,207.3,105,18.67,280.5,81,12.65,12.2,3,2.38,1,no
AZ,101,area_code_415,yes,yes,0,129.5,57,32.22,248.3,93,24.57,81.5,118,12.47,8.0,6,2.43,2,no
MD,120,area_code_408,no,yes,42,115.7,112,30.67,229.6,68,20.28,307.7,94,11.4,6.4,3,3.36,1,no
UT,102,area_code_408,yes,no,0,114.5,107,23.68,282.3,118,27.53,212.0,84,14.27,9.0,5,2.54,1,no
IL,147,area_code_408,no,no,0,158.7,106,27.43,264.5,90,16.04,312.9,113,14.47,6.1,4,1.76,4,no
ND,71,area_code_415,no,no,0,129.8,69,24.67,186.3,126,25.5,181.5,115,12.52,2.9,5,2.99,1,no
VT,139,area_code_408,no,yes,39,81.6,82,52.77,166.7,100,13.64,265.7,75,9.85,6.4,5,0.97,1,no
NV,90,area_code_415,no,no,0,205.8,142,11.5,359.3,92,26.18,170.6,114,10.16,9.7,2,2.25,5,no
NH,154,area_code_408,yes,yes,16,172.8,94,24.98,158.5,110,19.74,219.5,88,10.16,0.3,3,2.5,1,no
MA,56,area_code_415,no,yes,0,289.9,92,35.48,276.4,101,19.98,201.4,115,11.56,8.6,3,2.47,1,no
IA,132,area_code_415,no,no,0,192.8,141,18.24,137.5,100,20.41,170.3,171,13.93,4.6,11,2.9,4,no
NJ,158,area_code_415,no,yes,0,159.3,114,33.14,130.7,92,11.93,233.1,138,8.44,10.1,7,0.27,1,no
NC,155,area_code_408,no,no,0,164.7,88,34.5,165.0,107,21.22,65.6,79,9.43,12.0,6,2.86,1,yes
LA,186,area_code_415,no,no,0,186.9,106,37.35,212.3,93,26.44,239.9,74,10.6,5.8,2,2.12,1,no
OK,132,area_code_408,no,yes,28,220.7,106,1.69,359.3,130,18.19,244.0,106,10.29,12.6,5,1.89,1,no
MI,186,area_code_408,yes,no,0,190.7,119,35.39,302.0,97,18.48,207.5,104,10.7,11.1,5,2.66,1,no
AK,203,area_code_415,no,no,0,26.9,77,30.69,322.5,157,21.38,253.7,127,8.44,4.8,3,2.26,1,no
NJ,164,area_code_415,no,no,0,131.3,65,37.53,200.9,110,27.43,175.6,107,7.34,13.3,7,1.15,1,no
LA,115,area_code_415,no,yes,0,103.7,89,22.66,201.0,68,18.23,213.6,108,11.78,10.7,2,2.37,1,no
NM,118,area_code_415,no,yes,0,235.7,64,29.25,252.3,63,11.72,304.3,98,7.33,7.4,9,1.08,4,no
NM,155,area_code_510,no,no,0,184.2,104,40.71,149.6,111,15.53,293.3,127,5.37,10.7,4,2.61,1,no
OK,137,area_code_510,no,yes,0,48.6,93,7.09,239.9,166,17.83,268.3,118,17.77,9.4,5,2.34,1,no
TN,131,area_code_408,no,no,0,134.1,133,37.22,178.9,145,18.03,256.2,102,11.19,7.0,5,5.04,4,yes
NJ,121,area_code_415,yes,no,0,126.8,85,36.23,359.3,101,26.08,326.3,144,10.48,6.3,2,1.77,3,yes
MO,118,area_code_415,no,no,0,153.4,69,33.62,281.3,106,13.54,201.9,107,13.13,6.0,6,3.36,1,no
AK,149,area_code_415,no,yes,0,88.7,117,33.13,251.8,145,11.42,248.9,130,11.72,2.7,5,2.26,1,no
ND,92,area_code_510,yes,yes,1,133.6,89,25.73,215.3,142,19.29,187.0,118,12.01,8.5,4,2.14,3,no
CA,105,area_code_415,yes,yes,0,221.9,113,31.94,173.8,123,19.56,258.2,62,13.19,7.9,6,2.92,1,no
OK,73,area_code_415,no,yes,0,156.0,99,34.17,221.2,75,13.46,131.1,100,12.37,5.6,2,2.14,1,no
OH,162,area_code_415,no,no,0,149.7,108,14.22,126.4,77,23.42,227.7,106,9.39,10.7,2,2.93,2,no
WV,132,area_code_415,no,no,0,124.1,133,19.56,237.1,111,18.65,167.1,128,13.65,4.6,3,1.88,1,no
OR,117,area_code_408,no,yes,30,165.1,87,15.81,126.2,89,17.33,222.5,92,10.17,11.1,3,2.45,1,no
MD,108,area_code_408,no,yes,0,159.5,80,22.9,110.1,156,16.8,226.9,148,8.66,7.0,2,4.24,1,no
SD,83,area_code_510,yes,no,0,258.6,87,26.16,262.3,90,29.71,258.1,127,11.83,5.3,2,1.97,1,no
NY,150,area_code_415,no,no,0,233.3,98,32.7,121.7,100,24.45,185.2,87,10.81,7.4,4,2.92,1,no
AZ,42,area_code_510,no,no,0,156.6,110,27.04,294.0,110,16.87,238.9,95,13.12,5.9,3,2.36,1,no
KY,76,area_code_415,no,no,0,170.8,107,35.95,270.7,99,23.93,238.2,93,11.55,10.8,4,2.16,1,no
MD,114,area_code_408,no,yes,36,143.1,112,21.35,157.4,112,17.22,258.2,90,7.48,8.8,4,2.17,1,no
MA,161,area_code_415,no,yes,0,206.3,85,30.09,254.3,114,14.44,261.9,110,13.6,9.7,8,2.01,1,no
WY,14,area_code_415,yes,yes,0,259.0,77,27.21,227.2,145,25.52,307.0,79,17.76,9.7,6,2.46,4,no
RI,74,area_code_415,no,yes,23,234.2,66,31.22,246.2,151,19.46,273.4,111,13.5,7.6,2,3.63,1,no
NE,104,area_code_415,no,no,0,147.8,67,42.39,184.8,117,26.49,229.9,100,15.49,7.7,9,4.33,0,no
UT,133,area_code_415,no,no,0,180.5,79,40.24,226.6,105,13.7,201.0,111,7.28,11.4,4,3.47,2,no
NH,222,area_code_408,yes,no,35,85.1,75,47.47,81.6,143,14.69,215.2,68,12.03,9.5,10,3.43,1,no
WI,235,area_code_415,no,yes,0,234.6,90,33.72,316.6,92,12.21,174.1,92,8.88,10.5,3,2.61,3,no
MT,149,area_code_510,no,no,0,65.2,84,39.21,112.5,111,18.36,214.9,98,12.78,12.4,3,4.35,4,no
OR,150,area_code_510,no,yes,0,20.7,115,18.21,141.5,112,24.54,177.8,116,8.09,10.8,2,2.0,2,no
SC,138,area_code_510,yes,yes,1,125.7,104,24.73,197.0,149,23.36,203.8,99,11.86,10.2,2,3.18,1,no
RI,134,area_code_510,no,no,0,155.1,125,29.32,87.2,86,26.14,234.6,83,15.86,6.6,5,2.83,1,no
NH,87,area_code_415,yes,no,0,245.1,109,42.37,104.0,92,17.11,255.2,82,7.69,12.1,4,2.87,0,yes
HI,92,area_code_408,no,yes,38,44.0,60,20.8,272.9,106,23.14,189.8,102,10.79,4.3,3,2.39,1,no
FL,81,area_code_415,no,no,0,208.9,105,21.48,297.7,101,26.68,234.8,108,14.22,5.0,2,2.85,1,yes
MN,107,area_code_510,yes,no,0,138.8,127,45.6,296.1,110,9.77,226.3,120,10.05,4.8,6,2.8,1,yes
UT,121,area_code_408,no,no,0,67.1,77,32.46,172.4,108,15.86,151.6,73,13.56,9.1,0,4.59,4,no
NH,79,area_code_415,yes,no,0,149.0,97,48.17,140.8,106,24.28,298.2,51,8.52,10.0,3,3.75,1,yes
TX,99,area_code_415,no,yes,44,103.4,83,21.19,91.9,117,23.98,199.2,101,9.9,9.0,2,1.75,5,no
MI,104,area_code_408,no,no,0,281.4,107,32.07,325.0,101,13.22,249.3,81,10.88,9.4,2,2.52,2,no
WI,239,area_code_415,no,no,0,232.3,85,42.4,224.4,149,17.81,264.9,97,10.46,8.4,3,1.32,4,yes
WA,78,area_code_415,no,no,27,71.7,82,7.37,112.9,99,14.19,184.0,114,9.1,7.0,4,2.78,1,no
NJ,185,area_code_510,no,no,0,169.6,109,28.0,166.5,87,17.23,205.1,143,13.77,4.6,5,2.9,1,no
AR,111,area_code_415,no,yes,38,110.0,127,25.86,194.4,95,20.79,221.9,88,12.4,10.5,2,2.67,1,no
RI,212,area_code_415,no,yes,47,229.8,83,35.78,80.3,89,20.25,222.7,83,10.08,10.8,5,3.11,1,no
MN,1,area_code_415,yes,no,1,101.8,92,39.68,119.5,112,14.5,235.4,92,15.02,6.1,2,3.24,1,yes
CA,85,area_code_415,no,no,0,120.0,104,26.44,148.2,112,20.17,205.3,91,9.05,11.4,7,2.4,1,no
AZ,105,area_code_408,no,yes,33,63.1,91,14.47,178.2,147,18.64,147.3,99,9.41,8.8,6,3.07,0,yes
MI,101,area_code_415,no,yes,34,150.1,79,25.11,198.9,73,14.31,218.1,144,15.06,6.0,3,3.33,2,no
OK,156,area_code_408,no,no,0,168.3,59,38.17,204.4,96,14.56,204.2,111,9.04,8.9,9,2.51,1,yes
WI,92,area_code_408,no,yes,19,174.7,115,34.38,175.9,126,17.53,267.7,96,13.01,4.2,4,3.21,2,no
AR,98,area_code_408,no,yes,15,194.9,120,34.19,129.2,109,18.03,266.6,72,11.01,6.7,5,1.83,4,no
CA,85,area_code_408,yes,no,16,186.8,93,21.95,197.9,140,24.03,236.4,130,17.77,3.4,5,3.26,3,no
FL,85,area_code_415,no,no,0,0.0,154,31.67,154.4,112,24.64,130.2,102,12.81,9.5,4,2.78,0,no
MA,224,area_code_415,no,yes,0,32.4,99,29.34,156.2,124,19.78,131.0,107,9.39,9.1,4,1.9,1,no
IA,112,area_code_415,no,no,0,35.5,93,34.85,219.7,93,22.46,176.7,88,15.28,12.6,6,2.57,0,yes
WA,149,area_code_415,no,yes,30,138.5,101,32.03,297.9,123,22.53,273.6,122,11.25,11.3,5,2.42,3,no
MS,116,area_code_415,no,yes,37,165.7,113,38.0,323.3,142,23.53,269.0,139,6.62,8.8,7,0.28,1,no
AZ,183,area_code_510,no,no,0,220.2,121,34.78,268.4,90,20.08,283.7,119,10.28,8.6,3,2.43,1,yes
MN,129,area_code_415,no,yes,0,184.8,98,22.68,192.0,117,21.6,195.0,116,14.53,8.5,5,3.12,1,no
MO,99,area_code_415,no,no,0,127.6,76,10.76,35.5,108,17.93,155.0,67,11.05,10.5,5,3.24,1,no
DC,122,area_code_415,no,yes,0,185.1,53,21.17,215.6,107,23.75,288.2,108,11.75,12.9,3,3.01,1,no
AZ,56,area_code_408,no,no,0,170.0,101,19.38,186.4,75,19.33,250.0,128,15.35,7.8,2,4.18,2,no
KY,46,area_code_408,no,yes,50,172.0,121,25.43,181.9,123,16.9,254.0,96,8.07,13.4,3,2.52,4,no
NH,104,area_code_415,no,yes,0,92.0,104,25.28,233.6,72,10.03,177.7,107,9.97,9.7,2,1.27,3,no
MA,138,area_code_408,no,yes,0,205.3,115,35.05,100.4,113,15.25,161.9,101,16.7,4.4,3,2.9,1,no
NJ,62,area_code_415,no,no,0,168.8,96,26.53,209.8,80,19.56,235.1,82,5.79,12.0,5,2.13,1,no
MO,127,area_code_408,no,yes,33,76.4,120,31.55,79.9,109,19.26,304.7,99,12.86,5.4,2,2.06,1,no
OR,59,area_code_408,no,no,1,271.2,119,28.38,197.5,150,25.39,305.9,67,9.04,4.9,2,2.76,1,no
NC,188,area_code_415,no,yes,39,154.1,93,29.42,167.7,113,22.18,144.6,121,8.98,10.8,2,2.98,1,no
MN,39,area_code_415,no,yes,28,147.8,84,31.94,176.3,116,25.2,210.0,107,10.94,10.5,2,3.04,3,no
KY,58,area_code_408,no,yes,22,238.9,87,26.55,286.0,124,17.88,336.4,138,10.03,10.7,5,4.12,0,no
ND,84,area_code_408,no,no,0,75.5,104,43.65,346.9,104,20.62,134.7,41,11.5,12.3,2,2.72,1,no
UT,161,area_code_510,no,no,0,47.7,139,27.86,60.9,151,17.53,221.5,94,12.71,4.2,3,1.49,2,no
WV,43,area_code_415,no,yes,32,225.0,123,38.13,163.9,81,4.03,351.2,94,7.81,13.4,2,4.81,0,no
MN,93,area_code_415,no,no,0,51.4,100,22.36,219.0,123,26.62,240.9,110,11.38,5.4,3,3.29,1,no
NH,94,area_code_415,yes,no,0,106.3,88,37.85,189.6,100,25.5,219.1,102,13.35,12.6,7,4.82,1,yes
UT,150,area_code_415,no,yes,31,161.2,85,35.39,194.7,123,18.86,213.0,107,11.27,11.3,4,4.02,1,no
KS,163,area_code_510,no,no,32,246.0,88,22.05,260.1,115,22.05,246.3,145,6.37,6.6,3,2.99,2,no
SD,183,area_code_408,no,yes,37,122.3,89,13.59,123.2,122,26.46,123.7,107,11.76,9.2,3,2.77,1,no
KS,202,area_code_408,yes,no,0,178.1,100,27.33,151.2,76,11.99,311.4,150,9.03,3.1,5,0.52,3,no
ME,180,area_code_510,yes,no,0,290.6,60,27.47,233.5,152,26.86,167.3,112,14.03,6.8,2,3.39,4,yes
NE,15,area_code_415,no,yes,43,119.4,82,31.44,250.9,165,20.08,199.8,28,11.97,5.2,3,3.11,2,no
SC,86,area_code_510,no,no,36,167.4,68,37.32,287.1,125,22.15,308.4,101,9.13,11.7,6,4.34,0,no
RI,42,area_code_415,yes,no,0,138.1,111,36.02,250.0,97,20.12,180.8,116,11.52,4.7,5,3.26,1,yes
OK,112,area_code_415,no,yes,16,163.8,68,26.27,241.2,88,16.61,194.6,123,12.21,8.9,4,3.06,1,no
ND,93,area_code_408,no,no,0,196.4,110,33.41,277.7,109,12.62,201.8,104,14.75,6.7,11,2.85,1,yes
GA,119,area_code_415,no,yes,0,93.4,94,27.15,147.5,119,25.28,183.9,141,13.12,10.6,3,0.87,0,no
DE,103,area_code_415,no,no,0,181.4,128,23.23,137.1,81,14.23,230.5,118,11.86,4.8,5,3.22,1,no
LA,155,area_code_408,no,yes,30,164.0,93,8.56,169.3,113,25.25,272.7,152,11.94,7.8,2,3.64,1,no
NC,40,area_code_415,no,yes,0,249.9,124,34.6,123.4,133,26.72,304.8,102,12.09,6.9,5,1.55,1,no
AR,105,area_code_415,no,no,0,156.2,86,29.94,238.6,102,25.48,122.1,100,13.16,11.1,3,1.53,4,yes
IL,189,area_code_415,no,no,0,199.5,109,20.95,216.7,101,27.86,153.8,73,7.34,10.5,11,2.65,1,no
HI,105,area_code_408,no,no,0,147.5,100,34.75,241.5,131,19.49,225.0,114,11.02,8.8,3,2.89,1,no
OH,123,area_code_415,yes,no,0,284.6,95,53.82,254.7,104,25.84,220.6,63,13.9,7.3,3,0.69,1,no
MD,84,area_code_408,no,yes,37,186.5,93,18.67,217.6,88,11.48,264.7,107,9.44,9.5,5,3.88,1,no
WA,63,area_code_408,no,yes,51,245.3,60,28.96,181.0,101,16.81,281.3,116,10.97,5.6,2,3.81,1,no
MN,1,area_code_408,yes,no,0,111.5,102,32.04,187.8,129,15.17,160.9,88,10.04,10.3,8,4.05,1,no
NY,115,area_code_415,no,yes,29,208.8,92,19.65,211.0,114,11.32,244.3,96,8.3,9.0,3,2.21,1,no
KS,168,area_code_415,yes,yes,1,103.2,94,36.57,237.1,158,19.73,190.4,124,10.47,7.0,4,3.58,4,no
MS,147,area_code_415,no,no,0,145.9,116,33.92,153.7,111,21.97,257.7,52,5.2,10.8,4,2.33,3,no
WA,109,area_code_415,no,yes,40,239.0,102,37.55,170.0,54,18.68,311.7,133,6.56,6.0,3,1.3,1,no
NY,97,area_code_415,no,no,0,126.1,93,18.32,285.4,88,17.93,216.4,105,11.71,9.4,3,3.35,5,no
OK,212,area_code_415,no,yes,0,133.0,125,38.04,303.0,102,18.92,302.2,121,12.16,4.3,3,2.28,3,no
FL,105,area_code_415,no,yes,33,55.5,112,27.75,142.0,115,22.47,224.2,87,9.89,13.1,2,2.83,1,no
SD,128,area_code_415,yes,no,0,217.1,84,41.04,222.5,100,15.04,307.7,75,14.18,9.6,5,2.5,1,no
NH,127,area_code_408,no,yes,26,202.5,81,26.25,287.1,88,19.71,291.7,123,9.27,7.2,3,0.0,0,no
SD,36,area_code_510,no,no,0,226.3,90,37.28,267.3,115,28.87,189.5,118,16.03,0.0,2,2.75,0,no
WY,147,area_code_510,no,no,42,199.5,107,19.87,137.2,153,18.46,237.5,99,9.92,5.9,3,1.19,0,no
MA,58,area_code_415,no,no,0,213.8,75,25.2,149.5,96,20.02,216.7,124,8.92,14.2,2,3.04,0,yes
RI,160,area_code_408,no,no,1,131.6,82,17.32,232.8,123,14.17,213.3,123,11.16,8.0,3,2.86,0,no
LA,122,area_code_415,no,no,0,165.7,124,23.31,269.9,130,17.71,232.8,118,11.76,5.7,3,2.99,0,no
NH,80,area_code_408,yes,no,0,247.6,99,33.83,168.1,143,25.79,261.5,57,9.5,10.8,4,2.4,3,yes
NC,137,area_code_415,no,yes,38,230.2,118,31.78,274.3,95,15.09,308.0,110,13.4,5.4,4,2.48,1,no
OK,36,area_code_408,no,yes,36,123.1,111,21.88,249.8,104,23.17,215.5,129,7.6,10.9,5,3.53,1,no
WA,43,area_code_415,no,no,0,125.9,118,19.47,146.5,96,22.99,198.4,129,11.8,6.6,1,2.95,3,no
UT,152,area_code_415,no,yes,32,93.9,97,20.17,218.8,87,20.12,211.7,72,11.11,8.8,5,1.18,1,no
HI,196,area_code_408,no,yes,31,150.8,109,18.14,237.3,139,19.88,294.7,120,12.0,13.9,5,2.6,1,no
IL,61,area_code_415,no,yes,0,189.9,90,28.52,189.0,143,18.72,257.7,87,13.25,4.2,8,3.07,4,no
AR,196,area_code_408,no,no,0,212.9,89,44.39,200.5,98,19.86,178.0,95,8.94,8.5,2,3.35,1,no
MS,104,area_code_415,no,yes,0,221.4,101,59.76,305.7,74,9.28,326.6,81,6.0,12.6,5,2.07,3,no
AK,106,area_code_415,no,yes,36,203.0,78,29.12,241.1,107,19.77,322.5,117,8.56,9.6,3,2.36,1,no
AZ,50,area_code_510,yes,no,0,180.7,57,32.25,325.3,91,24.31,147.0,114,4.39,11.8,14,1.21,2,no
OK,93,area_code_408,no,yes,0,123.1,97,41.19,223.9,151,21.14,253.6,103,10.85,7.0,5,2.78,1,no
WA,112,area_code_415,no,no,0,168.5,104,25.56,199.7,103,19.49,177.8,122,15.01,7.6,5,4.8,1,no
SC,71,area_code_408,no,no,0,149.9,105,26.6,128.4,139,20.13,182.7,90,11.53,9.5,3,2.99,0,yes
NH,106,area_code_415,yes,no,39,176.1,81,54.59,160.9,114,25.3,268.8,80,7.67,7.1,2,3.24,1,no
AR,216,area_code_510,no,no,31,204.8,110,30.93,219.8,98,18.4,199.9,141,7.61,10.9,3,1.33,1,no
MT,83,area_code_415,no,yes,0,295.0,92,44.63,110.4,77,15.78,237.3,84,10.61,12.5,5,3.3,1,no
NV,2,area_code_408,yes,no,1,259.9,101,36.42,146.4,118,18.94,306.2,106,12.59,9.1,4,3.06,2,no
NY,120,area_code_415,no,no,0,88.0,84,20.23,201.4,117,17.88,211.7,81,13.66,14.8,2,3.39,1,no
OH,110,area_code_415,no,yes,0,159.3,117,18.68,227.9,127,25.91,203.7,76,11.18,10.9,5,3.34,1,yes
MI,80,area_code_415,no,no,0,159.2,93,43.53,174.4,110,25.76,209.2,110,10.61,9.3,5,4.53,1,yes
VA,107,area_code_510,no,yes,36,122.8,93,26.59,136.5,135,15.83,290.6,87,10.07,11.3,4,2.72,1,no
UT,76,area_code_415,no,no,0,168.3,89,32.06,146.1,114,13.2,323.5,112,13.64,9.2,5,4.51,4,no
MI,119,area_code_415,no,no,0,130.0,98,40.74,199.9,110,17.9,196.6,89,10.66,15.1,2,1.95,1,no
NH,166,area_code_510,no,no,35,183.5,86,24.69,141.3,125,16.13,137.9,122,8.99,4.3,5,2.97,1,no
MI,66,area_code_408,no,no,38,101.2,104,21.65,157.9,94,15.57,186.3,119,10.81,9.6,11,0.79,1,no
AZ,132,area_code_408,no,no,0,244.3,100,24.56,206.9,103,21.9,84.8,129,8.92,12.7,3,2.42,4,no
OK,106,area_code_510,no,no,0,224.6,124,32.42,172.8,115,19.28,143.8,147,14.23,7.1,3,2.92,1,no
MN,128,area_code_510,no,no,0,142.3,81,32.66,258.7,109,24.53,222.4,119,14.15,9.6,3,2.44,4,no
NH,170,area_code_408,no,yes,0,182.5,119,29.64,281.0,96,29.0,293.9,104,17.77,11.3,19,2.52,6,yes
NC,52,area_code_415,no,yes,31,103.6,131,33.89,277.9,90,16.31,373.4,66,14.53,3.5,4,1.99,1,no
NY,108,area_code_408,no,no,18,4.8,110,28.82,203.2,79,12.11,236.2,98,9.29,7.7,7,2.7,4,no
NE,92,area_code_415,no,yes,37,100.6,112,35.29,161.9,90,18.29,191.5,72,10.02,10.4,3,3.48,3,no
ID,148,area_code_415,no,yes,0,123.6,93,14.17,345.4,104,26.69,208.7,97,11.02,10.0,3,3.43,1,no
AK,113,area_code_510,no,yes,0,214.2,126,38.36,160.0,91,23.25,157.7,126,9.36,11.3,5,2.48,1,no
WV,133,area_code_415,no,no,0,187.3,102,32.63,242.4,105,23.31,194.8,101,10.89,10.1,5,2.87,4,yes
AR,144,area_code_408,yes,no,0,141.3,90,37.22,136.6,121,14.83,170.4,87,11.24,11.9,3,2.7,3,no
PA,34,area_code_415,no,no,0,78.0,93,16.6,167.0,120,15.49,197.9,78,11.78,10.1,4,3.17,1,no
MS,185,area_code_408,no,yes,33,133.9,70,29.06,199.0,106,18.05,252.2,112,7.36,11.8,2,2.69,1,no
VA,145,area_code_415,yes,no,0,351.5,95,33.82,253.7,148,17.68,316.6,123,9.34,9.8,2,2.92,1,yes
NJ,150,area_code_408,no,yes,38,165.1,98,37.01,219.8,116,18.15,222.3,132,11.5,6.1,3,2.73,1,no
NE,114,area_code_415,yes,no,0,254.7,97,24.59,217.8,103,11.37,241.4,76,11.2,6.3,4,2.99,4,yes
NH,110,area_code_408,no,yes,0,140.0,43,31.31,224.4,66,19.87,348.3,70,10.09,14.1,6,3.9,3,yes
AL,145,area_code_415,no,yes,20,130.1,78,16.82,235.6,104,17.94,183.9,102,10.71,10.5,3,3.33,1,no
DE,175,area_code_415,no,yes,1,109.6,88,27.21,258.2,105,23.27,247.3,120,15.51,12.9,8,2.16,3,no
KS,210,area_code_415,no,no,0,141.1,70,25.04,199.0,92,12.72,186.9,98,9.77,7.0,7,3.13,1,no
DC,198,area_code_415,no,no,0,134.9,110,42.48,161.3,128,20.4,253.2,116,8.9,9.1,6,3.11,1,no
OH,128,area_code_415,no,no,1,254.4,110,47.33,147.6,121,22.0,250.1,104,14.01,2.6,2,3.05,2,no
LA,102,area_code_408,no,yes,0,75.9,119,21.01,228.0,104,20.82,267.7,132,8.79,8.0,7,2.58,1,yes
IA,60,area_code_415,no,yes,24,101.5,133,30.14,89.5,169,21.14,182.5,131,11.93,9.2,5,2.32,3,no
VA,163,area_code_510,no,no,0,178.1,107,34.65,199.1,82,18.48,249.2,138,9.09,4.9,6,2.3,2,no
WA,87,area_code_408,no,yes,35,260.6,101,13.03,309.3,86,23.7,259.8,75,9.01,16.4,6,3.43,1,no
DC,109,area_code_415,no,no,0,312.4,111,40.42,188.3,148,24.96,260.7,111,10.74,9.5,2,2.8,6,yes
AL,126,area_code_415,no,yes,0,162.5,95,31.57,221.3,111,18.7,208.2,106,11.11,12.5,7,3.23,5,no
LA,194,area_code_408,no,no,0,132.2,108,34.1,162.1,105,16.15,239.8,111,11.42,10.1,7,2.65,1,no
MO,92,area_code_408,yes,no,0,74.6,88,31.03,178.0,82,21.29,129.9,130,14.76,9.1,5,2.85,1,no
OR,74,area_code_510,no,no,0,228.1,119,34.82,220.4,120,18.78,100.6,94,13.91,9.2,2,2.78,4,no
NY,56,area_code_415,no,yes,27,170.9,108,28.9,162.6,84,20.42,212.5,137,7.69,7.5,7,0.36,1,no
NH,66,area_code_510,no,yes,23,171.2,88,25.54,211.3,118,16.4,189.4,114,12.08,6.5,7,3.1,2,no
ND,109,area_code_408,no,no,0,96.5,103,6.77,209.3,141,23.15,162.6,107,15.01,5.5,2,3.36,0,no
KS,120,area_code_408,no,no,0,164.6,83,18.97,229.5,93,18.1,119.4,137,10.03,9.3,5,2.46,1,no
CT,121,area_code_408,no,yes,38,126.8,98,33.13,215.2,134,16.99,249.9,99,8.6,11.6,3,1.45,2,no
VA,155,area_code_415,no,no,0,161.1,106,34.73,90.3,113,20.22,240.8,88,14.14,7.5,6,2.3,0,yes
RI,85,area_code_415,no,no,0,212.4,58,26.15,162.8,121,21.32,211.5,95,8.43,9.7,3,1.75,1,yes
AK,124,area_code_415,no,yes,0,139.7,104,25.56,125.4,115,11.95,243.8,134,3.92,8.4,5,2.74,1,no
OR,47,area_code_415,no,yes,31,175.8,97,32.77,276.4,94,17.42,252.6,115,10.49,8.0,3,0.2,1,no
GA,77,area_code_415,no,yes,37,166.2,103,25.75,133.6,122,15.61,196.5,126,9.96,9.9,2,2.61,4,no
UT,129,area_code_415,no,yes,41,204.9,51,36.17,203.1,114,14.61,202.6,105,10.03,12.8,7,3.36,1,no
MD,33,area_code_415,no,yes,0,158.2,147,30.89,202.4,103,16.24,183.5,80,11.08,8.7,5,2.64,1,no
RI,101,area_code_415,no,yes,33,103.3,98,34.39,212.6,107,17.72,234.4,60,6.08,11.4,2,3.69,1,no
NH,7,area_code_415,no,no,0,321.2,116,42.71,220.9,108,21.96,235.3,68,11.21,10.5,2,3.28,2,no
TX,116,area_code_408,no,no,0,91.1,107,39.44,184.1,109,25.44,176.5,95,9.84,11.2,9,3.45,5,yes
WY,26,area_code_415,no,no,0,103.8,87,34.97,179.8,133,19.66,222.0,110,10.92,0.0,5,2.89,2,no
MA,175,area_code_415,no,no,26,153.2,112,25.9,216.0,94,7.43,207.4,94,7.99,11.9,5,2.03,2,no
IN,131,area_code_415,no,yes,28,164.1,101,23.41,230.4,127,13.13,311.9,89,11.5,12.5,6,2.86,1,no
WI,115,area_code_415,yes,no,0,270.5,71,36.82,244.1,95,22.13,298.3,42,9.57,10.0,2,4.05,1,yes
UT,133,area_code_415,no,yes,40,215.1,100,25.55,227.0,124,22.93,279.2,136,11.85,8.2,2,3.4,1,no
NE,83,area_code_415,no,yes,0,158.7,85,39.0,275.6,98,18.94,253.3,100,8.83,11.2,5,3.32,1,no
WY,94,area_code_415,no,no,0,193.4,126,14.14,166.5,49,18.61,158.0,34,13.55,15.0,5,2.85,1,no
IL,74,area_code_415,no,no,0,204.6,91,30.0,180.4,100,17.03,331.7,119,8.09,13.0,5,3.47,1,no
CO,84,area_code_415,no,yes,0,48.5,92,19.98,110.9,143,7.72,239.8,119,9.05,11.8,3,2.95,1,no
MO,29,area_code_415,no,no,1,146.1,97,25.94,225.0,122,16.73,164.3,83,12.74,8.6,4,2.23,5,no
DC,89,area_code_415,no,no,0,140.2,120,20.66,167.5,130,29.3,227.5,125,17.28,5.2,3,1.77,4,no
MS,129,area_code_408,no,yes,0,97.7,95,22.27,208.0,134,16.58,239.3,128,13.21,2.7,5,3.03,0,no
UT,71,area_code_510,no,yes,50,132.5,87,23.62,203.7,145,27.96,253.7,93,8.79,8.3,5,2.99,6,no
TX,24,area_code_510,no,yes,1,192.3,94,43.87,234.7,143,6.19,330.4,86,7.83,11.7,6,4.45,1,no
WA,170,area_code_408,no,no,28,167.7,71,29.2,118.6,126,16.14,256.6,102,11.89,0.0,2,2.63,4,no
OR,63,area_code_510,no,no,0,244.7,92,23.19,246.2,114,13.17,291.9,103,10.86,6.9,2,2.87,4,no
SC,109,area_code_510,yes,no,0,199.2,115,36.41,266.0,128,12.86,199.8,123,7.17,7.0,2,2.22,1,no
ID,129,area_code_415,no,yes,0,97.7,49,22.8,210.4,127,12.43,183.2,111,9.62,10.5,6,4.51,1,no
MA,132,area_code_415,no,yes,34,203.1,103,27.09,74.3,123,22.29,291.6,102,9.98,4.8,2,2.88,0,no
MA,51,area_code_408,yes,no,0,231.7,108,49.21,143.7,89,19.53,227.4,119,8.43,8.0,2,3.31,1,no
SD,38,area_code_408,no,no,0,250.8,93,20.62,171.5,139,24.88,237.7,116,11.01,11.0,3,2.72,1,no
ME,43,area_code_415,no,no,0,258.2,87,39.89,175.2,87,19.16,201.2,89,9.85,9.9,2,2.96,0,no
NM,154,area_code_415,no,yes,0,201.8,79,39.12,265.7,90,26.5,249.0,89,10.26,6.6,7,2.43,4,yes
MT,118,area_code_415,no,yes,0,56.0,90,33.82,210.0,123,25.47,237.9,111,9.52,7.5,6,2.85,1,no
NV,122,area_code_415,no,no,0,191.8,91,22.02,206.7,96,18.61,191.6,80,11.77,11.9,2,2.3,1,no
MA,166,area_code_415,no,no,1,35.2,78,23.64,65.9,150,14.63,206.6,89,10.77,9.6,7,3.03,0,no
NY,100,area_code_408,no,no,0,193.3,104,22.89,271.4,113,22.36,221.2,115,10.2,9.6,7,2.08,5,no
MS,112,area_code_415,no,yes,0,189.1,101,27.27,219.0,147,20.48,180.0,80,11.25,10.6,3,1.82,7,no
KS,243,area_code_510,no,no,0,183.6,135,34.69,238.6,120,6.85,164.1,72,9.43,10.5,4,0.0,1,no
OK,75,area_code_415,no,no,0,108.5,110,25.33,136.4,135,17.86,211.6,144,10.27,10.6,6,2.08,3,no
WV,106,area_code_415,no,yes,41,164.2,59,33.42,110.9,108,10.95,309.9,103,11.17,8.7,2,1.8,0,no
WY,113,area_code_415,yes,no,35,147.8,92,40.05,221.6,137,24.88,315.0,77,10.57,10.3,7,3.17,1,no
WI,104,area_code_408,no,yes,0,57.8,119,8.55,76.3,145,9.3,270.9,123,10.5,12.7,5,1.12,1,no
AR,180,area_code_408,no,yes,43,219.2,70,38.06,172.8,96,18.33,247.1,106,12.25,10.3,4,3.23,5,no
NH,127,area_code_510,no,yes,37,181.0,107,50.76,322.2,102,20.93,270.1,91,13.98,12.8,3,3.36,2,no
UT,73,area_code_415,no,no,42,199.1,85,32.58,185.3,92,8.61,230.2,100,10.16,11.1,2,3.17,0,no
NM,89,area_code_415,yes,no,0,125.4,90,35.71,186.3,110,20.73,131.3,77,10.3,11.5,3,4.15,6,yes
TN,124,area_code_408,no,no,1,284.4,91,29.17,177.6,95,23.11,304.5,102,5.7,10.9,3,3.45,2,yes
OR,114,area_code_510,no,no,39,143.4,112,43.95,190.8,102,17.62,284.8,103,10.94,8.3,3,2.75,0,no
DE,136,area_code_415,no,no,0,263.5,102,29.27,108.6,105,21.04,243.7,123,10.39,8.0,1,1.62,5,yes
OR,236,area_code_510,no,no,0,242.4,116,31.57,232.3,102,19.5,235.6,108,11.22,10.6,5,2.91,1,no
KS,176,area_code_415,no,no,0,162.8,104,44.26,251.1,123,18.33,230.8,98,7.7,8.7,2,2.98,0,no
NM,123,area_code_510,no,no,0,184.2,101,22.19,3.7,136,23.64,134.4,105,10.95,11.5,5,2.18,2,no
NJ,79,area_code_415,no,yes,1,128.6,91,19.54,212.6,104,22.86,128.8,120,11.45,9.7,7,1.86,1,no
RI,35,area_code_415,no,no,35,150.9,110,14.3,211.7,124,21.28,214.3,79,10.41,9.1,9,2.36,3,no
PA,31,area_code_408,no,yes,21,45.2,123,37.45,359.3,102,24.01,269.1,85,13.21,10.5,5,2.74,1,no
NC,96,area_code_415,no,yes,43,190.6,147,42.13,168.8,118,21.87,229.1,84,8.74,10.8,2,2.13,1,no
OR,232,area_code_510,no,yes,23,190.1,102,34.66,230.9,100,12.34,194.7,161,12.78,9.6,10,2.9,2,no
CO,97,area_code_510,no,yes,26,171.2,94,26.16,117.9,138,16.96,183.3,50,10.21,12.5,2,5.4,1,no
AR,22,area_code_415,no,yes,49,169.6,81,26.32,150.6,123,19.36,287.6,86,11.36,9.5,3,2.31,0,no
DE,116,area_code_415,no,no,0,113.4,80,16.77,235.4,100,17.54,186.5,101,10.72,8.2,11,3.14,1,no
ID,158,area_code_510,no,no,0,168.6,111,35.63,236.8,110,19.05,220.2,109,11.28,6.4,6,2.91,1,no
OR,100,area_code_415,no,no,0,217.6,75,26.87,159.8,94,19.42,259.2,115,10.99,6.7,11,1.91,1,yes
MN,175,area_code_415,no,yes,35,158.6,82,59.76,244.8,138,25.29,169.4,95,17.12,8.0,13,4.19,2,yes
WV,117,area_code_408,yes,no,0,222.3,84,27.6,160.0,116,21.31,205.3,94,13.09,7.8,3,3.14,3,no
AL,92,area_code_415,no,no,0,172.9,105,41.87,155.1,85,21.29,207.4,109,16.03,10.3,4,2.41,0,yes
TX,89,area_code_415,no,yes,35,208.6,96,27.84,275.5,135,21.26,209.5,108,9.6,5.9,5,3.12,1,no
VA,106,area_code_510,no,yes,34,63.0,102,44.29,137.9,112,26.2,171.8,76,8.41,10.9,11,3.28,2,no
NE,104,area_code_415,no,no,0,224.4,146,47.66,245.7,114,22.57,256.1,130,11.64,8.3,5,1.94,0,no
AR,114,area_code_408,no,yes,0,176.2,117,22.07,68.2,106,22.19,279.5,123,10.66,4.7,5,1.59,1,no
NC,170,area_code_408,no,no,0,102.1,85,36.45,143.0,90,24.89,253.5,86,15.98,11.0,6,1.05,1,no
MI,173,area_code_415,no,no,0,249.6,108,35.65,169.0,108,10.86,177.2,112,10.6,14.1,4,2.15,2,no
OH,47,area_code_510,no,no,0,12.5,119,24.53,159.8,100,22.03,169.2,106,13.27,5.4,5,2.84,1,no
NH,147,area_code_415,no,yes,34,167.6,119,31.17,237.6,122,18.96,271.2,122,9.46,4.8,6,2.6,1,no
AR,127,area_code_415,no,yes,32,187.0,66,22.49,224.5,85,16.24,148.8,115,11.8,9.4,3,1.78,1,no
CA,66,area_code_408,no,yes,1,139.6,101,31.1,105.3,134,23.03,339.7,115,11.17,6.0,3,1.5,3,no
SC,149,area_code_510,yes,no,30,142.0,125,37.48,170.0,90,18.56,334.9,125,15.74,10.0,4,2.99,1,no
KY,141,area_code_408,yes,no,0,153.9,109,10.19,183.3,92,21.64,266.1,81,8.52,16.2,4,2.7,0,no
NY,128,area_code_415,no,yes,50,117.9,97,28.79,213.6,165,17.36,276.1,102,9.49,9.9,5,0.93,0,no
CT,199,area_code_408,no,yes,27,186.9,116,20.61,194.0,104,29.83,206.6,97,11.47,11.5,4,2.03,1,no
TX,105,area_code_408,no,yes,0,144.7,92,20.89,206.2,96,25.36,267.4,80,9.7,10.3,11,1.15,1,no
VA,144,area_code_408,no,no,0,186.8,123,24.9,160.9,120,20.76,172.9,92,10.76,12.7,2,2.26,1,no
MS,139,area_code_415,yes,no,0,85.8,97,30.11,135.9,101,7.07,203.2,98,10.33,4.9,5,1.73,1,no
OK,89,area_code_415,yes,yes,29,126.1,99,32.34,250.3,119,17.31,84.7,96,8.93,5.1,5,2.44,1,no
ID,163,area_code_510,no,yes,0,81.0,103,26.06,216.1,95,25.24,198.4,48,14.54,7.2,2,2.38,5,no
DC,85,area_code_415,yes,no,0,140.6,110,27.27,160.1,170,27.72,270.1,111,14.84,9.9,7,3.52,4,no
MI,175,area_code_415,no,yes,30,192.9,120,29.56,212.2,103,20.53,274.9,83,10.22,6.7,7,1.8,1,no
SC,54,area_code_510,no,no,0,110.4,103,27.09,61.9,123,13.69,168.8,78,10.63,16.1,8,2.87,1,no
WY,172,area_code_415,no,no,0,224.8,66,46.74,151.1,104,19.98,213.4,91,9.44,14.0,2,2.87,3,no
IL,79,area_code_415,no,no,0,160.5,81,24.31,210.4,82,6.07,190.6,151,12.31,5.8,13,1.25,2,no
AZ,48,area_code_510,no,no,0,158.7,52,25.22,150.6,116,18.99,239.6,108,12.05,9.2,6,2.51,4,no
MA,140,area_code_408,no,yes,28,165.9,79,28.5,146.6,148,17.1,220.5,108,11.03,6.5,2,1.97,1,no
NJ,95,area_code_408,yes,yes,0,125.3,141,29.65,244.7,137,12.53,241.0,112,12.42,6.6,2,2.49,1,no
WV,149,area_code_415,no,yes,0,158.4,85,31.61,165.9,83,23.8,174.2,94,11.66,1.9,6,2.43,2,no
WV,79,area_code_415,no,yes,0,161.9,92,21.14,150.5,111,24.09,243.1,98,13.36,12.5,5,4.78,1,no
ND,179,area_code_510,no,yes,0,172.1,66,33.76,91.9,135,27.75,274.4,98,15.69,13.0,2,2.98,2,yes
OK,144,area_code_408,no,yes,35,243.2,84,31.98,224.5,95,11.52,331.3,100,10.91,9.6,5,2.38,1,no
MS,156,area_code_415,yes,no,0,206.5,125,32.16,172.4,151,24.27,234.2,118,13.34,10.8,5,1.51,1,no
CT,160,area_code_408,no,no,0,186.0,82,22.23,272.6,118,21.74,201.9,126,10.21,8.0,6,3.09,5,no
RI,93,area_code_415,no,no,32,159.7,123,31.1,151.9,146,24.98,274.4,110,8.72,9.8,5,2.24,4,no
CT,36,area_code_415,no,no,0,163.8,93,38.46,187.7,54,16.53,250.1,64,14.83,9.7,2,2.82,3,no
NE,94,area_code_408,no,no,0,118.3,90,33.08,153.5,114,24.11,205.6,93,13.08,7.5,2,3.52,1,no
DE,170,area_code_415,no,no,30,79.7,90,8.08,153.6,97,19.77,258.2,97,8.16,12.0,3,2.41,3,no
NE,130,area_code_510,no,no,0,150.6,102,44.56,256.7,111,14.19,228.8,107,11.17,9.3,8,2.04,1,yes
AL,129,area_code_415,no,no,0,141.2,102,45.98,187.3,124,24.79,252.7,110,9.54,7.6,12,2.71,1,no
UT,59,area_code_408,no,yes,41,181.6,71,50.79,167.4,102,13.8,271.0,86,7.63,7.1,6,2.73,1,no
UT,174,area_code_415,no,no,34,28.2,100,29.97,179.9,91,23.72,170.4,81,12.17,11.8,2,2.75,1,no
IL,94,area_code_415,no,no,0,145.6,111,27.83,127.9,114,23.98,226.3,112,12.91,8.8,4,3.29,2,no
OK,66,area_code_415,no,no,0,220.9,116,31.35,109.7,105,21.04,222.6,108,10.03,10.4,2,2.02,0,no
MN,215,area_code_510,no,yes,40,211.1,127,25.15,209.1,113,13.99,226.1,128,9.73,10.1,7,2.76,1,no
NJ,82,area_code_415,no,no,0,170.4,79,32.67,197.7,110,16.42,263.6,120,8.94,7.7,2,2.88,0,no
NE,87,area_code_415,no,no,0,124.7,89,31.84,195.9,103,13.84,174.1,67,10.49,4.0,4,3.29,1,no
FL,79,area_code_415,no,yes,44,168.0,120,56.67,120.7,153,17.59,209.1,100,8.04,6.7,5,4.05,1,no
FL,78,area_code_415,no,no,0,211.0,109,10.87,194.2,84,24.25,224.5,91,7.26,11.3,3,2.26,0,no
MT,90,area_code_415,no,no,0,127.1,94,44.96,125.9,117,25.3,258.4,111,13.58,3.3,6,3.36,1,yes
WV,106,area_code_408,no,no,0,317.4,95,37.01,209.3,75,21.02,157.0,96,9.29,7.6,3,3.68,1,no
MT,79,area_code_510,no,yes,27,170.3,97,26.09,307.9,90,22.74,146.6,130,7.63,9.5,7,2.76,2,yes
WV,105,area_code_408,yes,no,0,280.6,110,42.92,159.3,117,19.83,283.2,92,14.22,8.7,9,2.41,2,yes
ND,72,area_code_510,no,yes,0,143.6,82,19.93,200.6,77,22.71,269.7,125,9.86,8.5,8,3.4,1,no
VA,86,area_code_408,no,no,0,199.1,102,26.79,215.0,101,24.68,255.2,86,13.55,10.6,7,1.13,1,no
TN,204,area_code_415,no,no,0,117.2,86,29.71,192.9,109,18.38,231.3,133,12.58,8.5,3,2.93,1,yes
GA,124,area_code_415,no,no,0,140.4,113,14.01,79.5,87,15.25,249.0,72,7.13,8.5,2,2.46,1,no
TX,104,area_code_510,no,yes,47,31.2,95,32.49,234.5,113,21.8,280.0,106,14.7,9.4,5,1.73,1,no
MD,107,area_code_408,no,yes,19,263.0,101,28.91,147.1,110,14.21,312.3,161,9.5,9.6,2,3.73,1,no
GA,75,area_code_415,yes,no,0,195.6,78,50.02,205.7,84,19.16,247.2,117,11.77,7.9,3,3.15,1,no
NE,117,area_code_510,no,yes,0,196.5,72,38.88,177.5,138,16.27,207.5,102,14.63,5.6,5,0.84,1,no
MS,161,area_code_408,no,yes,0,148.4,101,43.01,189.9,85,14.12,220.5,91,5.64,6.4,5,2.3,1,no
SD,93,area_code_510,yes,no,44,118.2,103,10.28,146.3,108,20.52,226.0,134,10.21,5.1,4,2.28,1,no
IA,72,area_code_415,no,no,0,31.0,128,19.31,182.0,115,15.25,365.6,56,10.46,4.1,2,2.24,1,no
NH,101,area_code_415,yes,no,0,159.7,93,44.64,209.8,107,19.62,195.7,103,15.09,9.1,2,2.88,1,yes
MN,188,area_code_415,yes,no,0,106.4,95,25.24,253.1,107,13.55,214.7,109,13.18,8.2,5,3.46,3,no
IL,111,area_code_415,yes,no,0,136.8,91,25.98,257.2,136,20.15,123.6,175,15.0,3.8,3,1.76,6,no
PA,70,area_code_415,no,no,0,186.4,110,17.46,279.7,144,25.75,295.5,127,16.77,8.3,2,2.12,2,no
ID,128,area_code_510,no,no,40,208.8,109,28.88,224.6,114,15.67,129.3,124,8.6,9.9,3,3.54,4,no
MA,144,area_code_415,no,yes,0,235.2,86,48.77,238.3,118,20.74,201.0,76,9.88,8.0,2,4.1,2,yes
ID,76,area_code_415,no,no,1,101.1,83,45.37,297.7,145,23.04,236.2,73,11.49,5.3,6,4.11,1,no
MN,69,area_code_415,no,no,0,37.0,125,30.81,130.1,115,17.33,150.3,95,13.47,7.8,4,2.77,1,no
NY,122,area_code_408,no,no,0,136.4,83,32.92,197.2,87,22.27,158.3,71,9.11,6.5,3,2.68,1,no
WI,176,area_code_415,no,no,34,257.7,58,36.94,148.2,97,22.47,256.5,109,13.95,13.3,4,2.46,2,no
NJ,123,area_code_415,yes,yes,39,68.1,94,35.16,299.1,140,17.69,240.0,98,11.11,13.8,8,1.26,3,no
TN,86,area_code_415,yes,no,38,252.9,58,29.66,224.7,83,19.13,191.4,87,7.34,12.0,5,1.49,1,yes
MA,104,area_code_415,no,no,0,228.4,99,23.52,293.4,109,25.0,395.0,109,13.47,8.6,2,3.06,0,no
OK,237,area_code_408,no,yes,28,156.1,132,31.89,130.1,98,23.91,288.3,117,11.52,6.5,5,2.29,1,no
OH,143,area_code_415,no,no,0,182.8,138,45.6,185.9,111,14.7,321.4,90,10.78,8.9,5,0.0,1,yes
DE,137,area_code_415,no,no,0,270.8,120,14.34,130.1,105,16.3,151.5,112,9.27,0.7,5,2.56,0,no
NH,86,area_code_415,yes,no,0,202.8,101,30.54,294.7,132,19.37,252.1,64,11.61,5.5,1,3.32,1,no
WV,131,area_code_408,no,no,0,88.7,102,51.27,151.9,128,17.18,228.9,112,11.47,1.9,2,2.69,4,no
WV,162,area_code_408,yes,no,1,301.3,84,58.34,114.1,120,12.11,259.7,79,8.42,13.6,7,3.67,4,no
AR,109,area_code_408,no,yes,29,92.1,88,18.84,256.3,85,19.07,212.2,95,10.6,10.4,3,2.25,1,no
WA,161,area_code_415,no,yes,28,124.7,115,4.25,171.6,129,13.04,238.9,136,11.9,12.1,3,3.18,1,no
DC,110,area_code_415,no,yes,0,233.7,113,51.33,246.9,137,21.76,237.0,120,15.26,7.7,1,3.32,3,no
ND,183,area_code_415,no,no,36,152.2,126,29.05,71.1,112,7.11,201.8,79,11.82,12.0,1,3.11,1,no
LA,86,area_code_408,no,no,0,131.8,122,17.3,228.8,89,21.26,233.1,140,12.77,13.4,3,2.94,2,no
NH,108,area_code_415,yes,no,0,177.8,85,36.34,192.9,112,17.31,281.5,97,9.08,1.9,7,2.65,1,yes
GA,146,area_code_510,no,yes,29,192.5,110,34.71,262.2,132,17.91,218.9,108,12.38,10.8,3,3.27,1,no
MS,94,area_code_408,no,yes,35,154.9,136,33.19,172.1,133,21.12,198.3,100,11.08,13.5,3,2.92,1,no
KY,114,area_code_415,no,yes,38,127.2,109,29.74,176.3,127,23.95,291.9,110,11.51,5.7,5,2.66,4,no
TX,1,area_code_415,yes,yes,0,82.9,62,28.69,303.7,104,30.54,234.3,74,15.47,9.5,6,2.42,1,yes
SC,63,area_code_510,no,no,26,7.0,106,41.7,174.5,134,20.49,172.3,126,10.05,9.3,2,2.17,1,no
NV,127,area_code_415,no,yes,41,87.6,91,42.66,235.6,130,20.45,289.1,112,10.31,11.7,2,1.88,1,no
NC,109,area_code_510,no,yes,0,157.6,89,32.68,118.4,109,22.39,216.0,131,12.25,9.4,2,3.53,3,no
NE,142,area_code_415,yes,yes,0,192.2,97,48.36,140.4,94,15.49,115.1,87,12.28,14.3,2,2.25,1,no
ID,117,area_code_415,no,yes,23,226.6,89,23.23,173.3,114,5.69,177.6,78,7.69,13.2,2,3.64,1,no
UT,88,area_code_415,yes,no,0,181.3,101,18.83,232.4,134,22.72,194.4,119,10.03,5.5,4,1.72,4,no
MI,208,area_code_415,yes,no,41,231.3,105,45.03,127.6,92,23.17,256.9,118,11.15,6.0,3,2.43,0,no
NH,66,area_code_408,no,no,0,192.0,105,30.99,157.5,132,22.38,219.7,106,14.72,4.5,5,2.16,1,no
NY,48,area_code_415,no,no,29,172.9,95,36.79,265.0,111,22.2,150.3,154,17.22,4.5,8,2.64,4,no
RI,82,area_code_415,no,yes,40,166.0,126,33.64,196.2,130,20.82,228.5,95,10.33,7.8,6,3.24,1,no
CA,103,area_code_415,no,no,38,129.6,92,21.69,215.5,100,16.94,240.4,115,12.12,8.1,3,1.86,4,no
NC,213,area_code_415,no,yes,0,179.3,94,35.93,185.9,82,2.16,253.3,112,11.13,12.0,2,3.03,1,no
ME,123,area_code_415,no,yes,26,237.9,118,25.12,147.1,117,20.37,242.1,120,11.34,9.2,5,3.79,1,no
CA,175,area_code_415,no,yes,0,207.2,111,17.33,105.8,98,18.77,203.5,124,10.92,8.9,2,3.22,1,no
MT,113,area_code_510,no,no,0,232.9,87,21.39,265.1,131,19.0,196.1,125,12.07,8.6,7,3.1,2,no
NV,98,area_code_415,no,yes,34,85.4,101,26.95,305.4,144,21.39,204.7,58,7.69,13.4,6,0.0,3,no
MA,62,area_code_415,no,no,0,158.1,97,17.97,205.9,94,16.3,233.5,82,10.28,6.2,2,3.96,0,no
OK,104,area_code_408,no,yes,0,266.9,73,40.88,276.5,93,21.01,235.8,86,11.17,10.7,3,3.05,1,no
NE,75,area_code_408,yes,no,0,176.5,98,53.57,218.6,116,13.08,220.4,109,11.99,8.9,5,2.75,1,yes
OH,135,area_code_415,no,no,1,154.8,78,34.01,227.7,94,14.28,292.8,48,10.48,10.6,2,2.07,0,no
CA,112,area_code_415,yes,yes,30,153.2,113,22.27,151.6,131,23.11,172.4,127,10.77,12.4,7,3.01,0,no
NC,222,area_code_415,no,no,0,237.2,100,20.21,231.4,102,18.63,198.3,94,7.53,12.3,2,1.93,0,no
KS,101,area_code_510,no,no,0,200.1,144,24.49,222.1,117,26.42,230.5,81,10.86,8.2,3,2.72,3,no
RI,60,area_code_415,no,no,0,165.2,108,26.86,217.3,124,19.67,180.2,117,15.19,3.7,6,1.72,3,no
NV,122,area_code_415,no,no,1,101.3,108,27.94,359.3,92,19.7,235.6,115,14.55,8.4,6,2.7,0,no
LA,107,area_code_408,no,yes,37,205.4,121,29.62,123.1,103,23.24,242.7,136,10.86,3.6,3,2.54,1,no
MA,96,area_code_415,no,no,0,187.5,91,28.16,308.5,117,15.4,175.2,116,9.33,12.3,3,2.15,0,no
MD,91,area_code_415,no,no,1,9.5,81,31.53,187.0,142,14.07,214.4,120,7.51,9.5,6,2.2,1,no
AR,144,area_code_415,no,yes,0,205.1,97,35.15,131.7,103,13.29,215.8,138,14.15,0.0,6,2.77,1,no
MO,91,area_code_415,yes,yes,21,148.7,102,26.64,186.7,113,21.06,138.5,71,11.15,10.5,2,2.68,3,yes
AZ,109,area_code_510,no,no,0,223.8,125,27.39,136.1,120,22.89,180.2,79,12.28,12.0,4,2.31,1,no
VT,132,area_code_510,no,yes,40,194.6,105,28.43,173.5,128,14.22,114.4,116,9.19,13.2,9,3.29,1,no
WV,153,area_code_415,no,no,0,63.2,89,16.92,139.9,94,15.46,176.8,106,13.81,12.5,4,2.06,2,no
NE,143,area_code_408,yes,no,0,195.0,97,27.19,184.2,113,16.14,263.0,108,6.16,8.7,1,2.55,4,no
MD,100,area_code_408,no,no,0,234.3,104,41.38,186.0,123,19.44,279.5,60,7.67,0.0,3,2.0,1,yes
DC,100,area_code_408,no,no,0,219.7,128,29.91,216.1,159,21.48,221.3,110,13.28,12.9,5,3.96,1,no
OR,55,area_code_408,no,yes,39,157.7,124,34.69,190.6,160,22.74,196.0,126,13.47,4.6,5,3.75,2,no
UT,217,area_code_415,no,yes,0,158.4,105,44.86,164.4,80,25.5,121.7,113,13.95,9.8,2,1.5,1,yes
NE,125,area_code_408,yes,no,0,99.3,71,39.44,232.3,88,19.74,212.6,71,13.42,11.0,5,3.14,4,yes
KS,197,area_code_415,no,yes,29,305.4,103,42.05,308.8,106,22.3,276.6,124,10.37,6.7,7,2.34,1,no
PA,77,area_code_415,no,no,0,230.2,75,20.27,192.5,148,22.38,212.4,118,8.86,11.0,2,2.44,2,no
MO,135,area_code_510,no,yes,30,160.3,112,20.92,172.2,95,21.74,242.8,109,11.29,8.1,5,2.61,0,no
NM,48,area_code_408,no,no,0,223.2,152,33.5,196.0,158,25.71,341.8,43,12.17,5.6,2,1.9,2,no
OK,128,area_code_408,no,yes,15,182.0,94,27.89,213.8,102,22.12,166.6,112,11.9,9.0,2,2.5,1,no
DC,160,area_code_415,no,no,0,210.2,99,50.39,234.5,81,21.26,319.0,144,11.22,5.7,3,2.91,2,no
NY,103,area_code_510,no,no,0,161.9,104,18.91,188.2,96,22.06,232.4,127,17.77,4.1,2,2.89,4,no
NE,106,area_code_415,no,yes,28,166.9,111,26.44,146.5,113,8.3,292.8,82,12.21,0.0,2,2.82,1,no
IL,119,area_code_408,no,no,0,154.4,113,23.7,99.3,144,22.16,246.1,65,10.36,9.0,4,3.65,1,no
NH,164,area_code_415,no,no,0,56.6,123,24.5,285.7,83,25.3,236.2,113,12.16,8.9,5,3.06,0,no
ME,192,area_code_510,no,yes,34,188.8,98,19.84,210.2,102,17.39,256.6,129,10.66,14.1,2,3.79,1,no
UT,133,area_code_510,no,no,26,167.3,101,25.22,256.8,119,18.45,150.5,117,11.68,5.2,2,2.56,2,no
DE,154,area_code_415,no,yes,27,89.6,85,32.2,146.7,107,21.68,199.4,126,13.41,11.2,9,2.94,1,no
WI,96,area_code_415,no,no,0,161.9,65,38.8,250.3,120,22.11,314.8,81,8.24,6.7,3,4.48,0,no
NM,72,area_code_408,yes,no,0,234.5,121,28.85,142.5,103,21.45,135.1,108,11.08,4.1,5,2.54,1,no
OK,56,area_code_408,no,yes,27,189.5,132,36.06,105.8,118,17.08,176.0,118,9.26,15.4,6,4.02,0,no
OR,104,area_code_408,no,no,0,92.4,90,26.18,191.3,137,24.09,150.7,128,15.63,3.1,3,3.83,1,no
WV,135,area_code_415,no,no,0,219.5,76,24.95,289.1,134,18.54,215.1,100,13.13,7.8,12,2.99,6,yes
AK,141,area_code_510,yes,no,0,238.3,79,35.19,181.8,103,12.43,187.4,85,10.99,10.3,6,2.2,1,no
TX,64,area_code_510,no,no,0,289.1,128,17.43,206.4,106,17.35,209.8,115,11.07,10.2,4,3.4,0,no
RI,207,area_code_415,yes,yes,0,146.5,91,32.29,209.1,72,18.84,202.5,110,13.68,10.8,8,1.59,1,no
MO,3,area_code_415,no,no,0,246.1,89,27.07,298.2,84,17.43,235.2,134,10.49,7.3,17,3.15,1,no
AL,128,area_code_510,no,no,0,160.8,74,16.71,103.3,132,22.23,221.7,112,9.41,13.2,6,2.8,2,no
OK,209,area_code_415,no,no,33,235.9,78,21.2,209.4,102,25.6,273.7,90,11.11,14.7,5,1.43,5,no
WV,201,area_code_415,no,yes,30,180.6,136,24.07,222.7,103,23.61,318.1,127,12.12,9.0,5,2.74,2,no
WA,62,area_code_415,yes,no,0,99.8,130,11.47,304.6,91,30.54,306.6,100,14.87,4.4,3,3.09,1,yes
NC,145,area_code_415,no,yes,32,185.6,142,17.92,262.0,87,18.77,283.0,86,12.8,8.8,7,3.06,1,no
MS,179,area_code_408,no,no,0,40.8,93,22.43,107.9,136,17.4,207.0,119,11.21,4.3,2,2.65,1,no
VA,118,area_code_415,no,no,0,147.8,90,35.87,228.0,131,24.58,304.9,108,9.64,4.5,2,4.8,1,yes
CT,122,area_code_408,no,no,21,101.8,105,23.39,240.1,121,7.01,147.8,130,17.25,10.6,4,2.97,1,no
HI,119,area_code_415,no,yes,37,142.1,103,39.82,298.0,129,21.93,212.1,102,9.97,14.4,5,3.59,1,yes
MD,124,area_code_415,no,yes,0,151.7,93,35.03,225.5,116,16.54,223.3,43,10.32,9.4,3,2.66,0,no
OK,222,area_code_408,no,no,0,201.9,112,26.93,205.2,93,19.47,180.3,142,14.11,14.0,3,4.18,1,no
IA,165,area_code_408,no,yes,17,255.6,99,32.71,254.0,109,19.45,228.1,114,10.36,6.0,2,2.94,0,no
MS,118,area_code_415,no,no,0,226.7,111,7.91,285.5,98,20.76,181.7,90,13.87,14.8,3,1.34,0,no
MI,5,area_code_408,yes,no,0,284.9,118,18.86,259.6,70,12.75,258.0,89,12.21,3.0,3,1.99,1,no
VT,140,area_code_415,no,yes,43,111.2,111,37.27,167.7,92,12.35,151.3,78,11.68,9.3,3,2.7,1,no
VA,149,area_code_415,no,no,0,163.3,56,23.75,245.9,156,20.56,207.3,110,11.91,4.9,11,4.16,0,yes
MA,143,area_code_415,no,no,0,121.8,89,23.24,262.0,130,26.45,280.9,104,14.82,8.1,6,2.11,7,no
MN,112,area_code_408,no,no,0,198.2,53,30.84,164.9,99,23.9,347.3,119,9.7,3.2,3,2.22,1,no
GA,138,area_code_415,yes,no,0,178.8,108,33.74,138.7,118,19.93,205.2,111,9.04,6.9,4,2.83,0,yes
NH,173,area_code_408,no,no,0,204.8,103,47.95,291.9,135,18.77,317.2,103,9.27,11.8,3,2.21,1,yes
TX,150,area_code_415,no,no,0,153.2,78,18.87,124.7,93,14.22,257.8,144,11.75,6.5,3,2.73,1,yes
FL,136,area_code_408,no,no,27,40.8,96,16.19,108.5,137,21.64,236.7,76,8.97,8.1,5,2.94,2,no
AR,1,area_code_408,no,yes,0,81.0,111,30.33,191.4,106,18.21,253.1,114,10.25,11.0,5,3.14,0,no
IL,107,area_code_415,no,no,0,190.8,93,14.99,234.9,81,9.08,170.4,114,12.11,10.2,3,1.93,1,no
NJ,162,area_code_415,no,yes,23,9.0,98,39.85,192.0,148,14.05,178.8,142,7.5,3.4,3,3.26,0,no
SC,175,area_code_408,no,yes,0,266.9,91,26.37,208.7,120,16.54,218.9,124,7.12,7.6,6,2.21,1,no
ME,110,area_code_415,no,no,34,0.0,95,23.6,139.8,122,24.23,229.7,101,10.63,17.8,4,3.72,1,no
DE,202,area_code_415,no,no,0,134.9,124,27.49,93.4,147,23.25,281.7,100,11.0,10.8,3,2.86,2,no
RI,129,area_code_510,no,no,0,181.3,111,27.11,57.8,135,9.0,231.4,128,9.17,11.6,5,2.87,1,no
OK,123,area_code_408,no,yes,0,126.1,111,28.24,195.0,95,22.82,138.1,87,11.9,9.5,5,2.02,4,no
AL,96,area_code_415,no,no,0,202.3,107,34.28,295.7,99,19.92,327.9,97,13.75,9.6,4,2.06,3,no
MI,78,area_code_510,no,no,29,236.3,97,36.27,151.7,84,15.67,143.0,82,15.28,7.8,4,3.31,1,no
KY,133,area_code_415,no,yes,0,237.3,65,25.81,222.2,118,22.87,298.8,92,11.84,7.3,3,1.96,1,no
ND,135,area_code_415,no,yes,28,163.7,120,25.07,203.0,103,24.37,261.3,122,11.74,12.3,2,3.22,1,no
NE,169,area_code_415,yes,yes,0,200.6,100,38.8,155.0,101,20.14,194.8,78,13.7,7.7,1,2.96,4,no
AL,61,area_code_408,no,no,0,104.2,102,31.32,86.8,101,25.75,156.8,129,11.47,9.3,4,2.82,0,no
AR,169,area_code_408,no,yes,30,109.5,88,13.09,191.9,121,17.41,281.4,147,7.23,10.9,5,5.4,1,no
WI,154,area_code_408,no,yes,0,193.0,101,26.64,138.2,143,18.19,208.6,103,9.49,6.9,4,2.51,1,no
AZ,87,area_code_408,no,no,0,69.8,124,22.45,206.9,149,20.52,279.9,99,10.5,10.8,5,3.05,1,no
SC,126,area_code_408,no,yes,49,233.7,57,37.14,115.5,124,23.95,213.1,83,11.05,3.5,5,2.42,1,no
NE,140,area_code_415,yes,yes,0,31.8,85,34.41,139.6,105,22.97,275.9,84,15.33,9.1,5,2.91,1,no
NY,140,area_code_415,no,yes,0,131.0,127,42.45,200.9,117,20.83,219.9,126,9.94,5.0,5,4.13,1,no
SD,187,area_code_415,yes,no,0,188.7,90,25.57,293.2,111,24.74,248.9,121,10.44,12.5,7,3.54,1,yes
NY,63,area_code_415,no,no,0,131.1,108,31.16,191.6,131,21.22,170.1,116,16.01,8.8,7,0.83,1,no
IA,164,area_code_408,no,no,22,305.0,90,23.43,112.1,100,19.58,350.8,131,10.81,14.1,6,1.78,3,no
NJ,151,area_code_415,no,no,0,256.7,82,33.08,236.4,93,22.67,218.3,109,12.01,7.3,9,2.14,4,yes
SC,119,area_code_415,no,yes,33,2.8,99,37.96,218.4,98,17.18,208.1,101,8.0,10.4,3,1.9,6,no
MD,29,area_code_415,no,no,0,231.3,141,25.33,242.5,92,15.03,184.8,97,6.65,12.9,3,3.04,0,no
NM,127,area_code_408,no,no,0,283.0,111,28.03,244.7,84,16.98,298.2,111,9.58,10.9,3,2.08,1,yes
AK,83,area_code_415,no,no,0,165.9,113,19.33,124.4,104,20.33,262.8,103,10.93,3.1,2,3.74,1,no
AK,143,area_code_415,no,yes,30,172.5,129,21.95,288.6,106,18.89,256.0,76,9.66,11.4,7,2.5,1,no
RI,123,area_code_415,no,no,0,98.7,89,25.19,156.1,57,20.74,179.6,91,9.35,13.4,7,2.23,1,no
MT,170,area_code_510,no,no,0,184.0,94,43.44,127.4,101,22.89,150.4,118,16.71,9.6,3,2.85,0,yes
AR,115,area_code_510,no,yes,24,138.4,96,39.27,174.3,101,21.71,274.8,82,13.16,10.2,7,1.64,2,no
WY,136,area_code_415,no,yes,0,170.2,118,33.77,227.0,96,13.41,267.7,122,11.37,5.8,6,2.65,1,no
CT,85,area_code_415,no,yes,32,180.8,89,49.59,194.8,114,26.03,229.0,83,9.39,13.2,4,2.47,1,no
AK,84,area_code_408,no,no,0,195.8,104,11.28,235.9,138,23.11,314.6,82,7.93,16.6,3,3.09,1,no
RI,105,area_code_415,no,no,0,277.0,131,17.46,216.2,119,19.02,290.5,128,9.68,10.9,3,3.25,1,no
HI,150,area_code_415,no,yes,0,157.6,109,45.45,150.1,99,17.67,166.2,72,12.72,10.3,3,2.74,1,no
NY,147,area_code_415,no,yes,0,169.4,110,21.19,221.9,84,21.99,244.2,96,12.14,12.8,5,3.45,2,no
OK,102,area_code_510,no,yes,27,185.9,107,22.15,220.9,132,18.79,297.6,122,12.44,8.9,3,0.02,1,no
IA,39,area_code_415,no,no,0,203.8,114,18.99,186.9,86,20.59,133.0,137,10.22,7.8,5,3.0,1,no
NH,88,area_code_510,no,yes,35,283.5,98,30.46,178.4,86,13.47,201.9,132,10.49,13.7,6,0.0,1,no
ID,192,area_code_415,yes,no,36,128.9,138,32.47,190.2,100,17.67,290.7,91,10.27,6.7,3,2.06,1,no
GA,107,area_code_510,yes,no,0,175.6,132,30.11,227.4,119,12.9,221.3,126,11.93,3.8,5,1.59,0,yes
LA,45,area_code_408,no,no,0,66.3,135,19.55,159.9,100,24.84,243.7,123,10.45,8.8,5,2.17,3,no
MS,127,area_code_408,no,yes,0,253.3,82,33.69,206.1,67,21.95,182.6,117,12.94,6.4,5,2.85,1,no
OR,22,area_code_415,no,yes,21,177.9,141,13.01,244.2,93,24.22,331.3,109,12.88,3.2,3,3.15,1,no
CO,94,area_code_415,no,yes,37,152.8,131,32.53,255.9,105,19.42,167.2,94,9.65,5.7,7,2.98,0,no
WY,102,area_code_415,no,no,0,204.8,94,25.55,172.0,146,19.69,155.0,104,8.01,6.3,5,4.59,1,no
ND,145,area_code_408,yes,no,16,163.1,55,31.84,163.6,154,20.82,129.4,100,11.4,10.5,9,3.49,1,yes
GA,79,area_code_408,yes,no,0,164.3,99,29.96,322.2,95,25.92,245.6,85,10.79,8.5,5,2.15,1,no
DC,1,area_code_415,no,yes,38,158.4,77,36.32,226.5,67,23.51,132.8,134,10.87,10.5,3,4.1,8,no
SD,156,area_code_415,yes,no,0,287.9,108,36.16,182.7,110,22.62,223.6,130,13.94,10.7,4,2.83,1,yes
GA,60,area_code_415,no,yes,42,211.8,108,24.19,46.7,80,15.2,166.3,63,9.99,11.7,3,2.78,1,no
MT,63,area_code_415,no,no,0,255.7,89,25.07,198.6,145,21.19,266.5,80,9.58,12.7,2,3.69,4,no
OH,20,area_code_510,no,yes,28,195.3,102,20.45,207.5,140,22.06,306.8,103,8.98,10.2,5,2.4,1,no
TX,114,area_code_408,yes,yes,26,274.6,105,34.41,182.5,85,22.9,257.6,103,11.3,3.4,2,2.01,0,no
RI,164,area_code_415,no,no,0,21.9,108,52.12,208.8,123,24.51,99.9,105,13.07,6.4,8,2.15,1,yes
AK,63,area_code_408,no,no,0,169.2,86,18.37,226.0,99,17.65,203.0,99,11.25,4.5,2,2.81,1,no
OR,65,area_code_510,no,no,0,103.5,105,30.68,194.6,125,13.44,210.0,135,10.77,9.3,2,3.27,0,no
UT,41,area_code_415,no,yes,36,158.5,48,32.23,217.0,124,13.98,183.4,100,11.62,3.2,2,5.4,1,no
OR,204,area_code_415,no,yes,0,176.2,119,30.06,264.2,124,20.52,258.0,130,14.66,11.2,5,2.09,4,no
NV,140,area_code_415,no,no,25,146.1,120,44.45,186.9,77,25.3,213.9,100,12.39,8.0,7,1.51,1,no
UT,70,area_code_415,no,yes,24,165.8,93,25.39,171.6,126,20.35,205.9,101,9.88,16.4,2,2.9,1,no
MN,69,area_code_415,yes,yes,0,106.9,91,34.56,156.2,156,20.86,296.8,78,9.58,6.8,6,2.19,7,yes
VA,100,area_code_408,no,no,0,198.6,74,31.35,207.6,116,16.31,280.2,106,14.31,11.0,6,2.66,3,no
DE,52,area_code_415,no,no,0,154.7,90,24.04,204.0,72,17.19,247.9,140,10.13,7.8,2,4.2,0,yes
UT,179,area_code_510,no,no,39,115.3,82,26.18,175.9,114,18.58,196.4,145,13.33,7.2,6,1.8,1,no
AK,102,area_code_415,no,yes,0,190.9,94,16.84,208.0,143,11.06,226.7,130,10.42,11.2,4,2.39,4,no
NY,156,area_code_510,no,no,0,203.3,102,42.57,178.6,119,16.91,241.1,113,5.97,10.8,6,3.81,1,no
ND,129,area_code_415,no,yes,0,181.7,76,54.28,211.4,140,15.8,173.8,101,11.48,8.4,1,3.03,1,no
OK,124,area_code_415,no,yes,33,84.0,118,31.42,161.2,137,18.19,182.3,97,8.52,5.8,2,2.29,1,no
OK,15,area_code_415,no,no,0,134.6,89,31.33,194.6,154,20.41,177.4,78,8.55,11.0,2,3.11,1,no
DE,180,area_code_415,no,yes,26,57.1,121,49.13,262.8,122,15.91,173.5,109,12.97,6.7,5,2.77,1,no
NJ,67,area_code_415,yes,no,0,341.6,99,35.68,253.9,109,15.77,226.5,118,14.75,9.2,2,1.51,1,no
AR,135,area_code_415,no,yes,23,195.5,105,27.42,309.6,104,23.18,147.6,85,14.18,8.4,2,2.47,0,no
DC,92,area_code_408,no,no,0,214.6,164,35.59,185.4,83,25.32,248.8,99,8.47,9.4,5,1.71,3,no
NE,71,area_code_408,no,yes,0,0.0,82,32.35,247.1,109,23.11,90.3,121,13.85,2.2,2,2.39,1,no
MO,71,area_code_415,no,no,0,157.2,82,35.39,177.2,118,17.6,111.0,105,11.45,5.3,6,3.6,3,no
AL,149,area_code_415,no,no,0,242.5,119,41.38,197.1,97,22.11,222.5,128,10.72,8.5,5,1.09,1,no
OK,77,area_code_415,no,yes,0,52.9,94,20.11,177.7,141,21.65,238.3,93,11.36,12.4,4,2.44,1,no
AL,110,area_code_415,no,no,0,14.4,103,42.89,353.8,118,21.96,256.6,85,8.39,9.6,3,2.24,3,no
OR,81,area_code_510,no,yes,0,57.1,90,25.37,173.3,129,10.04,309.9,114,10.26,6.1,2,2.91,2,no
DE,127,area_code_415,no,no,0,162.7,84,22.89,198.4,134,16.22,249.4,114,11.47,9.4,5,2.13,1,no
MD,91,area_code_408,no,yes,49,91.7,85,34.91,172.0,87,24.24,158.3,128,12.41,7.2,2,3.27,1,no
NE,82,area_code_415,no,yes,0,31.1,107,29.0,245.1,62,11.64,192.4,98,13.7,7.5,4,2.37,0,no
OR,140,area_code_510,no,yes,0,150.3,117,41.34,152.1,135,19.07,276.6,80,13.68,10.3,4,1.94,0,no
WY,171,area_code_510,no,no,0,202.1,111,32.9,228.9,82,3.38,274.2,97,15.11,9.8,2,4.86,1,no
WI,121,area_code_415,no,yes,32,16.3,146,25.73,105.6,157,19.47,136.7,97,11.19,5.3,3,2.62,1,no
NJ,117,area_code_415,no,yes,31,102.4,82,33.5,278.0,97,21.86,229.7,124,9.93,9.2,3,2.78,5,no
GA,105,area_code_415,yes,no,37,137.0,152,35.48,186.4,108,12.47,179.6,105,8.02,5.2,7,3.51,0,no
CO,218,area_code_408,no,no,20,184.5,110,30.13,202.4,123,19.17,193.0,142,9.94,5.7,2,4.24,0,no
DC,29,area_code_415,no,no,1,127.6,80,41.24,160.0,137,22.2,185.3,107,12.3,3.0,2,2.84,1,no
ND,99,area_code_415,yes,yes,0,176.7,87,40.69,172.2,103,19.74,270.9,102,8.33,11.4,3,3.21,1,no
MA,83,area_code_408,no,yes,0,176.2,90,21.56,212.5,124,24.65,148.8,80,13.54,8.4,5,1.97,1,no
PA,120,area_code_415,no,yes,0,157.3,92,22.11,117.7,117,20.84,136.6,82,13.6,11.6,2,2.88,1,yes
AZ,109,area_code_415,no,yes,46,74.7,124,31.98,127.8,121,23.94,227.9,88,13.55,9.6,3,4.07,1,no
MT,205,area_code_408,no,yes,0,117.1,96,29.48,146.3,142,17.22,251.6,120,9.89,10.9,7,3.22,0,no
AK,84,area_code_415,no,no,0,216.7,101,24.98,242.3,126,16.62,294.3,118,14.45,8.3,6,3.27,1,no
AL,129,area_code_408,no,no,0,188.6,88,39.01,141.1,102,17.32,263.8,115,7.79,10.4,5,3.56,4,yes
ID,90,area_code_510,no,no,0,197.7,92,30.75,215.7,119,16.87,228.8,92,13.27,17.3,2,2.72,3,no
MN,214,area_code_408,no,no,37,99.2,57,33.08,196.2,111,19.56,180.1,96,11.73,6.2,4,3.09,3,no
RI,111,area_code_415,no,yes,45,167.7,112,33.18,231.7,107,17.23,319.5,100,10.61,6.0,5,2.65,1,no
SC,82,area_code_415,no,yes,35,174.9,107,30.49,187.7,133,17.23,268.7,106,10.73,12.1,1,2.61,1,no
RI,123,area_code_415,no,no,0,185.1,114,44.8,206.0,111,17.23,248.2,88,11.52,14.4,3,3.01,6,no
OR,74,area_code_510,no,no,0,195.5,120,35.07,195.4,91,20.11,184.6,111,10.65,9.9,3,3.22,1,no
NC,121,area_code_415,no,yes,43,169.0,96,30.82,195.2,110,20.16,219.5,106,16.52,6.1,2,2.82,2,no
AL,64,area_code_408,yes,yes,32,230.2,120,15.64,310.5,85,26.46,147.3,112,9.12,9.3,6,1.12,1,no
MA,58,area_code_415,no,yes,34,91.6,102,23.14,243.6,113,16.29,214.8,87,10.33,4.5,2,2.64,1,no
CO,134,area_code_415,no,no,0,236.9,110,26.3,225.2,117,20.39,199.9,109,8.05,11.6,6,3.92,4,no
WI,121,area_code_415,yes,no,0,179.5,97,38.39,210.5,113,23.35,191.3,106,13.64,11.6,3,2.48,1,no
MD,137,area_code_415,no,yes,46,167.5,83,29.36,131.4,96,17.16,188.1,98,12.4,11.7,2,2.91,2,no
HI,116,area_code_510,no,yes,15,168.2,134,10.86,189.1,90,14.48,272.1,97,10.35,6.3,5,2.7,3,no
ND,148,area_code_415,no,no,0,185.8,96,24.64,143.6,88,18.54,124.7,88,11.17,10.1,3,4.21,1,no
AR,161,area_code_510,no,no,0,289.4,123,28.36,140.6,84,20.47,236.7,148,9.68,9.6,3,1.66,2,no
WA,36,area_code_408,no,yes,47,172.9,134,25.28,220.2,88,27.25,318.4,125,13.05,6.5,6,2.06,1,yes
OH,205,area_code_415,no,yes,49,165.6,87,34.17,168.7,107,15.04,115.2,97,10.33,11.9,11,2.69,0,no
PA,119,area_code_510,no,no,0,163.7,69,37.42,161.9,107,13.86,85.8,92,12.52,6.3,10,2.59,6,no
HI,119,area_code_415,yes,no,0,168.4,71,27.26,210.5,139,17.86,241.1,63,10.46,8.2,3,4.4,4,no
MO,227,area_code_415,no,no,0,198.9,92,45.1,161.4,110,20.27,239.2,107,12.76,9.1,4,4.06,0,no
NY,113,area_code_408,no,yes,27,124.7,71,28.37,213.1,90,16.77,241.7,71,12.98,5.7,2,3.09,0,no
NV,61,area_code_415,no,yes,0,243.7,141,46.73,191.6,128,18.54,165.2,83,10.38,8.9,2,4.11,1,yes
DC,164,area_code_408,no,no,0,192.0,83,29.85,308.8,105,22.82,263.1,114,7.99,10.0,2,3.36,3,no
WV,153,area_code_408,no,yes,0,196.2,130,37.09,203.5,107,12.21,161.6,112,10.05,5.4,2,2.25,0,no
AK,13,area_code_415,no,yes,0,9.1,94,35.29,81.5,111,17.92,208.9,120,9.83,8.1,1,3.86,1,no
NY,142,area_code_510,no,yes,0,157.5,128,33.39,161.5,97,22.27,278.1,131,10.17,10.3,5,2.29,2,no
NM,125,area_code_415,no,no,25,180.4,140,45.74,99.2,136,19.47,216.0,106,12.81,11.4,5,2.92,1,yes
WV,110,area_code_415,no,yes,0,239.0,113,26.26,204.7,82,18.9,274.1,137,13.94,9.7,5,2.83,1,no
TN,62,area_code_415,no,no,0,121.7,105,34.55,233.8,113,11.29,263.0,103,10.41,7.4,3,2.73,4,no
NH,99,area_code_415,yes,no,0,176.3,83,38.86,104.6,80,23.47,219.0,112,17.33,8.4,6,1.96,3,yes
AL,222,area_code_415,no,no,0,210.0,134,45.67,209.6,111,9.53,270.7,120,8.69,11.3,3,2.65,0,yes
AK,110,area_code_415,no,no,1,254.8,89,31.86,174.4,112,20.68,236.9,100,9.46,11.7,2,2.95,1,no
WY,136,area_code_415,yes,no,0,174.4,79,26.48,200.0,148,20.84,127.7,89,10.25,6.9,2,2.54,1,no
GA,160,area_code_415,no,no,21,172.0,86,34.64,184.2,93,21.71,138.2,129,9.51,9.4,2,2.49,1,no
DC,99,area_code_415,yes,no,0,219.9,111,39.01,77.4,120,17.66,150.7,121,10.77,7.2,6,2.13,4,no
CT,25,area_code_408,no,yes,1,181.9,98,31.7,359.3,119,19.41,267.0,81,9.55,10.1,1,2.27,1,no
NH,217,area_code_408,no,yes,31,243.3,95,32.24,202.7,75,18.55,209.6,112,8.63,7.8,3,1.17,1,no
WI,151,area_code_408,yes,no,1,195.3,120,37.73,212.9,104,20.26,289.2,110,10.34,9.6,5,1.74,1,yes
NH,99,area_code_510,no,yes,0,40.8,73,37.65,240.5,97,11.55,65.6,127,11.89,9.9,3,2.77,1,no
NJ,161,area_code_408,no,no,0,183.8,117,25.31,220.0,68,14.89,200.5,107,8.27,11.1,5,2.74,5,yes
NY,121,area_code_415,no,no,0,79.7,79,32.7,213.6,104,10.93,234.1,116,12.7,10.2,3,2.93,1,no
MA,15,area_code_415,no,yes,1,118.4,107,26.72,57.9,120,19.95,226.0,103,12.89,9.6,2,4.48,1,no
NY,119,area_code_415,no,yes,0,263.3,97,18.79,209.5,63,13.23,272.9,101,10.39,8.2,2,4.49,0,no
VT,90,area_code_510,no,no,0,21.5,79,24.07,232.9,116,18.91,317.8,98,9.64,6.9,17,1.46,4,yes
WI,115,area_code_408,yes,yes,11,198.5,91,22.48,359.3,111,27.23,217.6,144,13.94,10.0,3,0.94,3,no
ID,89,area_code_415,no,yes,0,168.4,95,28.8,294.5,126,19.67,230.3,83,17.77,6.6,3,1.58,1,no
HI,76,area_code_415,no,yes,29,184.8,95,32.09,273.5,144,19.0,143.5,105,11.24,13.5,2,3.02,3,no
NH,208,area_code_415,yes,no,30,313.7,82,26.21,258.8,131,17.24,168.5,113,9.4,9.5,9,3.08,1,yes
ME,75,area_code_415,no,yes,0,176.9,120,26.52,218.4,136,19.04,351.5,100,7.13,9.5,3,1.33,1,no
NE,87,area_code_510,no,no,1,162.9,78,26.71,181.9,95,18.97,277.0,91,11.37,8.3,3,2.93,1,no
VA,124,area_code_415,yes,no,0,131.8,108,41.34,267.6,86,20.47,151.4,99,11.21,5.3,3,2.02,0,yes
TN,125,area_code_408,no,no,0,155.7,88,19.01,257.0,85,20.2,124.5,136,9.73,6.4,2,2.68,1,yes
CO,106,area_code_415,yes,yes,0,162.1,82,19.35,235.3,72,23.2,217.7,135,10.18,8.0,3,3.08,4,no
AR,76,area_code_415,yes,no,30,106.4,109,16.32,301.9,108,27.08,247.2,127,8.91,3.6,7,2.68,4,no
WV,122,area_code_415,yes,no,0,142.2,92,20.69,197.7,130,26.94,218.7,95,11.74,8.7,2,2.61,1,yes
FL,149,area_code_415,no,yes,0,123.1,91,0.0,245.9,103,18.15,179.7,104,9.58,8.1,5,4.46,1,no
IN,96,area_code_408,no,yes,0,224.0,112,37.23,185.3,84,22.23,249.6,112,13.46,11.8,9,2.86,0,no
AZ,133,area_code_408,no,no,0,139.1,111,20.14,321.5,64,21.87,324.8,134,9.8,9.3,3,2.69,1,no
MD,81,area_code_415,no,yes,34,319.2,84,39.19,179.3,95,18.82,269.5,109,7.36,9.0,3,2.66,1,yes
SC,100,area_code_510,no,yes,1,128.1,105,36.8,214.5,130,14.16,177.9,30,10.03,8.4,4,2.94,1,no
DC,116,area_code_415,no,no,0,214.3,95,28.97,113.0,166,16.85,254.3,106,11.08,11.1,2,3.93,1,no
NE,77,area_code_415,no,no,0,92.4,89,35.32,307.3,106,20.18,327.8,91,11.39,5.6,3,3.62,4,no
AL,101,area_code_415,no,yes,44,62.2,97,20.3,196.0,97,14.45,298.9,103,14.21,3.3,2,3.98,1,no
NJ,86,area_code_415,yes,no,0,222.8,101,35.03,334.3,98,18.18,244.0,97,10.41,10.1,7,1.31,2,no
NY,88,area_code_408,no,no,0,114.1,129,20.59,175.4,127,21.74,209.3,93,10.92,6.4,5,3.9,1,no
WV,228,area_code_510,no,yes,27,145.1,106,30.81,169.9,134,20.69,160.5,133,12.08,8.7,2,1.68,1,no
VA,178,area_code_510,no,no,0,213.4,97,32.09,195.8,92,8.89,163.0,108,9.29,5.7,5,4.39,1,no
NC,104,area_code_408,no,no,0,91.4,110,28.95,130.2,110,18.1,256.5,88,10.93,12.0,5,2.1,1,no
WY,133,area_code_415,no,yes,31,207.9,74,41.28,169.3,107,10.22,203.9,131,6.64,8.4,3,2.66,3,no
AL,92,area_code_408,yes,no,0,158.8,93,26.36,294.6,103,18.57,255.1,74,16.63,10.2,5,2.92,1,no
IN,130,area_code_415,yes,no,27,2.4,76,25.59,287.8,106,18.98,248.5,109,10.2,11.0,3,2.87,0,no
NE,130,area_code_415,no,no,32,23.8,146,28.03,130.6,85,25.96,162.9,123,9.32,5.8,4,2.72,3,no
WV,67,area_code_415,no,yes,0,245.6,82,26.89,295.3,120,17.49,216.5,93,13.0,4.8,6,3.28,1,no
MA,101,area_code_408,no,no,0,94.0,108,36.53,166.0,93,21.35,137.0,142,15.85,8.8,5,1.21,1,no
KY,184,area_code_415,no,no,0,143.3,95,15.97,114.9,122,8.38,266.9,105,9.97,10.5,2,3.4,1,no
WV,103,area_code_415,no,yes,28,232.8,136,33.42,104.1,120,12.7,279.2,116,8.9,5.5,5,3.56,1,no
AR,83,area_code_510,no,yes,21,179.9,110,41.81,157.1,138,14.72,238.3,48,6.25,8.0,3,3.85,1,no
MO,92,area_code_408,no,no,29,174.4,79,29.86,139.3,105,15.3,346.2,114,13.37,10.3,7,3.59,1,no
WY,100,area_code_415,no,no,0,106.7,91,29.05,92.7,121,25.59,277.7,131,10.79,8.4,1,2.86,4,yes
SD,149,area_code_415,no,no,0,96.2,115,16.45,287.9,125,26.78,168.2,119,11.43,10.7,8,2.29,4,yes
KY,136,area_code_415,no,no,0,52.2,82,33.54,288.2,97,18.6,163.7,90,11.35,8.3,3,3.49,1,no
OR,97,area_code_415,no,yes,39,203.7,84,25.14,215.8,102,24.49,265.2,106,11.13,7.3,2,2.92,4,no
ND,176,area_code_415,yes,yes,34,259.7,99,29.41,218.6,115,12.14,297.5,81,11.37,10.6,2,3.45,0,no
OH,164,area_code_510,no,no,0,258.8,116,27.65,193.2,117,24.43,218.5,99,10.25,12.1,6,2.19,2,no
MS,124,area_code_415,no,no,32,84.1,82,37.05,149.5,144,23.61,166.8,136,9.45,5.7,5,1.8,1,no
MD,103,area_code_415,no,yes,0,151.3,100,27.39,263.6,104,16.58,196.9,124,10.12,4.3,5,2.9,1,no
OK,121,area_code_408,no,yes,42,184.5,106,29.01,192.4,147,18.06,205.9,109,12.36,10.6,3,2.27,2,no
UT,206,area_code_415,no,yes,0,178.5,90,22.43,149.2,92,19.34,246.8,92,10.85,9.8,6,2.64,1,no
OR,103,area_code_408,no,yes,32,95.6,69,36.17,135.7,111,30.37,204.6,112,10.89,4.8,3,2.69,0,no
TX,85,area_code_415,no,yes,0,167.6,108,19.78,108.1,121,20.32,138.2,86,8.79,9.7,3,3.35,1,no
IL,175,area_code_408,yes,no,0,68.3,113,31.39,221.7,110,22.89,174.7,109,10.34,9.8,2,3.08,1,no
MS,157,area_code_415,yes,no,1,191.8,75,45.57,92.1,110,16.01,202.4,105,9.81,4.8,5,2.35,1,no
CT,134,area_code_415,no,yes,36,127.7,148,21.93,146.3,103,17.23,200.4,108,11.79,8.7,3,1.77,3,no
HI,166,area_code_415,no,yes,38,125.8,94,41.16,240.4,158,19.26,305.7,108,12.86,12.3,6,4.55,1,no
ND,51,area_code_415,no,no,39,215.8,108,17.99,109.1,109,17.13,137.8,114,9.03,11.6,3,3.41,1,no
WV,134,area_code_408,no,yes,46,131.1,81,13.86,257.5,123,26.45,259.7,90,13.78,10.3,3,2.18,1,no
IA,103,area_code_408,no,yes,25,91.4,80,13.02,235.3,155,24.49,213.6,120,4.04,8.6,12,3.87,0,no
NV,60,area_code_415,no,no,34,146.6,73,23.99,236.8,90,17.02,312.2,136,9.58,10.8,4,2.42,1,no
KS,160,area_code_415,no,no,0,162.9,84,26.61,164.7,124,19.21,242.2,110,9.34,14.0,1,2.77,1,no
ID,41,area_code_415,no,yes,25,186.8,88,28.63,171.7,129,11.96,235.4,124,14.4,10.6,3,3.15,1,no
NM,142,area_code_415,no,yes,0,205.4,98,24.22,90.3,93,17.58,228.6,59,9.56,15.5,5,2.51,1,no
NC,137,area_code_415,no,yes,36,80.0,91,29.93,229.5,93,19.96,134.2,83,10.08,10.9,2,2.27,3,no
NY,87,area_code_408,no,yes,20,201.8,63,24.81,127.1,105,16.91,231.2,114,12.97,7.9,2,2.78,2,no
MD,64,area_code_408,no,no,0,179.0,107,23.41,138.6,139,13.9,186.6,119,12.43,11.6,3,4.12,1,no
AZ,42,area_code_415,no,yes,0,61.8,88,39.94,231.2,88,23.84,297.2,92,10.59,9.5,3,1.26,4,no
OK,123,area_code_415,no,yes,34,130.9,100,24.57,188.8,102,16.56,231.6,81,11.91,13.2,5,2.51,1,no
SD,96,area_code_408,no,no,0,154.2,111,22.32,205.2,148,18.63,226.4,109,11.9,12.8,5,3.77,1,no
KY,113,area_code_408,no,no,0,287.8,116,33.94,149.8,86,18.41,303.9,104,9.91,6.5,4,4.01,1,yes
FL,75,area_code_510,no,no,35,47.3,129,31.06,122.2,137,17.78,306.3,57,10.13,11.1,5,3.07,2,no
ND,164,area_code_510,yes,no,0,91.5,86,33.61,210.5,115,18.23,77.6,130,10.68,8.2,4,3.63,3,no
NC,137,area_code_415,no,yes,37,116.5,106,20.03,206.6,158,30.54,191.1,112,13.71,10.6,4,1.34,1,no
NJ,104,area_code_408,yes,no,0,222.0,125,23.46,239.1,141,29.23,303.2,89,16.79,11.5,3,3.5,1,no
OH,132,area_code_415,no,no,28,139.7,91,26.37,174.1,95,22.68,134.9,118,8.5,5.6,6,2.3,1,no
OR,165,area_code_510,no,no,0,160.6,113,34.73,205.2,84,19.66,223.3,81,9.93,4.9,6,3.58,2,no
MI,197,area_code_408,yes,no,0,191.1,88,46.9,97.7,122,22.57,160.5,107,13.04,6.1,3,3.27,5,no
IN,53,area_code_415,yes,no,0,158.2,95,47.37,205.5,103,19.99,208.5,107,9.44,4.9,3,2.54,2,no
NJ,150,area_code_510,no,yes,32,146.3,77,25.74,118.9,115,13.39,182.8,121,10.96,9.8,7,2.63,1,no
RI,56,area_code_415,no,yes,0,165.9,129,35.11,179.1,122,21.76,330.2,104,10.62,4.4,2,3.63,1,no
NY,47,area_code_415,no,no,0,179.8,117,29.38,264.7,123,13.95,245.0,89,12.56,13.5,5,2.78,1,no
ME,91,area_code_415,no,no,25,164.0,88,4.39,205.5,106,15.59,284.5,64,12.6,4.7,6,2.3,0,no
ID,57,area_code_415,no,no,0,157.3,92,12.66,180.9,97,21.49,222.6,118,9.74,8.6,12,2.33,5,no
WV,146,area_code_415,no,no,0,60.5,97,33.78,205.7,100,20.15,195.7,87,8.51,12.8,5,2.68,0,no
WY,134,area_code_415,no,no,0,195.2,104,31.51,146.9,136,21.93,200.0,124,11.95,12.7,7,2.06,1,no
OK,106,area_code_415,no,no,0,169.6,81,31.86,187.0,93,18.47,259.3,93,9.57,9.9,2,2.36,2,no
CT,37,area_code_510,no,no,0,159.5,140,19.16,318.3,121,25.64,186.2,128,11.5,10.6,3,2.31,1,no
IA,33,area_code_415,no,no,0,267.3,82,27.71,205.8,89,17.07,218.9,112,7.48,3.6,3,2.12,3,no
MT,113,area_code_408,no,no,0,176.5,73,18.57,247.7,94,22.32,255.9,85,10.25,4.4,3,2.45,1,yes
TN,196,area_code_408,no,no,0,179.1,89,16.11,156.5,122,26.96,265.9,76,11.03,12.1,3,2.32,2,yes
MT,235,area_code_415,no,no,0,134.6,99,43.48,172.9,109,17.7,229.8,93,7.99,8.3,1,3.43,1,yes
SC,109,area_code_408,no,no,0,195.3,110,16.77,102.5,131,24.3,276.7,73,11.61,5.7,4,1.65,0,no
ME,123,area_code_415,no,no,0,196.3,88,38.15,350.8,97,19.64,273.8,86,9.02,11.4,2,2.36,1,no
NV,240,area_code_415,no,no,0,173.0,104,33.8,187.1,114,18.76,232.5,92,9.77,8.2,2,2.48,1,no
OR,120,area_code_415,no,yes,35,161.0,110,42.8,301.4,153,20.76,228.8,130,11.79,9.3,5,2.52,1,no
MA,111,area_code_510,no,yes,50,59.4,91,52.42,156.9,92,22.63,184.7,114,14.04,9.4,6,2.18,0,no
AL,146,area_code_415,no,no,35,14.3,87,24.91,230.9,116,17.71,248.7,95,11.3,12.0,3,3.46,6,yes
GA,121,area_code_415,no,yes,0,156.6,77,20.8,315.5,152,27.23,225.6,116,11.36,7.7,5,3.81,1,yes
OR,142,area_code_510,no,yes,32,95.3,139,30.48,211.2,101,20.37,211.5,90,7.18,7.3,5,2.11,1,yes
PA,103,area_code_415,no,no,37,203.4,102,37.89,226.0,123,10.66,287.0,78,9.25,13.9,3,3.0,1,yes
ME,35,area_code_415,no,no,0,28.3,98,25.05,200.6,124,18.33,150.8,106,12.11,11.2,4,3.06,1,no
IA,185,area_code_415,no,no,41,156.7,91,33.22,256.5,108,18.05,255.6,114,13.01,9.6,5,2.14,3,no
KY,159,area_code_415,no,no,1,53.9,116,46.37,231.2,137,22.6,297.6,121,10.34,7.5,5,1.6,3,no
NY,156,area_code_415,yes,no,0,240.9,120,37.44,306.6,125,21.87,222.2,82,11.05,5.7,3,2.23,1,no
GA,130,area_code_415,no,yes,29,181.8,114,31.69,132.6,103,18.67,348.4,124,11.08,5.8,5,2.54,1,no
WY,134,area_code_510,no,yes,30,190.8,88,39.49,247.1,83,13.55,251.8,132,10.83,9.0,2,2.63,1,no
OH,133,area_code_415,no,yes,0,129.3,91,25.21,277.0,114,19.76,249.1,100,8.39,11.2,5,2.42,1,no
IN,118,area_code_408,no,yes,38,37.8,67,17.68,206.1,126,9.56,314.9,107,8.39,10.6,6,1.91,1,no
SD,81,area_code_510,yes,no,0,105.6,119,28.81,310.7,119,20.33,203.9,124,11.75,8.4,3,5.38,3,no
MA,145,area_code_415,yes,no,0,172.9,113,36.66,78.0,119,30.29,143.3,111,11.02,7.3,3,2.69,6,no
TX,127,area_code_415,no,yes,42,60.9,113,35.72,279.6,90,18.62,312.4,91,12.71,14.4,7,2.7,2,no
DE,70,area_code_415,no,no,0,171.6,107,25.57,127.7,106,15.63,216.4,122,9.18,5.3,5,2.59,1,no
VA,158,area_code_415,yes,yes,29,156.9,104,16.98,212.8,101,22.28,239.3,87,13.92,12.0,7,3.82,1,no
HI,105,area_code_415,yes,yes,0,158.9,74,38.46,210.5,96,16.37,125.9,148,7.09,10.3,3,2.61,4,no
ND,125,area_code_415,no,yes,43,204.8,75,30.93,226.0,159,12.8,229.3,63,7.84,10.0,5,2.85,1,no
UT,67,area_code_415,no,no,0,88.3,103,18.39,167.3,139,28.1,97.4,92,10.81,7.0,6,2.83,1,no
MN,105,area_code_415,no,yes,22,299.7,95,18.57,275.2,128,12.33,272.3,107,9.15,10.1,2,2.29,4,no
VA,172,area_code_415,no,yes,0,29.0,108,30.36,171.2,104,24.17,126.5,98,12.97,8.1,2,3.44,1,no
MD,75,area_code_408,no,yes,1,82.3,74,33.57,149.0,138,18.36,202.3,129,7.53,7.5,4,2.08,2,no
MO,62,area_code_408,no,no,0,141.8,107,13.28,210.3,108,22.36,199.0,76,16.95,10.1,3,3.53,0,no
HI,122,area_code_415,no,yes,27,159.2,98,28.77,195.4,133,11.04,256.3,135,14.74,11.5,3,2.32,1,no
KY,146,area_code_408,no,yes,37,132.8,103,29.98,264.5,155,25.83,162.1,73,11.77,4.9,4,1.74,1,no
TN,100,area_code_510,no,no,0,101.8,109,26.71,121.4,105,24.11,288.8,105,11.63,9.2,2,2.95,0,no
MA,139,area_code_415,no,no,0,217.2,100,30.43,164.5,118,17.68,228.3,115,15.85,3.5,2,2.89,2,no
IL,122,area_code_510,no,yes,38,289.6,79,21.24,88.0,83,30.28,290.5,120,13.39,12.3,3,2.06,3,no
ND,108,area_code_510,no,no,0,165.5,98,28.52,252.6,103,21.15,278.3,97,9.86,5.3,6,2.26,1,no
NV,104,area_code_408,no,no,38,224.0,90,43.83,205.2,106,16.77,251.9,116,12.8,11.7,6,2.73,1,no
OH,142,area_code_415,no,yes,1,201.5,93,34.98,178.5,80,25.02,155.1,82,9.71,10.2,5,2.46,0,yes
IA,104,area_code_415,no,yes,0,190.9,131,30.04,196.6,99,11.09,240.4,76,7.71,9.3,3,2.58,2,no
NJ,69,area_code_415,no,no,1,241.7,109,38.86,137.9,106,21.47,251.8,78,9.45,10.6,5,1.76,3,no
AL,79,area_code_415,no,no,0,168.7,99,28.1,191.2,103,21.51,197.6,118,13.49,3.7,3,1.82,3,no
AR,66,area_code_415,no,yes,0,41.6,115,54.9,283.5,150,20.86,225.9,99,12.59,6.3,3,3.44,4,yes
DE,117,area_code_408,no,no,0,107.6,114,42.16,85.1,82,18.71,209.3,115,10.54,8.7,9,1.81,1,no
GA,154,area_code_415,no,yes,23,119.0,89,17.29,139.7,127,17.79,178.9,89,8.73,0.0,2,2.27,0,no
KY,112,area_code_408,no,yes,0,43.5,107,36.27,232.5,82,19.1,305.1,59,7.82,7.3,3,2.38,1,no
IA,143,area_code_415,no,no,0,221.1,120,31.98,135.0,113,16.68,130.9,133,10.96,7.1,2,2.46,4,yes
NV,202,area_code_415,no,yes,25,182.4,101,37.52,131.7,115,22.89,183.8,101,11.8,11.5,1,3.92,4,no
WY,124,area_code_415,yes,no,0,207.0,98,30.88,230.0,141,27.43,232.8,95,8.74,3.7,3,0.81,3,no
FL,8,area_code_408,no,no,0,112.3,127,44.36,227.6,95,19.39,193.5,81,15.42,8.2,3,1.97,1,yes
NJ,35,area_code_415,no,no,31,144.1,81,10.96,178.8,101,23.57,150.7,131,13.88,8.0,3,2.85,1,no
OH,146,area_code_415,no,yes,26,142.1,87,21.52,253.2,129,19.84,199.8,87,11.1,11.7,9,3.74,2,no
PA,36,area_code_510,no,no,0,191.7,101,18.65,251.2,114,18.61,214.9,76,14.09,7.7,5,3.53,1,yes
MO,177,area_code_415,yes,yes,0,82.9,43,26.54,254.2,154,17.1,231.5,101,11.98,12.8,2,3.25,4,no
DE,146,area_code_415,no,no,0,179.5,102,36.86,77.4,142,12.29,241.6,138,10.66,6.4,2,1.96,3,no
NY,85,area_code_415,no,no,0,0.0,121,21.25,180.8,95,19.45,200.2,106,14.22,3.3,5,1.82,2,no
WI,108,area_code_408,no,no,24,84.6,117,33.19,214.3,113,18.05,198.6,116,14.94,13.8,3,3.22,0,no
HI,134,area_code_415,no,yes,0,187.0,92,25.48,125.8,108,22.33,160.7,89,11.08,4.0,3,3.36,1,no
ID,149,area_code_415,no,no,0,198.8,108,25.91,149.7,80,19.48,185.1,67,9.32,7.8,3,4.38,2,no
MD,95,area_code_415,no,yes,0,191.4,124,31.34,187.1,99,15.34,326.8,126,16.23,6.9,5,2.85,0,no
LA,143,area_code_408,no,no,0,220.4,121,25.89,270.8,82,16.8,231.1,119,8.91,12.9,5,2.31,4,no
NH,53,area_code_415,no,yes,37,198.6,92,20.04,102.3,113,20.39,202.4,87,11.77,10.3,5,1.77,1,no
HI,69,area_code_415,no,yes,29,146.6,100,25.84,255.7,124,24.81,238.4,71,10.41,14.2,6,1.81,1,no
NE,189,area_code_510,yes,yes,0,147.8,118,31.25,205.7,115,17.18,225.0,92,9.74,5.9,4,3.46,1,no
SC,97,area_code_415,no,yes,23,74.7,100,29.78,199.9,83,19.06,207.8,137,10.29,11.0,2,2.5,1,no
IL,140,area_code_408,no,no,0,171.6,80,37.63,210.2,104,16.19,268.3,95,9.23,10.3,1,3.34,3,no
PA,122,area_code_415,no,yes,0,48.6,86,21.46,359.3,117,14.86,210.1,130,14.6,8.8,3,2.7,1,no
PA,172,area_code_408,no,no,0,150.3,122,5.45,246.8,114,17.98,218.7,123,11.07,10.7,5,3.02,0,no
VA,118,area_code_408,yes,yes,34,201.7,107,46.56,108.1,87,21.94,229.4,55,12.83,10.9,2,1.18,1,no
LA,129,area_code_408,no,no,0,204.7,140,22.5,195.9,76,16.24,186.6,125,10.54,8.0,6,2.83,1,no
MA,180,area_code_415,no,yes,0,221.8,100,32.17,262.6,121,15.32,286.0,120,14.78,10.9,6,3.58,1,no
AL,11,area_code_510,no,yes,0,193.9,83,43.8,156.3,109,19.37,201.1,101,13.09,4.6,7,2.7,1,no
OH,79,area_code_408,no,yes,0,172.9,158,31.28,213.5,123,26.58,274.0,99,7.16,6.9,3,2.31,1,yes
AR,157,area_code_408,no,yes,0,182.5,88,24.87,299.7,82,20.56,169.7,116,8.82,7.0,5,2.65,5,no
RI,140,area_code_415,yes,no,0,168.3,88,25.39,260.8,109,21.45,237.1,106,10.54,10.1,2,2.57,3,yes
NJ,53,area_code_408,no,no,0,112.5,101,20.33,196.5,97,24.47,190.4,109,11.34,9.7,9,1.75,5,no
NE,109,area_code_408,yes,yes,29,198.6,93,27.95,202.7,95,20.26,204.2,95,13.05,11.0,5,3.67,1,no
NE,91,area_code_415,no,no,49,95.0,123,33.11,219.5,91,18.89,262.6,56,8.62,10.4,4,3.81,4,no
NJ,155,area_code_415,no,yes,0,152.1,95,31.39,185.5,70,21.19,245.9,135,8.78,11.8,4,4.35,1,no
LA,94,area_code_510,no,no,0,101.6,69,40.99,231.9,110,17.46,329.6,152,9.94,11.3,2,1.64,1,no
DC,165,area_code_510,no,no,0,164.9,76,20.94,194.8,124,18.56,220.9,127,9.9,8.5,2,3.67,1,no
TN,118,area_code_510,no,no,0,240.3,86,47.36,124.0,149,21.55,201.5,92,13.46,11.8,2,3.21,1,yes
TX,168,area_code_415,no,yes,0,195.6,120,1.45,260.7,156,20.42,297.5,114,10.3,9.6,2,3.51,1,no
OR,81,area_code_408,no,yes,0,80.3,68,43.39,110.3,114,24.16,160.3,86,10.1,7.6,7,2.76,1,no
TX,27,area_code_415,no,yes,24,277.9,117,30.84,198.0,114,16.42,276.0,112,10.34,13.3,14,3.88,2,no
WV,169,area_code_408,no,no,0,171.5,121,35.27,164.7,119,15.91,151.6,120,11.64,7.4,7,2.83,1,no
DC,113,area_code_510,no,yes,32,254.2,99,25.76,175.0,110,16.17,228.2,115,8.45,15.4,1,3.42,4,no
MT,26,area_code_415,no,no,0,192.6,80,32.73,198.1,91,19.19,287.9,106,13.79,9.3,5,2.35,1,yes
NH,94,area_code_408,no,no,1,272.9,136,31.52,232.7,108,19.7,238.4,95,11.13,6.1,9,3.24,1,no
NE,70,area_code_408,no,no,0,152.3,108,34.06,115.2,126,27.02,301.6,93,9.07,10.3,4,2.23,2,no
CO,131,area_code_415,no,no,0,217.8,113,29.88,175.1,134,21.35,289.3,104,11.05,13.3,3,3.27,1,no
IA,153,area_code_415,no,yes,0,164.6,116,29.64,197.3,91,25.93,175.3,98,11.71,8.9,3,2.62,1,no
LA,17,area_code_415,no,no,0,242.8,97,23.65,199.9,81,17.37,189.3,100,12.19,7.7,7,2.59,1,no
NM,152,area_code_415,no,no,0,140.6,102,25.06,190.1,65,18.17,179.2,99,9.66,10.5,3,2.08,1,no
ID,82,area_code_415,no,no,28,73.9,83,34.36,2.0,136,15.74,163.0,105,13.19,12.0,6,2.74,1,no
ID,83,area_code_510,no,no,38,214.2,106,38.29,233.9,106,14.09,246.0,119,10.07,14.2,3,2.7,4,no
NH,90,area_code_510,no,yes,34,255.3,97,53.03,179.7,108,19.13,200.2,85,10.97,10.7,3,1.98,2,no
ME,77,area_code_415,no,no,0,99.6,117,33.6,191.3,137,24.26,247.5,71,10.19,13.4,10,3.04,2,no
OR,41,area_code_510,no,no,0,98.6,118,33.48,218.8,83,15.17,166.4,109,12.22,9.1,2,3.19,1,no
VA,134,area_code_510,no,no,1,156.1,102,36.27,250.3,142,21.32,62.5,135,13.42,16.7,4,2.24,4,no
RI,206,area_code_415,no,yes,26,235.5,108,33.77,342.3,57,18.74,199.2,84,12.8,6.6,6,1.76,1,no
ID,207,area_code_510,no,no,0,252.4,96,28.2,293.8,83,16.49,173.8,109,9.31,4.7,2,0.88,1,no
GA,133,area_code_408,yes,no,0,125.0,99,29.6,121.7,93,20.28,164.0,117,13.6,9.9,3,2.25,3,no
DE,146,area_code_415,no,no,36,117.3,99,34.62,128.1,104,21.9,239.2,138,9.22,10.6,2,2.75,6,yes
VA,155,area_code_415,no,no,1,247.8,87,29.3,173.9,128,11.94,221.5,104,9.86,11.8,2,0.9,0,no
DC,159,area_code_415,no,yes,0,60.2,90,39.37,275.3,124,19.64,256.7,105,14.41,5.5,4,2.83,0,no
OR,19,area_code_415,no,yes,0,63.1,60,29.29,237.4,109,17.01,159.3,112,13.75,4.6,5,4.15,1,no
AR,93,area_code_415,no,yes,0,142.7,105,21.29,134.3,140,19.01,230.7,123,11.6,12.4,5,2.76,4,no
LA,103,area_code_408,no,no,0,145.4,97,32.17,259.1,131,26.77,142.8,104,14.99,14.4,7,3.01,0,yes
CT,92,area_code_408,no,yes,0,159.3,104,34.85,204.5,97,20.6,358.8,132,10.11,8.8,5,2.88,1,no
IN,72,area_code_415,no,no,0,192.7,100,26.2,188.2,99,20.73,291.4,71,11.25,8.5,7,3.67,1,no
SD,135,area_code_415,no,no,33,193.2,63,23.14,201.5,120,23.72,288.8,106,10.8,12.4,2,2.98,1,yes
NH,119,area_code_415,no,no,0,234.5,52,29.09,164.2,112,21.17,229.6,87,14.06,9.6,3,3.15,0,no
NJ,178,area_code_415,no,no,0,95.5,101,38.96,212.1,112,16.34,165.0,74,11.36,9.4,5,2.18,6,no
NJ,103,area_code_510,yes,yes,0,217.8,99,37.78,135.0,82,15.87,150.9,112,9.51,6.8,3,4.75,1,no
IL,70,area_code_415,no,yes,23,321.9,86,31.69,301.2,98,17.99,169.2,79,10.02,5.4,5,1.09,0,no
OK,195,area_code_415,no,no,0,207.7,127,17.64,245.2,117,16.91,274.7,95,10.1,5.0,3,2.99,2,no
MN,73,area_code_415,no,yes,0,181.1,60,21.03,191.2,91,18.7,215.5,109,8.41,2.3,9,1.89,3,no
TN,119,area_code_415,no,no,1,186.9,72,39.04,267.0,87,24.62,223.9,144,9.67,3.9,6,1.59,1,yes
ID,178,area_code_415,yes,no,0,57.1,72,34.1,139.7,106,23.81,77.0,117,14.0,9.7,2,2.88,1,yes
VT,155,area_code_510,no,yes,0,62.1,135,45.26,223.0,117,22.31,289.9,121,17.77,10.5,2,2.68,2,no
KS,127,area_code_408,no,no,0,183.5,120,25.44,209.1,120,25.92,304.5,100,9.57,3.9,6,1.77,0,no
DC,139,area_code_408,no,no,0,157.8,113,32.85,242.0,114,19.73,300.8,121,12.43,9.4,5,2.39,0,no
NH,115,area_code_415,no,no,26,244.2,80,32.81,229.5,118,16.92,185.3,128,10.31,8.2,7,3.45,1,no
NC,58,area_code_415,yes,yes,0,117.4,114,28.18,189.3,103,14.69,217.3,115,10.11,8.1,4,1.86,1,no
WA,68,area_code_415,no,yes,45,203.5,132,28.9,213.3,122,23.88,338.6,113,8.93,9.4,7,3.27,1,no
OH,190,area_code_415,no,yes,31,166.0,103,25.64,138.9,77,14.49,173.7,95,7.79,13.4,6,2.67,1,no
TN,80,area_code_415,no,no,0,75.3,109,22.41,148.4,127,22.79,204.1,108,10.02,11.1,3,4.27,4,yes
RI,157,area_code_415,no,no,0,261.6,75,31.94,261.0,87,21.31,300.3,92,7.33,11.4,3,3.43,1,no
UT,88,area_code_408,no,yes,43,159.2,105,39.07,261.5,107,17.05,202.4,89,10.69,7.7,7,1.64,0,no
WV,139,area_code_415,no,yes,24,163.6,101,25.27,218.8,113,17.84,149.6,111,12.95,7.4,6,2.26,1,no
TX,176,area_code_415,no,yes,41,166.5,131,45.74,137.6,108,15.03,272.4,100,10.25,8.6,2,3.09,4,yes
VT,190,area_code_510,no,yes,0,71.0,92,36.44,291.3,94,20.68,347.8,54,10.06,10.6,6,3.66,4,no
IL,32,area_code_415,no,yes,0,148.5,106,38.68,172.2,98,24.01,191.6,58,10.5,9.1,6,1.98,1,no
PA,48,area_code_415,yes,no,0,193.3,92,22.1,154.0,107,22.45,147.1,156,12.27,4.9,4,2.72,3,yes
TN,126,area_code_408,yes,no,0,184.8,89,38.11,280.5,104,21.08,239.1,82,10.67,3.8,2,3.83,4,yes
WV,175,area_code_415,no,yes,1,177.0,126,33.15,206.2,107,16.33,208.8,96,16.73,6.1,2,2.82,1,no
VA,106,area_code_415,no,no,1,257.3,101,31.8,324.9,82,18.78,250.4,92,10.57,5.0,3,1.93,1,no
IN,33,area_code_415,yes,yes,33,179.7,127,25.08,158.0,134,19.1,159.3,97,13.08,12.7,5,2.35,1,no
CT,45,area_code_415,no,yes,30,87.2,84,32.84,71.9,94,18.82,181.8,100,9.04,10.1,3,1.78,1,no
NH,147,area_code_408,no,no,0,194.7,105,36.99,219.1,87,20.58,223.7,76,11.3,7.7,6,4.08,1,no
CO,169,area_code_415,no,yes,27,52.9,113,29.07,211.2,106,24.03,252.7,93,9.63,7.9,3,3.06,1,no
NY,119,area_code_408,no,yes,30,221.7,92,37.15,214.1,106,20.05,246.4,123,11.41,9.6,5,2.31,1,no
IA,180,area_code_408,no,no,30,131.0,118,21.52,198.2,126,18.62,210.4,128,10.93,10.8,4,3.34,6,no
ID,149,area_code_510,no,no,34,158.2,140,33.61,217.0,126,27.13,125.0,135,11.41,11.1,7,1.98,4,no
OK,140,area_code_415,yes,yes,23,131.6,89,34.06,205.5,87,19.97,244.3,99,8.93,12.7,6,3.05,1,no
LA,39,area_code_510,no,no,25,211.3,100,31.81,326.8,126,24.71,274.2,80,13.67,8.7,7,3.31,4,no
TN,113,area_code_415,no,yes,0,193.5,84,49.47,286.6,110,26.0,204.1,103,9.13,14.3,3,3.17,1,yes
OR,137,area_code_408,no,yes,0,234.6,110,22.37,163.8,98,24.05,348.4,98,11.14,10.0,2,3.21,1,no
OH,74,area_code_415,no,no,0,132.3,53,34.18,344.1,102,24.53,185.1,67,11.63,7.6,1,2.9,1,yes
IL,109,area_code_408,no,yes,20,147.1,93,21.59,202.7,94,15.89,141.2,100,12.45,10.2,5,2.57,1,no
KY,150,area_code_408,no,yes,28,185.8,91,26.6,251.5,102,19.25,306.0,114,10.83,12.2,3,1.89,1,no
ID,1,area_code_408,no,yes,34,205.1,127,19.03,215.6,112,18.84,267.5,82,14.3,3.7,2,3.36,1,no
MN,125,area_code_415,no,no,0,107.2,119,27.32,264.4,101,19.64,208.5,87,10.24,10.8,3,3.92,4,no
WI,77,area_code_510,no,yes,0,78.4,104,29.88,228.7,102,16.37,264.6,107,15.57,6.5,2,0.52,5,no
OK,113,area_code_415,no,yes,42,184.2,92,57.2,245.0,121,17.75,220.5,76,8.82,9.2,2,2.58,2,no
MT,108,area_code_510,no,no,0,55.9,94,28.02,242.4,128,18.2,219.3,80,11.2,5.7,2,1.83,1,no
OR,74,area_code_510,no,no,28,61.9,99,8.93,186.9,116,17.34,128.1,97,13.3,6.4,5,3.61,0,no
CO,93,area_code_415,no,no,0,123.8,59,22.26,249.2,78,20.0,183.0,156,12.14,10.5,2,3.22,4,no
NH,100,area_code_415,yes,no,0,101.6,102,26.97,224.0,88,23.59,321.8,103,15.46,8.9,6,3.14,0,no
AK,78,area_code_415,no,no,30,164.2,106,15.8,256.1,84,22.03,298.0,130,6.73,5.6,4,2.22,6,no
NE,57,area_code_415,yes,yes,27,210.2,127,36.62,180.6,132,21.45,291.7,129,8.56,5.7,7,2.24,1,no
TN,194,area_code_408,yes,no,0,162.9,86,59.38,197.6,97,21.33,209.2,124,10.08,9.5,2,1.75,2,yes
PA,98,area_code_415,no,yes,43,164.9,97,48.43,255.5,97,11.9,254.8,53,9.36,8.6,2,3.87,0,no
ME,92,area_code_408,no,no,0,168.4,105,27.92,306.7,138,17.54,248.0,95,9.33,4.7,2,2.93,1,no
NH,175,area_code_415,yes,no,0,155.3,77,28.65,161.2,152,27.46,205.1,76,11.11,11.7,2,2.06,6,yes
CA,203,area_code_415,yes,yes,0,172.7,127,38.68,249.3,124,19.91,317.6,71,7.87,9.4,2,0.17,3,no
ND,64,area_code_415,no,no,0,121.1,110,42.51,190.4,118,25.37,220.4,91,11.16,4.3,2,3.04,3,no
OR,160,area_code_510,no,yes,34,128.6,84,43.82,221.4,126,16.3,227.6,92,9.59,9.3,2,3.34,5,no
NY,171,area_code_415,no,yes,31,121.2,62,20.44,217.2,102,18.34,226.0,125,17.52,8.9,4,3.54,4,no
MN,83,area_code_408,no,no,0,160.3,86,29.3,151.1,122,24.37,239.1,95,13.35,3.0,5,3.1,1,no
OR,79,area_code_510,no,no,1,53.3,82,18.68,208.5,96,17.82,249.6,101,17.77,4.1,5,2.22,1,no
MO,85,area_code_415,no,no,30,114.4,81,38.41,211.6,99,17.11,222.8,61,12.26,11.0,2,3.92,3,no
AR,152,area_code_415,no,yes,13,179.8,111,24.61,188.9,81,17.49,280.9,110,9.96,9.0,3,2.93,3,no
PA,134,area_code_415,no,no,0,205.0,99,31.65,227.0,110,26.13,275.3,84,14.91,15.8,2,1.71,1,yes
WY,1,area_code_408,no,no,0,116.1,112,28.13,251.6,74,20.94,242.9,126,8.7,7.1,2,1.56,3,no
WV,97,area_code_415,no,no,0,167.8,101,28.34,248.0,90,24.39,213.7,97,10.41,12.7,3,1.84,4,no
FL,110,area_code_415,no,yes,30,126.9,146,29.98,54.6,99,17.11,175.7,130,10.43,8.0,5,4.37,1,no
MA,156,area_code_408,no,no,0,132.9,86,32.4,141.1,89,11.29,193.3,89,12.09,8.7,2,2.82,1,no
CA,134,area_code_415,yes,no,0,189.5,95,26.49,123.0,110,26.29,169.7,96,11.36,12.5,3,3.52,4,yes
AZ,143,area_code_408,no,no,0,236.9,97,43.99,254.1,103,19.63,282.8,102,11.01,9.0,3,1.99,1,no
NV,184,area_code_408,no,yes,0,220.5,140,24.33,129.0,112,18.75,245.0,78,10.65,9.5,3,1.99,2,no
OR,116,area_code_510,yes,yes,23,82.3,79,28.93,305.4,96,17.66,265.1,101,9.11,4.4,2,2.53,4,no
AR,135,area_code_408,no,yes,21,141.0,121,32.31,228.9,131,20.13,268.4,77,11.69,11.3,7,1.92,7,no
AR,136,area_code_415,no,no,0,200.7,74,30.97,286.9,127,14.96,190.2,82,11.62,0.0,3,2.14,1,no
SC,61,area_code_408,no,yes,0,92.3,81,29.53,215.0,89,19.78,272.8,103,11.87,10.1,3,3.3,1,no
MA,86,area_code_415,no,no,0,184.5,139,47.28,128.3,128,19.98,167.1,114,8.77,8.0,3,2.14,1,no
NM,108,area_code_408,no,no,0,105.5,113,26.55,211.9,65,17.64,299.7,138,11.06,8.8,5,2.73,1,no
OH,99,area_code_408,no,no,0,159.5,95,32.51,124.3,120,22.36,260.9,84,6.73,11.8,4,2.36,4,no
MN,243,area_code_510,no,no,0,273.8,123,34.16,212.9,108,26.11,313.9,110,12.39,9.4,4,1.71,2,no
WA,90,area_code_415,no,yes,50,186.6,92,36.02,128.4,125,17.2,317.2,117,14.93,13.3,2,2.09,1,no
MI,42,area_code_415,yes,yes,0,245.6,113,31.13,185.5,138,12.93,231.4,78,6.47,11.5,3,2.94,2,yes
MO,172,area_code_415,no,yes,0,208.3,56,39.81,158.9,95,23.03,230.1,77,11.37,6.9,4,2.29,1,yes
NE,102,area_code_415,no,yes,0,155.5,109,22.45,177.2,135,15.72,169.6,88,11.43,9.1,5,3.26,3,no
MS,140,area_code_415,no,no,0,204.1,53,23.93,188.4,112,19.92,272.1,138,10.6,4.7,3,2.6,1,no
MA,74,area_code_415,no,yes,0,213.3,107,47.59,240.7,127,18.89,156.3,118,12.35,6.1,4,2.55,1,no
MO,212,area_code_415,no,no,0,165.9,119,18.58,205.6,94,21.02,395.0,96,12.95,9.9,5,2.02,1,yes
ME,218,area_code_415,no,yes,25,215.3,93,39.51,233.8,112,16.94,159.7,121,8.84,11.3,6,1.17,1,no
KY,153,area_code_408,no,yes,0,172.2,98,36.31,237.3,95,20.81,297.5,88,14.66,8.6,3,1.19,1,no
MA,235,area_code_415,no,yes,0,187.6,125,34.09,223.1,123,14.51,305.5,102,12.35,7.5,17,2.36,1,no
OH,177,area_code_510,no,yes,45,197.0,90,20.06,214.5,115,22.08,319.5,70,12.04,10.7,9,4.19,1,no
AZ,128,area_code_415,yes,yes,0,183.3,135,24.62,6.7,79,13.69,80.3,102,9.94,4.9,4,3.65,1,no
ID,136,area_code_415,no,yes,32,263.0,89,27.78,241.7,111,10.66,212.5,101,8.44,12.6,3,5.34,2,yes
NE,204,area_code_415,no,yes,26,178.8,73,34.51,202.4,134,15.96,240.1,132,8.15,15.7,2,3.71,1,no
MT,83,area_code_510,no,yes,49,109.9,94,29.43,156.4,121,20.77,151.2,102,10.11,11.6,3,1.87,1,no
CO,44,area_code_408,no,yes,1,260.6,106,32.56,235.4,94,22.64,332.6,77,12.18,5.9,2,2.36,0,no
MS,123,area_code_415,no,no,37,159.9,89,36.39,191.7,89,16.09,138.6,109,12.84,14.1,3,3.75,1,no
CA,129,area_code_408,yes,yes,0,134.6,125,22.63,213.5,106,24.57,255.6,126,13.96,7.0,3,3.0,1,yes
OR,156,area_code_510,no,yes,0,194.9,89,36.33,189.3,99,20.72,310.2,92,11.56,13.4,2,1.28,4,no
AK,109,area_code_415,no,no,0,226.0,137,25.56,160.4,126,21.89,214.9,133,16.26,4.8,2,3.57,1,yes
PA,131,area_code_415,no,yes,25,164.9,97,22.94,146.1,133,23.07,255.5,101,6.1,13.1,3,4.29,4,no
VT,134,area_code_415,yes,yes,0,193.3,110,28.71,209.2,129,21.08,215.2,104,12.82,11.6,2,3.69,5,no
RI,131,area_code_408,no,no,1,186.9,119,43.66,178.3,130,18.31,244.4,106,9.85,10.7,4,2.51,3,no
KS,94,area_code_415,yes,yes,0,142.2,107,32.8,93.5,127,19.09,133.7,91,11.34,6.7,2,3.51,4,no
PA,103,area_code_415,no,yes,19,151.1,102,43.87,286.4,87,16.83,337.0,83,7.16,10.5,2,4.42,1,no
NJ,91,area_code_408,no,no,0,277.0,152,45.62,273.0,130,22.43,209.1,99,10.58,9.2,2,4.56,4,yes
NH,163,area_code_415,yes,no,0,175.1,97,20.72,226.1,133,18.71,245.3,93,9.25,9.1,3,4.14,3,no
WY,69,area_code_415,no,no,0,0.0,87,20.83,222.8,120,20.03,82.1,99,10.15,11.8,4,1.86,4,no
HI,54,area_code_415,yes,no,0,207.3,78,36.7,242.1,122,24.75,264.7,99,10.18,12.7,4,2.56,3,yes
CA,42,area_code_415,no,yes,35,124.8,111,25.28,171.1,110,12.35,257.6,84,13.12,5.9,2,2.51,1,yes
AR,91,area_code_415,yes,yes,27,249.0,88,51.53,217.1,98,19.87,240.7,99,11.49,7.2,2,3.95,6,no
WA,243,area_code_510,no,no,0,178.0,76,12.2,200.4,93,21.4,291.4,122,15.79,10.5,2,2.25,1,yes
CT,107,area_code_415,no,no,0,96.0,92,37.36,227.7,127,15.99,180.2,112,9.77,7.6,7,3.3,1,no
NH,134,area_code_408,no,yes,40,126.8,110,23.64,303.2,110,15.54,329.9,78,16.09,10.2,4,2.74,1,yes
OR,114,area_code_510,no,no,0,111.4,113,37.34,147.2,109,20.15,395.0,109,10.11,5.3,8,2.66,2,no
MN,70,area_code_415,no,yes,0,287.5,100,21.41,212.6,105,20.8,313.4,132,9.27,6.2,5,3.01,1,no
OK,122,area_code_408,no,yes,28,119.3,126,26.48,353.2,138,17.59,276.4,102,10.81,7.6,2,2.44,4,no
MN,64,area_code_415,no,no,0,30.0,114,21.95,137.4,101,21.51,306.8,114,10.24,2.8,2,1.95,1,no
MS,160,area_code_408,yes,no,25,177.5,100,37.9,239.2,126,21.26,206.1,100,14.53,11.1,2,2.41,1,no
NE,120,area_code_415,no,yes,0,150.4,128,19.64,76.1,77,20.78,195.7,95,12.77,10.1,7,2.9,4,yes
OR,142,area_code_415,no,yes,33,45.1,109,29.88,249.9,94,26.83,277.1,94,14.39,7.3,3,2.51,1,no
MN,65,area_code_415,no,yes,40,57.3,129,35.47,211.1,110,22.96,291.8,96,13.04,6.9,4,3.49,1,no
MA,124,area_code_415,no,yes,1,171.4,98,28.57,119.2,111,20.91,213.9,48,10.84,2.8,2,2.47,4,no
NJ,100,area_code_415,no,no,0,280.2,100,32.49,146.6,127,25.43,341.4,101,10.74,7.5,2,2.69,4,no
NE,132,area_code_408,no,yes,0,164.6,103,17.25,256.4,81,22.62,248.9,92,9.91,15.3,3,2.34,1,no
MI,168,area_code_408,no,no,31,148.5,82,33.18,111.3,111,11.84,173.6,108,8.05,10.7,4,2.69,4,yes
NJ,129,area_code_415,no,no,0,255.8,147,29.02,217.6,102,30.54,293.9,60,11.33,8.6,2,1.82,1,yes
MO,82,area_code_415,no,yes,0,78.2,104,3.12,150.5,104,23.95,283.3,152,9.92,5.9,9,4.32,1,no
RI,229,area_code_415,yes,no,0,161.0,91,35.8,174.1,106,20.75,255.2,74,10.29,8.9,5,2.75,4,no
NV,125,area_code_415,no,no,19,134.2,96,28.81,129.4,130,20.8,222.9,129,8.0,7.5,2,0.51,1,no
NV,63,area_code_415,no,no,1,212.2,110,26.23,203.6,145,16.94,245.2,123,13.41,6.5,2,2.99,1,no
OK,136,area_code_408,no,yes,0,238.8,101,35.69,166.3,73,25.31,231.0,99,11.25,6.4,3,4.15,3,no
UT,114,area_code_408,no,yes,44,172.1,86,29.78,266.3,84,19.25,244.9,73,9.03,7.5,6,2.64,1,no
VA,195,area_code_510,no,yes,0,187.9,127,31.85,245.5,89,18.83,168.5,119,11.57,10.6,5,3.63,1,no
KS,121,area_code_408,no,no,0,185.0,130,17.6,194.0,129,21.9,190.9,82,13.07,9.1,5,1.87,0,no
AZ,84,area_code_408,no,yes,0,160.9,118,20.89,164.5,128,24.19,117.0,99,11.47,4.4,5,2.22,1,no
MI,101,area_code_510,yes,yes,0,125.7,100,24.05,173.7,103,23.47,218.5,108,9.74,8.9,3,2.79,1,no
NH,154,area_code_415,no,yes,28,161.4,83,33.64,225.9,111,8.07,316.7,107,8.75,10.5,5,2.9,4,no
MT,73,area_code_408,no,no,1,109.0,71,19.45,145.5,66,14.07,293.5,82,14.76,15.0,5,2.05,1,no
SD,199,area_code_415,yes,no,0,55.3,92,22.62,121.3,110,21.18,149.6,128,12.1,7.2,3,3.17,1,no
ID,166,area_code_408,no,no,0,77.6,87,33.14,191.1,126,15.23,181.4,91,11.19,8.0,3,3.57,1,no
VT,74,area_code_408,no,yes,0,186.0,103,45.69,326.7,101,19.67,257.2,107,9.56,9.7,5,1.38,4,no
TX,119,area_code_408,no,no,0,253.2,81,24.52,143.0,103,19.57,197.8,91,15.47,11.2,2,2.7,1,no
AR,83,area_code_408,no,yes,38,249.8,81,20.02,178.2,92,25.37,202.0,115,14.09,11.0,6,0.39,2,no
NM,120,area_code_510,no,yes,0,139.4,70,18.33,197.0,141,22.79,178.2,141,10.41,11.0,3,2.96,1,no
MO,78,area_code_415,no,yes,40,182.3,92,41.64,293.1,108,19.38,181.9,92,8.8,9.6,5,4.55,2,yes
MN,130,area_code_415,no,yes,16,191.4,123,43.54,204.1,138,15.69,325.0,123,13.1,7.1,1,2.85,4,no
IA,208,area_code_415,no,no,0,174.2,113,31.03,169.0,101,21.4,272.4,95,11.66,10.4,3,2.18,1,no
NM,126,area_code_415,no,no,0,160.3,118,21.29,127.4,158,15.04,292.0,88,12.51,3.2,2,2.91,4,no
MN,65,area_code_408,no,no,0,265.5,121,17.51,217.8,97,23.46,256.8,106,11.13,7.3,3,2.41,3,no
TX,168,area_code_415,no,no,0,214.8,66,26.99,248.9,97,17.27,247.6,113,11.85,7.6,2,2.69,1,yes
DE,126,area_code_408,no,yes,31,168.5,107,48.35,248.0,94,22.1,236.3,111,11.05,13.1,15,2.64,1,no
NE,139,area_code_408,no,no,0,112.1,108,25.87,171.2,108,15.46,261.5,101,8.22,12.0,5,3.2,2,yes
MS,59,area_code_415,yes,no,0,209.5,89,35.43,264.5,105,17.15,178.8,85,10.91,8.4,5,2.37,4,yes
LA,195,area_code_415,no,no,0,189.5,112,18.05,226.1,137,16.69,183.0,105,11.09,11.5,5,1.84,3,no
OR,106,area_code_415,no,yes,0,225.5,96,35.3,37.0,102,17.64,186.6,118,9.86,9.4,2,3.68,1,no
IL,122,area_code_408,no,no,0,173.1,93,17.31,146.8,113,19.46,230.0,139,9.93,11.9,5,2.9,1,no
PA,82,area_code_415,no,no,0,51.9,89,22.56,265.0,103,24.06,153.1,141,13.89,4.4,7,1.99,4,no
SD,105,area_code_415,yes,no,26,63.9,123,27.55,236.4,109,19.07,247.2,96,9.9,0.0,5,4.52,1,yes
DE,21,area_code_408,no,no,0,143.3,86,27.85,243.0,108,18.76,244.7,122,14.64,9.0,2,5.26,1,no
NE,178,area_code_415,no,yes,34,151.0,94,31.26,171.0,106,20.67,224.8,97,12.74,10.1,6,1.26,1,no
IL,117,area_code_408,no,no,0,173.0,90,19.08,243.3,133,25.25,234.7,143,10.68,6.3,3,3.01,1,no
AR,190,area_code_408,no,no,0,225.2,95,35.49,243.5,125,21.9,241.5,132,12.19,8.9,2,1.99,1,yes
OR,122,area_code_510,no,no,0,169.5,131,43.04,159.2,145,23.4,241.6,119,8.0,9.8,5,3.0,1,no
KS,110,area_code_415,yes,no,0,131.9,108,33.87,236.0,141,26.91,161.4,88,14.97,6.0,2,1.39,1,no
AL,110,area_code_415,no,yes,43,171.2,111,37.66,198.8,115,26.38,205.4,118,10.76,3.8,3,2.77,1,no
DE,148,area_code_415,no,yes,27,143.8,86,23.33,239.5,109,16.65,185.0,106,10.89,7.3,2,3.76,1,no
VA,167,area_code_415,no,no,0,8.9,81,23.53,304.9,105,19.63,193.0,102,15.25,7.6,3,3.33,2,yes
KS,136,area_code_415,yes,no,0,165.5,113,50.18,206.4,122,25.41,225.3,74,11.13,0.0,2,1.7,4,no
GA,1,area_code_415,no,yes,46,154.1,112,27.27,143.1,126,18.13,264.4,112,8.79,5.3,3,2.06,1,no
NV,146,area_code_415,no,yes,0,166.7,92,54.99,173.4,82,19.05,161.4,54,13.2,13.7,2,3.39,5,no
WA,127,area_code_415,no,no,1,82.3,61,31.21,219.2,162,21.87,220.3,78,11.58,10.9,8,2.77,4,no
MN,52,area_code_415,no,no,0,173.1,76,33.71,219.1,166,16.66,190.6,115,9.11,11.2,2,3.4,4,no
DE,101,area_code_415,no,yes,24,141.5,98,36.41,170.3,141,6.46,246.3,62,8.18,9.1,5,3.49,0,no
DE,184,area_code_415,no,yes,1,13.7,76,28.37,202.7,124,12.7,87.1,119,11.45,4.9,5,4.1,1,no
OR,154,area_code_510,no,no,0,64.8,103,40.25,225.3,94,19.75,207.1,106,9.09,13.1,6,2.67,1,yes
HI,99,area_code_408,no,yes,34,143.6,84,48.03,185.5,108,16.52,188.6,95,14.64,9.0,6,3.57,3,no
MN,89,area_code_415,no,yes,0,197.1,116,35.8,165.5,97,18.87,295.9,121,9.24,6.4,3,2.43,4,no
AR,115,area_code_510,no,no,0,229.8,85,33.5,181.6,125,13.7,159.1,92,8.06,12.9,4,4.68,0,yes
DC,53,area_code_415,no,no,0,110.0,105,22.67,155.3,129,23.99,204.0,126,9.8,11.0,3,1.63,1,no
FL,172,area_code_510,no,yes,38,215.6,56,21.24,289.2,113,20.81,164.0,125,10.96,7.5,2,2.9,1,no
GA,153,area_code_408,no,yes,32,150.8,86,35.95,292.3,94,16.59,175.2,125,9.81,13.4,2,3.27,1,no
AK,142,area_code_415,no,no,0,168.7,96,18.1,137.7,116,20.55,253.1,100,9.8,12.1,3,1.62,1,no
NV,187,area_code_510,no,no,40,146.0,87,17.91,202.0,104,12.15,247.6,136,13.72,8.5,3,4.78,1,no
NC,162,area_code_415,yes,yes,39,145.0,90,41.82,158.8,118,12.4,312.7,78,10.5,6.7,2,1.27,0,no
VA,20,area_code_415,no,yes,0,127.4,108,38.59,359.3,105,23.26,162.6,132,11.53,1.8,5,3.55,4,no
NY,85,area_code_415,no,yes,33,89.9,107,21.09,273.7,131,19.07,269.6,121,8.09,12.6,9,2.37,0,no
MD,211,area_code_510,yes,yes,0,155.0,79,29.9,197.0,127,14.87,132.1,113,13.24,20.0,2,1.98,4,no
OK,214,area_code_415,no,no,0,156.0,88,49.38,193.0,118,20.98,198.1,76,13.64,8.2,3,2.38,2,no
ND,100,area_code_408,no,yes,26,197.4,107,26.62,218.2,106,21.06,299.7,109,12.21,9.5,5,2.76,1,no
NH,58,area_code_415,no,yes,29,202.3,90,18.08,214.7,119,18.19,179.4,89,8.68,9.4,3,3.45,3,no
WY,120,area_code_415,no,no,0,206.8,100,30.27,182.1,104,23.49,201.0,109,17.77,8.2,5,2.76,1,no
ME,120,area_code_415,no,yes,0,162.3,91,41.88,231.7,128,17.14,294.3,108,8.26,7.0,6,1.98,1,no
MN,155,area_code_415,no,no,0,165.1,69,36.02,114.8,95,16.2,248.6,103,10.94,4.1,13,2.86,4,no
AL,73,area_code_415,no,no,0,13.5,91,34.64,156.0,102,21.28,217.3,90,10.46,5.4,2,4.28,1,no
AK,107,area_code_510,no,no,0,155.3,85,30.66,155.6,166,18.98,222.3,110,6.72,14.9,3,2.26,4,no
MA,112,area_code_415,no,yes,44,162.8,110,50.31,216.3,113,17.01,191.7,107,12.46,6.1,2,2.79,1,no
ME,176,area_code_415,yes,yes,0,209.6,87,40.62,184.8,120,10.93,212.1,144,14.79,9.9,5,2.97,1,no
AR,168,area_code_408,no,yes,25,223.3,89,25.58,193.4,106,11.98,230.6,99,9.21,5.0,2,2.92,1,no
CA,86,area_code_415,no,no,46,203.6,89,45.33,196.4,109,25.5,281.0,59,7.92,10.6,2,2.19,1,yes
HI,108,area_code_415,no,yes,38,101.6,95,29.07,208.8,108,10.61,300.4,117,11.24,8.8,5,2.98,1,no
AZ,101,area_code_415,no,yes,0,93.4,53,37.48,180.2,101,19.46,201.3,110,9.26,10.3,2,2.06,4,no
TX,67,area_code_415,no,no,0,143.8,135,29.7,136.8,94,21.44,247.3,107,12.22,10.3,2,1.49,1,yes
AR,233,area_code_510,no,no,0,183.9,92,34.57,109.0,86,18.43,137.2,134,5.91,5.0,7,2.53,4,no
NH,70,area_code_415,no,yes,0,183.6,123,34.88,205.0,66,13.99,249.6,94,10.82,11.6,2,2.8,2,no
NY,98,area_code_415,no,yes,0,237.6,89,31.75,227.8,128,13.63,264.9,111,9.12,7.7,11,3.41,1,no
IN,182,area_code_408,no,no,0,219.1,118,53.12,161.3,116,20.97,369.1,91,10.86,6.8,3,3.61,1,no
WA,105,area_code_408,no,no,0,95.3,129,25.85,172.4,96,22.22,279.5,102,15.38,9.2,4,2.14,2,no
NH,90,area_code_415,no,no,28,214.5,114,21.47,210.0,107,21.52,177.7,90,13.88,4.2,5,2.12,0,no
KY,84,area_code_415,no,yes,0,174.7,105,34.56,175.6,119,16.0,238.3,144,9.7,12.0,7,2.51,1,no
WY,188,area_code_408,no,no,23,162.5,95,23.27,160.1,131,16.27,258.8,112,14.85,7.1,4,3.56,1,no
PA,78,area_code_415,no,no,0,225.3,82,23.29,215.0,97,25.82,165.8,130,10.85,12.4,5,2.94,1,no
AL,87,area_code_415,no,yes,1,127.2,65,21.74,200.9,118,20.22,183.9,128,10.17,8.6,5,2.84,1,no
PA,119,area_code_415,no,yes,0,172.9,75,22.29,96.8,103,22.12,176.0,63,8.45,10.8,3,1.81,4,no
OK,142,area_code_415,yes,no,40,162.5,80,27.21,199.6,85,27.03,196.7,97,10.99,11.1,2,3.48,1,no
TN,104,area_code_408,no,no,0,109.7,97,35.47,170.7,143,20.34,169.5,120,11.23,6.9,4,3.12,1,no
CO,78,area_code_415,no,yes,1,244.0,82,39.03,182.2,75,12.53,239.0,101,12.84,4.9,6,2.77,1,no
NV,200,area_code_510,no,no,0,215.0,99,44.7,199.5,109,18.66,239.5,119,11.65,7.3,6,2.95,1,no
AR,103,area_code_415,no,no,0,151.4,94,50.22,221.8,80,16.63,221.1,128,13.43,10.0,7,2.78,2,no
TX,47,area_code_415,no,yes,38,195.1,100,33.61,139.3,87,19.21,232.7,118,12.39,8.8,2,1.34,1,no
IA,91,area_code_415,no,yes,0,260.5,91,33.28,169.3,97,22.51,240.5,120,12.8,7.8,4,3.48,1,no
RI,153,area_code_415,no,no,0,300.1,110,29.27,245.3,113,12.02,208.6,119,13.99,6.6,5,2.36,1,no
AZ,117,area_code_415,no,no,0,197.4,100,34.65,216.6,106,20.12,190.6,103,10.22,8.5,3,1.62,1,no
NE,149,area_code_415,yes,no,30,197.6,100,32.81,167.6,125,14.71,307.7,115,10.73,10.0,3,2.86,1,no
ME,79,area_code_415,yes,no,0,189.4,108,42.38,177.6,115,22.3,245.8,115,8.41,7.5,5,2.88,1,yes
MD,87,area_code_408,no,yes,0,187.0,119,38.85,183.6,127,21.63,293.5,133,17.77,6.3,2,0.1,1,no
MD,184,area_code_408,no,yes,0,193.3,141,44.77,230.5,96,20.47,169.7,96,9.29,9.4,6,2.11,1,no
IA,27,area_code_408,no,no,0,162.6,109,50.15,260.8,142,19.94,280.9,101,9.76,7.5,2,2.73,2,no
CT,90,area_code_415,no,no,35,210.5,77,32.12,286.7,60,12.68,103.7,55,12.29,8.7,5,2.5,0,no
IL,64,area_code_415,no,no,0,135.3,93,16.5,203.1,98,22.65,213.5,121,12.69,10.7,5,3.36,0,no
UT,35,area_code_510,no,no,0,220.1,91,20.56,208.4,141,16.91,335.1,73,11.57,8.3,6,3.01,1,no
NE,87,area_code_408,no,yes,22,166.9,131,22.12,158.3,127,19.12,208.0,120,10.09,11.3,3,2.48,1,no
AR,38,area_code_408,no,yes,36,200.6,107,39.93,136.3,120,20.62,264.7,84,9.02,9.8,2,2.75,1,no
FL,13,area_code_415,yes,yes,44,145.3,141,26.55,100.2,110,23.58,223.8,102,12.41,12.2,5,2.27,1,no
WV,145,area_code_415,no,no,32,243.3,48,27.86,203.5,107,24.22,220.9,95,14.64,11.8,12,3.65,3,no
NJ,123,area_code_415,no,no,0,152.2,119,27.11,261.9,111,20.87,255.1,74,14.03,10.8,2,3.35,0,no
DC,120,area_code_408,no,yes,28,188.2,122,21.18,250.1,105,19.47,250.3,146,5.53,6.9,3,2.0,1,no
AR,188,area_code_415,yes,yes,0,201.7,65,33.38,102.7,101,17.67,137.4,100,14.7,4.9,3,2.65,1,no
ME,66,area_code_415,no,no,0,233.7,109,15.03,348.3,59,18.28,284.7,121,8.67,7.6,3,1.91,1,no
AL,100,area_code_415,no,yes,27,182.7,60,37.14,351.5,68,17.3,278.7,87,9.28,9.0,7,3.15,1,no
KY,153,area_code_408,yes,no,0,243.8,119,18.23,278.1,93,17.1,196.9,115,12.25,10.1,5,3.3,1,no
OR,198,area_code_510,no,no,0,177.8,75,25.02,76.7,102,16.95,209.1,109,11.57,12.2,2,3.41,2,no
LA,118,area_code_408,yes,no,0,111.1,129,38.74,228.8,110,26.32,147.4,99,8.19,7.3,2,3.51,1,no
IN,125,area_code_510,no,no,0,183.5,98,25.0,116.8,120,27.13,169.5,93,14.62,9.1,4,3.22,4,yes
NY,185,area_code_415,no,yes,0,76.7,98,27.56,171.7,85,16.14,158.6,100,10.73,13.3,11,3.8,0,no
OR,108,area_code_408,no,yes,1,21.9,87,33.09,181.0,99,14.63,209.3,120,8.41,12.7,5,2.35,1,no
GA,130,area_code_408,yes,yes,0,80.4,88,42.76,199.1,129,15.83,121.4,78,12.81,13.9,5,2.76,1,no
NJ,92,area_code_510,no,no,38,125.8,105,24.48,238.4,100,15.63,191.6,113,10.85,9.1,3,3.01,2,no
IN,56,area_code_415,no,yes,0,200.4,143,23.84,274.9,106,16.88,186.7,73,9.75,10.9,3,3.06,1,no
CT,91,area_code_415,no,no,0,196.9,79,35.54,70.0,152,19.86,184.2,129,9.14,7.4,2,1.92,1,no
MS,158,area_code_415,no,no,0,177.8,107,19.72,213.7,103,24.95,239.4,111,14.55,6.0,3,2.7,4,no
SC,154,area_code_415,no,yes,0,209.6,78,24.32,194.4,99,24.05,194.5,130,10.17,9.7,3,2.69,0,yes
DC,202,area_code_415,no,no,0,186.8,98,39.59,215.5,108,23.88,261.4,128,9.01,7.7,3,3.21,5,no
CA,84,area_code_415,no,no,0,228.3,67,36.5,140.1,104,11.62,281.0,132,7.12,5.0,6,3.42,4,no
CO,135,area_code_415,no,yes,0,234.3,69,37.41,308.4,86,20.9,149.7,96,11.61,6.3,2,3.68,1,no
FL,84,area_code_415,no,yes,28,118.9,100,24.22,148.0,92,19.99,218.2,130,10.83,8.8,6,3.21,5,no
NM,159,area_code_408,no,no,0,224.0,85,26.87,138.9,136,18.91,324.8,93,11.64,7.0,5,4.64,4,no
RI,66,area_code_415,no,no,0,222.7,112,26.32,174.7,87,27.9,207.0,106,9.3,3.4,6,1.87,1,no
MT,91,area_code_510,no,yes,0,22.1,88,33.35,179.1,101,14.9,109.9,61,9.05,9.6,9,2.48,1,no
WY,138,area_code_415,yes,no,0,209.0,79,39.51,308.9,125,20.32,194.3,90,8.37,12.1,9,1.66,1,no
DC,69,area_code_415,no,yes,40,191.0,124,37.51,271.9,139,24.05,236.0,91,11.09,7.0,7,3.03,1,no
TX,140,area_code_415,no,no,0,179.5,95,37.82,176.8,92,19.84,250.4,100,14.03,11.4,9,2.16,4,no
AL,133,area_code_408,no,no,32,110.9,90,20.21,172.6,158,20.54,157.1,133,11.59,8.3,4,2.82,1,no
UT,145,area_code_408,no,yes,36,126.7,96,21.99,257.7,94,18.6,267.3,137,7.01,16.3,2,2.18,1,no
OK,111,area_code_510,no,yes,0,119.9,94,28.84,177.5,150,20.0,185.3,115,9.04,9.2,2,1.56,4,no
CT,98,area_code_408,no,yes,28,179.7,115,22.57,219.0,109,19.33,299.6,115,8.03,13.2,3,2.64,1,no
AK,189,area_code_415,no,yes,0,96.4,104,27.63,304.0,141,22.83,269.6,125,10.81,9.5,6,3.06,1,no
AK,138,area_code_510,no,no,0,46.9,76,25.18,79.1,92,24.74,155.6,84,9.64,10.5,3,2.46,0,yes
MD,118,area_code_415,no,yes,36,219.8,128,33.48,244.2,119,17.41,246.3,93,11.36,9.2,4,1.57,1,no
OR,169,area_code_408,no,yes,0,126.1,40,25.51,185.2,54,19.31,245.3,90,8.36,9.7,3,2.49,4,no
AR,200,area_code_415,no,yes,0,148.1,103,34.52,110.0,108,6.22,235.2,141,11.95,7.2,3,2.35,1,no
IN,76,area_code_415,no,yes,47,221.6,120,18.21,142.2,108,14.36,195.0,72,11.53,7.0,2,2.95,1,no
OR,38,area_code_510,no,yes,0,239.7,96,32.7,237.8,106,20.19,273.6,115,8.73,4.7,5,2.72,1,no
HI,196,area_code_408,no,yes,27,214.1,87,37.3,218.0,117,18.33,174.8,110,13.98,8.4,3,3.21,0,no
NH,135,area_code_415,no,no,0,177.3,116,43.83,211.5,116,20.75,274.6,77,15.05,10.8,5,3.05,0,yes
TN,79,area_code_408,no,no,0,249.7,88,47.26,162.7,148,21.3,243.4,111,11.02,2.0,4,3.9,1,no
OR,96,area_code_415,no,yes,0,141.1,83,19.08,242.3,118,23.53,224.7,93,11.44,12.0,3,1.78,3,no
CT,91,area_code_510,no,yes,33,196.9,100,32.48,231.4,147,16.55,311.6,76,12.69,11.9,5,2.07,3,no
LA,113,area_code_408,no,no,26,236.1,113,26.79,179.3,88,15.37,212.7,114,15.24,9.7,5,3.69,2,no
NJ,125,area_code_408,no,no,0,42.9,76,16.11,318.7,95,25.4,213.4,106,10.19,7.1,7,3.04,7,no
NE,91,area_code_408,yes,yes,44,351.5,101,47.64,97.0,98,26.43,196.2,87,14.38,4.6,8,3.43,1,no
MA,124,area_code_415,yes,no,0,265.2,98,33.36,221.1,130,23.24,161.4,109,8.94,6.8,12,3.34,1,no
MD,191,area_code_415,no,no,37,88.2,75,24.66,203.7,106,21.89,266.8,74,8.33,15.5,3,0.72,7,no
ID,82,area_code_415,no,no,0,155.9,65,47.03,179.1,114,26.4,267.8,109,9.7,7.7,5,2.52,2,no
RI,162,area_code_415,no,no,0,176.2,91,33.39,238.9,87,16.32,156.3,64,14.54,8.8,5,3.4,2,yes
NH,48,area_code_415,yes,no,40,96.5,70,35.09,196.6,141,15.27,195.6,92,12.02,11.4,2,3.11,2,no
MD,132,area_code_408,no,no,0,37.2,103,30.02,267.6,151,16.5,234.9,107,13.33,3.1,6,1.7,4,no
OR,119,area_code_510,no,no,0,163.2,133,26.76,228.7,103,25.62,255.5,119,10.58,3.6,2,2.99,1,yes
WA,132,area_code_415,yes,yes,0,274.6,106,33.54,243.0,90,20.23,299.0,109,10.25,5.8,3,2.01,4,no
MA,91,area_code_415,no,no,0,176.2,112,24.52,256.9,117,16.39,180.8,96,12.25,4.6,3,3.43,2,no
WY,73,area_code_415,no,no,0,74.4,68,29.96,89.8,90,25.56,145.2,94,9.5,9.5,2,1.93,0,no
LA,141,area_code_510,no,yes,32,285.6,63,45.47,260.2,82,25.27,271.0,118,11.84,11.6,3,2.67,1,no
NE,160,area_code_510,no,no,1,241.9,86,37.03,183.1,99,23.54,241.3,99,9.76,9.9,2,2.57,4,no
DC,80,area_code_415,yes,yes,0,210.9,80,38.76,243.2,82,18.79,281.8,109,12.28,8.3,11,2.09,1,no
IN,106,area_code_415,no,yes,0,219.7,122,26.81,136.4,126,28.13,183.3,102,9.58,12.0,5,4.29,1,no
NH,140,area_code_510,no,no,0,144.7,105,47.58,206.3,109,17.46,212.0,101,11.03,11.9,2,3.35,2,no
NM,106,area_code_510,no,no,0,189.2,97,40.3,241.7,111,19.41,257.2,104,17.71,12.9,3,3.02,1,yes
NJ,95,area_code_415,no,no,1,67.6,75,35.89,42.5,126,12.07,174.4,127,12.61,9.8,4,2.05,1,yes
TN,32,area_code_408,no,no,45,62.3,130,39.53,103.8,107,26.38,151.3,133,16.02,4.5,2,2.89,1,yes
IL,109,area_code_415,no,no,0,210.3,112,27.8,203.7,142,25.92,330.3,79,10.62,4.9,2,4.27,1,yes
LA,104,area_code_415,no,yes,0,186.5,104,20.22,242.5,87,19.15,201.5,123,15.1,7.4,5,2.55,6,no
NM,134,area_code_510,no,yes,0,201.1,95,17.0,213.4,70,19.55,244.1,114,15.32,14.8,3,2.43,1,no
MN,127,area_code_408,no,no,0,200.0,109,37.88,162.4,98,11.98,162.3,87,10.1,12.1,2,1.01,3,no
ME,132,area_code_510,no,no,0,201.1,112,37.29,184.8,128,24.21,173.4,122,10.83,9.8,7,2.49,1,no
VA,159,area_code_510,no,no,40,187.1,116,38.14,67.4,103,12.44,132.5,130,12.28,8.5,3,2.55,2,no
OR,137,area_code_510,no,yes,34,252.7,89,41.53,225.7,82,22.28,331.2,100,17.77,6.0,5,3.78,1,no
SD,132,area_code_408,no,no,0,210.7,96,32.68,139.3,75,16.37,320.5,104,9.77,11.0,3,4.31,1,no
NY,26,area_code_415,no,no,40,51.5,89,21.93,239.1,58,19.42,248.9,127,9.62,9.1,2,2.29,2,no
IN,171,area_code_415,yes,yes,27,133.4,139,22.99,210.6,74,20.64,214.7,116,13.53,8.9,3,2.84,1,no
MD,13,area_code_415,no,no,0,226.8,93,42.25,161.6,109,19.03,191.1,124,12.69,12.6,5,2.57,1,no
NY,95,area_code_408,no,yes,38,0.0,150,22.96,232.9,104,21.33,159.3,119,14.93,7.7,3,2.35,1,no
ID,158,area_code_408,no,no,0,136.2,124,36.65,85.2,99,15.24,171.2,111,11.07,8.1,7,2.39,1,no
TX,46,area_code_415,no,yes,21,74.9,104,24.06,166.0,113,23.05,242.9,65,10.22,9.5,3,4.21,2,no
IL,137,area_code_408,no,yes,39,176.6,96,46.42,257.2,87,13.96,233.3,100,6.54,6.8,5,1.15,1,no
PA,95,area_code_510,no,yes,31,157.3,93,32.03,209.5,71,25.28,317.2,103,13.33,10.5,3,1.94,1,yes
SC,66,area_code_408,no,no,0,173.6,91,25.81,243.1,117,25.26,302.1,85,13.95,6.4,3,4.22,1,yes
VA,120,area_code_510,no,no,0,204.2,93,17.02,264.7,119,25.31,183.7,118,13.84,11.2,6,3.5,1,no
MA,133,area_code_415,no,yes,0,154.9,122,27.46,221.7,157,26.97,134.8,128,10.56,13.2,6,3.18,1,no
MS,121,area_code_408,no,no,17,149.8,82,29.97,211.5,113,16.39,219.4,94,10.2,9.5,2,3.54,2,no
NC,123,area_code_415,no,no,1,172.9,116,23.13,174.8,141,15.16,264.0,111,10.56,11.3,2,3.64,3,no
AL,108,area_code_415,no,yes,1,190.5,69,25.58,40.5,118,18.82,174.1,128,11.86,5.4,2,2.61,3,no
ND,92,area_code_415,no,yes,0,167.3,115,27.26,177.1,160,26.32,268.4,81,15.66,10.7,3,3.57,1,no
CO,106,area_code_415,no,yes,37,256.8,96,23.53,270.5,91,20.25,264.6,101,10.06,12.6,3,2.01,1,no
KY,92,area_code_415,yes,no,0,189.0,75,41.22,234.5,110,24.53,188.1,108,13.01,5.7,6,3.75,1,yes
NM,130,area_code_415,no,yes,21,144.4,89,34.04,219.6,104,21.7,123.9,89,8.75,10.5,5,3.32,1,no
NC,182,area_code_408,no,yes,24,106.5,101,38.52,226.6,144,28.91,183.2,94,10.38,9.5,4,2.67,1,yes
ME,63,area_code_415,yes,no,1,209.6,109,32.03,289.7,117,17.58,326.8,98,11.35,2.9,3,2.93,2,no
NY,126,area_code_415,no,no,0,171.1,123,16.5,201.3,107,19.91,177.1,115,12.31,7.3,5,1.89,1,no
MD,139,area_code_415,no,yes,26,83.9,76,37.79,223.3,102,21.88,249.5,103,10.29,8.9,4,3.4,1,no
OK,133,area_code_415,no,yes,38,107.4,111,19.96,332.2,159,19.97,236.7,43,9.41,10.3,6,2.75,1,no
OH,75,area_code_408,no,no,0,172.7,79,34.1,258.0,102,23.12,239.7,98,7.37,4.3,2,2.76,1,yes
LA,115,area_code_408,yes,yes,0,150.9,85,5.78,236.7,91,21.34,214.8,130,10.53,6.8,2,2.71,1,no
AL,59,area_code_415,no,no,0,148.1,149,32.08,179.4,109,21.65,290.6,75,11.78,9.5,6,2.57,2,no
CT,50,area_code_408,no,no,1,219.0,115,27.23,87.3,92,16.28,190.9,129,10.96,7.9,1,2.37,1,yes
ND,138,area_code_415,no,yes,1,224.4,54,26.09,231.9,97,13.76,134.0,109,13.54,12.2,4,2.96,1,no
IL,108,area_code_415,no,yes,1,137.1,96,54.59,220.4,111,13.67,213.0,80,11.43,3.2,3,2.29,4,no
NH,71,area_code_408,no,yes,28,185.6,115,26.33,223.0,166,24.05,282.2,138,9.39,11.9,5,2.26,1,no
AR,87,area_code_408,no,yes,0,182.4,105,25.71,157.3,101,13.98,289.9,118,10.8,1.7,3,0.92,4,no
MD,47,area_code_408,no,yes,51,93.9,108,34.53,262.3,85,19.5,268.2,123,12.71,5.6,5,2.81,1,no
TX,149,area_code_510,no,no,0,174.8,120,29.78,179.2,88,13.71,313.7,127,10.48,9.9,4,2.65,2,no
NE,111,area_code_408,no,no,0,128.7,71,31.83,206.6,114,18.39,193.2,128,4.06,12.0,4,2.68,1,no
WI,209,area_code_415,no,yes,19,131.2,72,36.8,223.0,140,12.02,121.4,108,14.63,13.0,9,2.8,2,no
FL,168,area_code_408,yes,no,30,302.3,103,36.28,230.5,126,19.61,185.2,146,12.1,8.8,7,3.19,4,no
IL,141,area_code_415,no,yes,27,301.9,114,36.53,248.1,91,20.86,192.8,96,16.2,7.3,7,3.16,2,yes
DC,121,area_code_408,no,no,0,151.8,91,38.81,165.4,114,26.79,257.1,108,10.6,10.8,3,4.37,3,yes
NY,130,area_code_415,no,yes,0,158.5,66,31.51,259.6,123,17.89,258.4,74,10.28,9.0,2,3.12,1,no
TN,120,area_code_510,no,no,0,164.3,92,32.45,190.8,86,17.41,155.1,97,10.46,8.7,2,2.91,2,no
MD,106,area_code_415,no,yes,35,146.5,60,30.09,299.4,154,22.6,216.1,82,13.88,8.2,3,2.78,1,no
IA,96,area_code_408,no,yes,27,154.3,78,35.0,188.8,122,14.62,182.7,116,10.26,9.5,6,2.6,1,no
CT,34,area_code_408,no,yes,49,272.0,102,54.09,175.0,101,20.79,177.7,99,8.62,11.5,4,2.53,1,no
LA,87,area_code_415,no,no,0,229.8,122,24.13,287.5,132,18.47,237.7,126,13.56,4.4,9,3.47,1,no
MS,105,area_code_415,yes,no,0,213.7,99,52.0,318.2,110,24.92,269.7,114,11.55,10.5,11,2.83,1,yes
MT,111,area_code_415,no,no,0,174.3,81,41.34,316.6,98,17.15,266.0,114,7.46,8.6,4,2.16,1,no
AZ,152,area_code_415,no,no,0,182.7,93,13.96,277.6,137,26.92,199.0,156,14.94,9.6,6,1.97,4,yes
SD,188,area_code_415,no,no,0,191.3,103,43.94,155.9,161,23.45,171.8,80,11.04,11.6,5,3.04,4,yes
NH,173,area_code_415,yes,yes,32,208.6,101,23.71,153.5,134,6.16,199.0,111,8.31,10.5,5,1.44,1,yes
WY,198,area_code_415,no,no,0,257.6,120,30.1,171.8,70,16.57,317.2,98,10.29,9.2,4,3.87,4,no
CO,107,area_code_408,no,yes,40,191.1,89,28.71,194.8,117,27.2,241.8,96,10.29,9.1,3,3.32,2,no
OR,104,area_code_510,no,yes,25,115.4,106,27.63,144.8,140,22.46,243.0,87,12.12,13.5,6,2.27,1,no
MD,170,area_code_408,no,yes,28,208.6,94,36.43,264.6,149,23.18,297.8,91,9.81,14.0,2,3.01,1,no
FL,1,area_code_415,no,yes,0,222.2,93,41.71,145.6,94,14.3,209.1,63,11.99,4.8,7,2.7,1,no
OR,192,area_code_510,no,no,0,8.2,92,25.39,257.9,162,21.48,159.6,85,11.53,10.0,4,1.92,1,no
VA,123,area_code_408,no,no,0,205.7,101,22.59,281.8,78,13.21,190.9,115,11.74,0.0,1,3.26,0,no
NV,186,area_code_415,no,no,0,148.4,61,20.84,191.8,106,18.33,122.3,150,14.38,11.6,2,2.92,5,no
MT,160,area_code_408,no,no,0,165.8,68,20.35,276.1,155,16.33,349.9,113,12.94,14.2,6,3.48,1,no
IA,81,area_code_415,no,no,0,122.9,104,33.83,288.5,108,19.42,200.4,118,11.71,10.2,7,3.31,4,no
CA,181,area_code_415,yes,no,0,123.5,120,30.24,53.5,155,24.59,214.2,99,13.66,5.4,2,2.34,1,yes
VA,36,area_code_510,no,no,0,176.4,98,20.1,226.3,106,24.38,265.5,134,12.63,7.7,2,2.45,1,no
SD,148,area_code_408,no,no,0,100.8,81,32.88,166.9,146,13.23,189.9,133,8.41,14.4,2,2.87,1,no
NM,142,area_code_408,no,no,0,211.7,130,38.18,215.1,132,19.01,223.5,78,11.3,11.5,7,2.53,1,no
MN,83,area_code_415,no,yes,0,180.6,95,31.66,153.3,101,12.71,161.9,54,8.28,11.3,1,4.1,1,no
MA,204,area_code_415,no,no,20,188.3,89,38.01,227.1,121,20.7,311.2,126,11.48,3.8,6,2.83,0,no
IN,173,area_code_415,no,no,0,147.4,103,25.91,176.2,121,21.05,320.6,123,9.7,11.3,4,2.85,0,no
MA,40,area_code_408,no,no,0,168.8,109,28.15,359.3,81,18.94,203.1,102,13.19,10.8,7,2.57,1,no
AZ,144,area_code_415,yes,no,0,232.4,121,33.69,279.8,123,27.14,139.4,112,13.3,0.0,5,2.86,3,no
KY,1,area_code_415,no,no,43,169.0,90,28.2,220.9,114,25.33,255.0,68,13.68,8.8,5,4.41,1,no
NE,142,area_code_408,yes,no,0,173.3,114,48.15,182.5,98,18.05,175.9,121,12.59,9.8,8,2.26,4,no
MS,100,area_code_408,no,yes,23,236.6,93,25.6,197.1,97,24.17,324.4,118,7.11,7.7,6,3.05,1,no
WA,123,area_code_408,no,no,38,188.6,104,30.49,177.3,122,19.37,218.3,102,12.17,10.5,2,2.04,1,no
MA,87,area_code_415,no,yes,0,225.0,119,21.52,255.9,131,17.44,289.2,94,10.04,8.2,2,3.71,0,no
OR,116,area_code_415,yes,yes,25,120.6,110,39.16,137.0,142,23.61,128.2,106,11.68,5.4,9,2.1,1,no
MT,115,area_code_415,no,no,0,298.5,100,36.37,179.9,80,25.62,222.9,126,11.51,9.9,4,2.89,2,no
MO,92,area_code_415,no,yes,0,149.8,104,37.57,167.4,125,21.72,203.2,128,10.74,11.0,3,1.18,6,no
RI,66,area_code_415,no,no,35,157.8,96,23.56,67.7,132,20.42,120.5,69,10.72,6.3,3,3.67,1,no
NJ,94,area_code_408,no,no,0,221.8,72,31.4,172.8,92,14.25,198.7,114,10.19,10.1,5,1.98,5,yes
WY,146,area_code_415,yes,yes,0,146.8,71,44.17,284.0,119,25.19,213.0,114,17.04,0.7,7,1.89,1,no
NC,207,area_code_415,no,no,30,176.1,83,35.1,185.2,111,13.65,213.2,101,9.08,3.5,3,1.82,1,no
MN,103,area_code_415,no,no,1,229.6,85,33.6,247.9,132,26.03,287.4,98,11.36,9.2,2,2.95,0,yes
AL,81,area_code_415,no,yes,40,75.4,121,35.77,157.3,142,18.69,230.5,92,6.6,10.2,3,2.24,4,no
TN,74,area_code_415,yes,no,1,206.4,79,18.34,157.2,85,21.77,185.3,95,9.71,11.3,5,2.47,1,yes
UT,91,area_code_408,no,yes,30,71.3,98,24.53,177.7,99,14.85,149.8,99,11.26,7.7,4,3.15,3,no
CA,193,area_code_415,yes,no,0,28.8,128,35.16,226.2,114,12.19,225.9,84,9.61,14.4,7,2.79,2,no
WA,178,area_code_415,no,yes,0,211.9,119,25.28,274.8,119,11.62,317.1,113,8.44,5.6,2,2.46,1,no
IN,110,area_code_415,no,no,0,114.4,93,28.34,153.4,104,22.81,200.4,95,11.18,8.6,5,3.19,4,no
MD,74,area_code_415,no,no,0,161.6,112,27.05,54.6,134,19.16,135.1,96,10.66,11.9,5,3.21,2,no
AK,96,area_code_408,yes,no,47,171.6,76,30.42,184.5,118,10.72,199.4,93,11.3,9.9,3,1.41,0,no
DC,167,area_code_415,no,no,0,139.5,90,38.61,209.2,96,26.66,225.9,105,10.82,8.3,5,3.18,4,yes
NH,177,area_code_415,no,yes,40,203.5,86,52.83,180.4,128,17.2,344.8,110,10.22,11.4,2,2.63,4,no
WV,215,area_code_415,no,yes,1,120.4,102,22.6,222.4,102,17.88,327.0,84,12.75,12.2,2,3.13,1,no
OK,154,area_code_415,no,yes,44,147.1,105,33.47,340.5,153,22.96,271.6,65,10.07,11.4,5,0.53,1,no
TX,77,area_code_415,yes,yes,1,102.0,95,33.45,222.5,132,22.12,165.2,67,11.03,11.9,6,2.93,1,yes
WY,74,area_code_510,no,yes,0,218.0,101,29.45,313.8,56,19.92,244.9,104,10.23,7.4,2,3.08,1,no
KY,199,area_code_510,yes,no,0,151.6,104,52.61,349.5,117,21.33,211.2,107,10.83,9.6,2,2.33,1,no
TX,130,area_code_415,no,yes,24,136.4,86,31.57,128.5,157,7.31,199.3,89,8.65,17.3,6,3.59,1,no
VA,105,area_code_408,yes,yes,31,196.0,113,10.68,185.0,122,11.88,122.1,103,13.0,8.0,5,2.46,1,no
WY,93,area_code_415,yes,no,0,159.8,79,32.54,201.0,101,25.32,296.0,85,11.33,9.1,3,3.06,0,no
NY,114,area_code_408,no,yes,0,102.7,113,53.38,150.8,103,12.18,282.5,101,11.27,4.0,2,2.82,1,no
OR,63,area_code_415,no,no,39,154.8,105,31.16,130.7,135,15.42,201.0,108,11.21,15.9,3,2.13,2,no
MN,81,area_code_415,no,yes,34,223.9,97,30.53,190.0,133,16.75,108.4,94,13.53,5.8,5,1.59,4,no
WI,93,area_code_510,no,no,0,250.1,107,33.31,213.0,117,14.47,241.8,73,11.51,7.3,4,3.98,0,no
WV,175,area_code_408,no,no,0,187.7,90,43.14,274.5,115,25.18,155.4,80,13.2,7.7,7,3.87,1,no
FL,93,area_code_415,no,yes,0,247.7,128,29.0,179.5,88,15.6,203.5,99,9.3,7.8,3,3.21,1,no
VT,38,area_code_510,no,yes,46,164.1,99,24.77,169.5,132,14.6,222.5,107,5.41,12.1,4,2.64,2,no
DC,217,area_code_415,no,yes,0,149.9,92,30.24,159.7,131,12.07,136.1,131,13.85,5.9,7,1.77,1,no
WV,58,area_code_408,no,yes,0,165.1,97,20.8,202.4,116,18.85,268.7,83,17.13,8.2,8,2.41,1,no
OR,97,area_code_415,no,yes,0,155.8,108,38.9,167.1,147,19.64,187.3,95,11.02,11.5,5,3.86,1,no
PA,84,area_code_415,no,no,0,223.3,106,39.28,174.5,58,23.5,265.1,121,10.78,9.8,5,3.65,1,no
KY,141,area_code_415,no,yes,0,155.0,103,18.88,223.4,75,22.08,225.2,84,11.72,8.0,3,2.33,4,no
OK,167,area_code_408,no,yes,46,188.3,105,46.54,181.5,154,12.62,275.0,118,11.08,8.5,2,2.47,0,no
OH,137,area_code_415,no,yes,0,342.1,104,29.97,198.7,79,8.18,243.8,88,14.59,13.6,4,4.51,1,no
FL,117,area_code_415,yes,yes,46,181.7,124,33.43,187.8,94,21.01,148.4,80,11.63,7.6,2,3.77,1,no
MN,76,area_code_415,yes,no,0,154.9,65,23.75,299.0,103,21.24,148.9,129,10.01,9.4,5,2.85,0,yes
TN,164,area_code_415,no,yes,0,242.8,90,28.39,161.2,104,17.01,255.3,115,11.7,11.1,3,2.93,2,yes
MO,156,area_code_408,no,yes,1,141.7,119,29.96,169.4,160,21.01,194.6,103,11.48,11.8,5,2.8,1,no
IL,47,area_code_415,no,no,0,93.6,78,27.67,146.5,147,22.89,271.4,101,12.12,14.6,6,1.34,1,no
MO,120,area_code_408,no,no,0,226.3,87,34.75,213.9,106,17.14,165.8,118,8.17,9.2,2,2.13,3,no
MI,243,area_code_510,yes,yes,0,209.0,92,57.8,261.3,105,20.59,314.8,115,11.06,11.9,2,2.24,1,yes
DC,157,area_code_510,yes,yes,28,199.5,73,48.21,205.0,85,22.99,178.5,109,11.65,12.1,5,2.88,4,no
ME,90,area_code_415,no,no,0,131.5,114,35.69,223.0,114,6.64,208.4,100,14.5,4.1,5,3.68,1,no
OH,188,area_code_408,no,yes,0,49.3,67,21.04,140.4,109,19.08,183.6,88,9.38,17.0,3,2.44,1,no
AR,26,area_code_510,no,no,0,60.9,96,22.67,232.2,132,19.99,241.8,105,13.86,11.1,4,1.82,2,no
CT,103,area_code_415,no,no,0,207.0,86,38.02,236.7,140,14.09,207.3,151,11.37,8.2,4,3.88,1,no
AR,163,area_code_415,no,yes,0,118.3,104,27.99,174.6,121,20.27,209.9,122,12.66,7.7,6,2.59,4,no
OR,117,area_code_510,no,no,0,153.2,79,26.06,159.3,125,11.87,107.7,120,11.88,6.6,5,2.68,2,no
RI,40,area_code_415,no,no,0,220.0,81,47.98,177.6,95,20.76,210.7,66,9.41,4.8,2,3.02,2,no
SC,87,area_code_408,no,yes,0,269.1,114,43.18,224.9,52,22.65,292.3,101,9.83,14.9,3,3.62,2,no
AR,95,area_code_408,no,yes,27,191.3,95,47.42,229.4,103,13.7,267.0,89,14.09,7.3,2,3.54,1,no
WA,93,area_code_415,no,yes,1,216.1,83,26.93,214.4,96,23.05,264.6,103,12.65,8.2,2,4.56,4,no
OR,76,area_code_415,no,no,0,138.6,104,28.51,208.2,103,22.31,126.0,95,12.97,9.9,3,3.64,1,yes
DC,135,area_code_415,no,no,0,128.8,69,28.19,129.9,118,20.63,211.7,94,9.61,13.0,5,2.47,2,no
OR,16,area_code_408,no,no,0,180.7,61,50.33,314.8,93,26.03,287.5,113,10.76,10.2,2,2.61,3,no
OR,46,area_code_415,no,yes,42,115.9,105,27.75,153.7,106,20.23,163.2,87,11.41,7.8,6,2.78,1,no
AK,127,area_code_408,no,yes,36,169.5,79,34.62,174.1,129,27.47,216.0,106,13.86,9.7,7,2.4,1,no
MD,32,area_code_415,yes,yes,27,123.0,99,18.56,159.1,120,18.57,141.6,140,11.02,5.0,3,3.65,1,no
RI,65,area_code_415,no,no,27,123.3,95,24.36,159.0,125,17.32,202.4,67,13.17,6.3,5,0.14,1,no
SD,115,area_code_415,yes,no,0,53.2,98,34.71,248.7,167,17.82,281.2,138,9.63,4.9,6,1.24,2,yes
RI,208,area_code_415,no,yes,26,186.7,99,29.09,262.7,132,23.25,183.9,90,11.32,16.0,4,3.0,1,no
VT,150,area_code_408,no,no,25,0.0,115,20.3,160.5,111,24.49,168.3,154,10.13,11.5,7,1.9,0,no
NV,74,area_code_510,no,yes,0,174.0,121,33.35,222.4,91,20.6,296.8,109,15.43,3.1,5,4.51,1,no
DC,203,area_code_510,no,no,0,197.4,53,26.5,238.7,114,25.36,187.4,86,11.5,5.4,5,1.54,0,no
DC,54,area_code_408,no,yes,37,126.9,65,35.26,248.5,120,24.64,304.7,113,12.84,10.0,2,3.44,2,yes
OR,158,area_code_510,no,no,37,233.9,100,34.08,169.9,108,21.38,264.3,125,9.05,11.0,4,2.15,4,no
NH,169,area_code_408,no,no,0,176.8,117,31.47,215.8,102,17.5,326.8,111,13.5,13.2,2,4.93,5,no
OK,189,area_code_415,no,yes,17,157.2,95,28.9,230.2,90,15.71,196.3,110,6.11,12.7,4,2.65,4,no
WY,121,area_code_415,yes,yes,0,100.8,73,34.79,195.6,128,26.46,43.1,120,14.85,0.0,3,2.62,3,no
CA,169,area_code_415,yes,yes,0,127.0,119,41.28,152.2,131,16.18,140.7,93,9.71,13.9,3,0.82,1,yes
LA,115,area_code_415,no,no,1,237.4,123,35.91,245.8,79,22.46,262.1,110,11.53,11.2,4,2.84,1,no
RI,30,area_code_415,no,yes,0,127.5,125,17.91,232.0,91,18.69,179.2,77,11.66,4.5,5,3.4,1,no
MO,83,area_code_415,no,no,0,213.7,49,34.21,234.2,114,19.88,191.1,76,7.84,11.0,11,2.17,1,yes
NJ,93,area_code_408,no,no,0,106.2,101,24.25,193.9,122,13.7,223.7,111,15.45,9.6,9,2.9,2,no
SD,101,area_code_415,no,no,0,226.3,90,23.35,131.2,139,20.32,232.4,78,13.09,3.9,3,3.4,2,no
OH,115,area_code_415,no,yes,24,123.7,117,26.54,186.4,102,15.28,313.3,91,10.48,14.0,7,2.88,1,no
NH,85,area_code_415,no,yes,0,99.0,78,15.52,227.5,116,16.63,213.7,107,8.96,8.6,4,2.96,1,no
WV,96,area_code_408,no,no,0,103.9,115,17.99,89.3,121,22.95,219.7,96,10.94,11.9,2,3.44,1,no
WA,166,area_code_510,no,yes,0,72.1,56,14.2,56.0,112,22.06,226.8,146,11.05,8.6,2,2.96,1,no
NE,54,area_code_510,yes,yes,1,212.9,93,44.23,164.2,130,26.81,300.7,82,12.02,12.9,5,2.77,3,no
MT,135,area_code_415,no,no,0,266.9,88,50.51,214.9,87,26.33,302.5,81,12.54,5.9,3,2.06,1,yes
NM,144,area_code_415,no,no,0,35.4,107,28.08,255.4,116,27.55,172.2,99,13.45,6.0,6,4.07,1,yes
UT,138,area_code_408,no,yes,20,131.2,89,19.9,141.6,97,18.24,221.8,106,7.58,13.7,5,2.74,0,no
MO,94,area_code_415,no,no,25,179.7,93,32.67,169.7,129,22.3,199.9,139,11.7,7.8,3,3.72,1,no
PA,209,area_code_415,no,no,0,201.5,107,21.19,233.8,100,21.6,286.4,78,11.43,11.4,5,2.92,2,yes
NY,131,area_code_415,no,no,26,175.6,110,37.22,193.0,134,23.54,130.1,60,11.68,9.9,5,2.26,2,no
MT,129,area_code_415,no,no,0,246.6,123,24.03,138.7,116,25.58,293.9,98,8.86,5.9,5,1.91,1,no
TX,106,area_code_408,no,no,1,209.0,57,28.61,211.3,155,23.53,335.8,122,10.96,14.3,3,2.56,0,yes
NH,89,area_code_415,yes,no,25,77.2,82,25.48,160.6,121,21.56,191.6,119,10.88,16.6,2,2.99,1,no
RI,51,area_code_415,no,yes,22,6.7,77,25.71,210.7,134,6.96,183.7,105,9.76,11.6,3,4.31,1,no
IA,108,area_code_415,no,no,33,111.3,68,19.79,128.4,147,23.03,257.5,133,8.62,6.8,3,3.22,1,no
CA,145,area_code_408,no,no,0,146.4,90,41.78,127.1,131,18.57,249.9,72,10.41,8.9,2,3.97,1,no
NH,113,area_code_408,no,no,0,173.3,98,37.1,199.4,133,13.28,288.4,93,10.12,3.4,9,2.4,4,yes
NE,85,area_code_408,no,yes,49,227.2,121,33.72,189.6,99,22.65,312.9,101,12.21,3.8,5,2.57,1,no
AR,145,area_code_415,no,no,0,195.9,78,36.07,201.8,107,17.24,225.7,89,9.25,9.1,5,2.51,0,no
ID,67,area_code_415,yes,no,0,110.9,102,20.57,115.9,110,16.73,196.4,57,14.09,11.2,6,2.3,2,no
HI,80,area_code_415,no,no,0,159.6,58,14.62,223.9,95,20.15,185.3,113,9.74,9.7,6,2.13,1,no
DC,85,area_code_415,no,yes,0,68.2,96,45.71,136.2,113,20.54,183.7,103,8.67,4.3,6,2.56,1,no
MN,90,area_code_415,no,no,1,215.3,113,37.28,215.1,136,23.01,338.2,82,8.0,8.4,2,3.42,1,no
MA,80,area_code_510,no,yes,0,176.2,100,27.72,200.0,143,14.17,192.9,86,12.29,9.1,2,3.03,2,no
MD,49,area_code_415,no,yes,23,208.9,97,33.0,183.5,110,21.19,222.7,109,10.14,10.0,4,3.74,1,no
TX,126,area_code_408,no,no,0,278.8,133,34.38,261.4,125,19.74,252.3,110,9.07,13.2,12,2.68,0,yes
NE,50,area_code_408,no,yes,24,172.5,106,16.35,88.4,73,17.73,166.4,88,11.02,9.2,2,1.55,4,no
ME,1,area_code_415,no,no,0,214.2,101,11.75,252.8,133,26.46,329.0,72,8.52,10.0,4,1.84,1,no
WV,113,area_code_415,no,yes,38,136.9,105,32.76,241.4,109,21.84,104.1,80,11.82,0.0,5,2.88,1,no
UT,98,area_code_415,no,yes,32,177.4,120,29.04,200.5,111,22.64,232.7,65,11.29,5.2,3,2.15,1,no
ME,127,area_code_415,no,no,0,154.1,92,39.15,138.6,135,19.09,188.2,112,11.9,11.0,7,2.64,1,no
NH,51,area_code_415,no,no,0,165.1,68,35.11,136.9,112,21.89,224.3,109,13.36,8.0,3,2.86,1,no
NH,146,area_code_415,yes,yes,0,204.3,130,38.79,244.4,82,21.97,189.5,97,16.19,8.0,3,3.54,3,yes
VA,151,area_code_415,no,yes,0,131.6,101,12.54,286.8,116,21.52,216.5,130,14.06,6.3,3,2.93,1,no
WV,67,area_code_415,no,no,0,101.1,83,36.98,196.9,98,21.94,191.9,87,13.05,11.0,2,1.86,0,no
UT,96,area_code_408,yes,yes,0,187.3,97,43.21,145.6,119,10.68,168.4,60,10.08,10.8,6,2.78,4,no
NJ,136,area_code_408,no,yes,0,158.8,116,36.26,208.6,91,15.52,254.7,110,9.73,8.8,3,2.42,0,no
DE,1,area_code_415,no,no,1,326.7,104,30.15,287.6,118,22.36,236.1,131,10.57,6.3,3,2.59,1,no
NH,8,area_code_415,no,no,1,172.4,120,13.55,160.5,100,19.92,237.7,99,11.39,9.3,2,3.29,5,no
DC,88,area_code_415,no,yes,32,162.5,101,38.11,183.2,105,18.68,210.6,121,7.8,6.7,7,2.58,1,no
NC,37,area_code_415,no,no,0,213.4,125,22.46,237.0,116,22.54,276.8,72,10.73,9.8,2,3.11,1,no
ME,81,area_code_415,no,no,0,168.0,121,30.15,227.2,96,21.78,215.1,99,8.25,7.2,4,1.85,2,no
IA,137,area_code_408,no,no,0,212.9,123,33.95,159.8,134,17.9,110.4,119,9.72,9.7,3,1.16,4,yes
OH,139,area_code_415,no,yes,29,239.8,139,38.67,225.5,78,24.04,260.5,101,11.04,10.6,5,2.7,1,yes
SC,67,area_code_510,no,no,0,235.2,103,30.63,172.3,115,16.0,255.2,119,11.16,8.6,2,2.2,1,no
IN,185,area_code_415,no,no,42,53.0,104,57.66,256.2,125,16.97,286.4,134,9.95,2.0,3,3.37,1,no
MD,90,area_code_408,no,yes,31,165.5,103,34.32,137.4,91,16.41,87.8,106,10.5,8.0,3,3.21,1,no
WY,80,area_code_415,no,yes,41,197.0,113,29.8,250.4,104,21.99,290.7,72,9.15,8.5,7,3.01,5,no
TN,121,area_code_415,no,no,0,93.9,119,28.78,137.8,154,8.91,270.9,82,14.51,13.3,2,3.53,2,no
DC,101,area_code_415,no,no,0,210.0,104,24.29,226.7,86,22.16,143.8,108,10.65,6.8,2,3.1,1,no
MN,34,area_code_415,no,no,0,274.2,113,26.55,230.0,147,25.64,300.1,100,11.27,6.3,9,1.8,2,yes
OH,91,area_code_408,no,no,34,183.7,110,27.62,179.2,102,16.68,173.5,120,11.77,9.6,3,2.6,1,no
NY,108,area_code_415,yes,yes,0,204.2,79,47.96,151.3,114,19.41,231.8,53,11.35,10.1,3,2.56,0,no
OR,44,area_code_510,no,no,0,158.2,107,8.14,162.8,117,17.84,286.2,158,12.6,8.5,5,2.88,0,no
AZ,32,area_code_415,no,yes,37,133.2,107,25.61,258.2,99,20.44,273.1,121,12.83,11.3,2,3.38,4,no
IA,77,area_code_510,no,yes,34,97.0,89,35.75,152.1,127,18.42,234.6,130,12.99,11.7,6,2.18,0,no
CA,129,area_code_510,yes,no,0,278.5,89,35.62,219.0,118,14.31,139.8,62,8.38,6.8,4,2.25,3,no
MS,138,area_code_415,no,no,0,113.7,80,28.59,173.0,138,28.61,211.4,138,16.19,8.8,6,1.6,1,no
OR,133,area_code_510,no,no,0,21.6,104,33.15,164.4,99,12.27,160.5,75,12.56,5.6,7,2.95,3,no
UT,80,area_code_510,no,yes,0,177.4,86,7.83,261.9,114,19.28,200.0,69,12.34,7.9,2,3.56,1,no
NC,131,area_code_415,yes,no,0,103.5,92,43.36,215.2,115,16.33,162.6,97,13.69,7.0,0,1.35,0,yes
ME,87,area_code_408,no,no,0,9.2,100,31.74,190.5,141,16.76,209.7,132,10.73,14.6,3,3.01,3,no
CO,228,area_code_408,no,no,36,162.3,70,24.96,177.7,108,22.1,268.6,129,9.51,15.9,6,1.61,0,no
IN,151,area_code_415,yes,yes,20,80.7,136,32.92,211.7,139,20.2,132.0,130,12.55,10.7,5,2.8,1,no
WV,117,area_code_415,no,no,0,110.7,106,24.53,309.7,104,19.61,131.4,106,11.67,12.4,3,2.29,4,no
WV,93,area_code_408,no,no,0,119.3,97,20.86,327.6,108,18.83,253.7,90,14.21,8.8,2,3.17,1,no
LA,94,area_code_408,no,no,0,159.9,121,29.25,226.4,102,16.8,155.3,127,15.33,4.5,5,1.64,0,no
WA,75,area_code_415,no,yes,36,46.4,95,25.36,160.5,118,17.39,180.0,131,10.08,10.7,3,2.93,1,no
MS,101,area_code_408,no,no,0,153.6,129,20.0,127.7,123,23.95,162.6,112,10.33,11.8,4,2.52,2,no
OR,68,area_code_408,no,yes,39,114.0,106,23.45,179.8,112,20.83,203.6,96,6.29,10.7,2,3.34,3,yes
NH,116,area_code_415,no,yes,0,142.9,153,47.05,178.6,137,12.3,148.9,97,12.17,11.1,9,2.56,1,yes
AR,31,area_code_415,no,yes,0,180.9,122,32.99,180.0,71,25.78,274.0,88,11.83,4.1,6,1.9,4,no
NM,177,area_code_415,no,no,0,82.6,90,45.24,132.4,87,19.69,223.8,132,10.15,4.8,2,3.35,3,no
AR,136,area_code_415,yes,no,0,319.1,109,32.12,278.5,100,20.69,305.6,105,10.76,8.5,5,3.52,3,no
MN,116,area_code_408,no,no,0,173.9,113,13.72,196.6,84,13.31,218.9,106,6.19,7.8,3,2.67,1,no
WI,145,area_code_408,no,no,0,106.5,88,21.53,180.3,146,24.85,122.3,103,8.88,14.9,2,2.33,1,no
TN,152,area_code_415,yes,no,0,284.3,134,20.34,91.3,116,22.03,171.8,113,9.02,11.4,2,3.55,3,yes
AK,107,area_code_415,yes,no,0,130.7,85,27.88,359.3,86,23.21,262.4,129,14.6,12.7,2,3.13,1,no
OR,157,area_code_415,no,no,0,97.5,103,24.01,240.8,120,10.99,303.4,104,7.96,13.1,5,3.37,1,no
ID,52,area_code_510,no,no,0,183.1,99,26.78,124.7,114,19.33,227.9,129,10.62,9.1,2,2.22,2,no
MI,183,area_code_415,yes,no,0,142.7,81,20.19,151.3,83,17.2,275.3,130,14.6,11.9,3,3.32,1,yes
VT,34,area_code_415,no,no,0,283.1,113,14.97,204.5,122,18.44,231.3,113,13.48,11.0,2,2.2,2,no
MD,175,area_code_408,no,yes,0,92.0,98,21.26,213.9,140,22.84,186.9,119,16.41,12.5,14,2.93,1,no
SC,165,area_code_408,no,yes,0,9.6,126,21.49,285.7,107,24.87,244.7,85,17.28,11.0,7,3.0,0,no
MD,51,area_code_415,yes,no,0,159.3,100,18.77,176.6,111,20.34,262.9,121,12.29,11.7,2,3.4,1,no
RI,73,area_code_415,no,no,0,274.7,119,14.32,217.5,110,18.66,309.3,100,7.46,6.9,3,3.49,3,no
MN,64,area_code_415,no,yes,29,154.4,93,32.86,219.0,107,13.99,276.4,69,13.8,7.8,2,4.14,1,no
LA,106,area_code_415,no,no,0,176.9,109,28.79,243.5,124,24.63,224.3,74,10.67,10.1,2,2.99,1,no
WY,110,area_code_415,no,yes,12,216.2,92,20.47,208.0,101,22.76,242.5,126,7.64,11.9,1,2.46,1,no
VA,140,area_code_415,no,yes,37,138.2,79,30.44,215.2,88,25.17,301.6,103,12.15,7.1,6,1.64,0,no
MI,49,area_code_415,yes,no,0,148.3,99,19.62,229.4,117,26.3,325.4,106,11.87,8.4,3,2.96,2,no
WV,49,area_code_408,no,no,0,265.3,84,22.79,188.7,101,25.56,323.5,128,12.26,7.6,3,1.73,1,no
TN,134,area_code_415,no,no,45,186.1,85,25.27,174.8,98,17.09,279.1,133,6.74,6.8,4,2.82,3,no
FL,166,area_code_510,no,no,0,225.5,101,28.31,211.8,119,17.37,136.7,113,12.05,9.9,7,3.56,1,yes
MT,90,area_code_408,no,yes,0,169.9,117,13.65,154.6,127,18.12,209.6,121,10.33,5.3,3,2.93,4,no
OR,156,area_code_510,no,no,44,124.7,89,26.13,179.3,143,12.24,241.8,117,15.05,6.9,7,4.1,1,no
MN,142,area_code_510,no,yes,31,39.3,134,26.6,62.6,105,15.64,335.1,156,11.42,9.5,2,2.93,1,no
TX,66,area_code_415,yes,no,0,117.7,77,39.81,208.9,104,18.69,176.1,79,10.83,11.5,2,2.92,1,yes
ID,91,area_code_510,no,no,0,219.3,98,24.2,215.4,117,27.26,287.6,140,9.59,8.6,2,2.4,1,yes
UT,111,area_code_415,yes,yes,0,220.9,116,46.53,121.7,137,21.49,176.6,85,10.36,9.6,6,2.96,1,yes
TX,143,area_code_415,no,yes,0,120.3,108,31.5,298.1,82,20.44,273.3,105,14.38,5.6,8,3.27,6,no
ID,138,area_code_415,no,no,0,156.1,98,35.0,275.5,130,20.34,210.3,123,7.61,15.1,7,3.26,2,no
ND,73,area_code_415,no,no,0,126.2,89,49.61,242.0,107,25.62,195.3,78,12.65,8.7,6,3.32,1,no
NY,89,area_code_415,no,yes,36,148.0,105,22.73,212.4,165,14.83,224.2,85,10.75,13.0,5,2.32,1,no
AR,66,area_code_510,no,no,0,126.4,105,38.2,180.6,103,18.74,238.2,102,9.19,12.2,5,2.39,1,no
WA,17,area_code_415,no,yes,21,167.2,117,35.34,318.1,101,21.23,246.1,95,10.07,7.6,4,2.87,1,no
LA,162,area_code_510,no,no,0,234.6,71,45.96,186.0,107,23.89,275.1,82,11.51,12.4,2,0.0,3,no
VA,153,area_code_408,no,no,44,54.5,46,28.34,200.8,108,20.93,167.8,100,7.24,6.3,3,2.54,0,no
KS,85,area_code_415,yes,yes,0,132.5,86,31.08,254.6,118,24.57,222.5,101,16.53,9.0,3,2.19,0,no
DC,100,area_code_408,yes,yes,39,112.3,94,42.21,178.7,107,16.98,147.5,124,9.07,3.3,5,1.32,0,no
NY,162,area_code_415,no,no,0,150.6,117,32.29,280.4,95,21.81,129.3,120,12.71,5.2,12,2.85,3,no
MA,103,area_code_415,no,yes,35,142.8,130,26.55,176.3,110,21.0,265.6,121,9.64,5.0,3,3.65,2,no
MD,112,area_code_408,no,yes,44,172.5,93,37.9,189.4,120,16.92,372.4,122,10.69,8.2,1,3.08,1,no
NH,90,area_code_408,no,no,0,307.2,71,30.13,242.3,92,21.03,329.1,115,11.43,5.4,2,4.38,1,yes
OR,214,area_code_415,no,yes,0,200.5,114,45.08,213.3,103,11.9,313.5,61,9.7,10.8,4,0.95,2,no
HI,136,area_code_408,yes,no,39,211.5,143,25.52,237.3,100,10.86,188.5,110,8.6,8.5,2,2.55,1,no
KY,194,area_code_408,yes,no,1,187.2,88,33.58,255.8,111,23.79,196.8,94,10.46,8.3,2,2.28,4,no
PA,110,area_code_408,no,no,0,181.0,94,33.93,91.2,96,21.76,315.6,126,8.93,11.6,2,3.82,1,no
ID,113,area_code_415,no,no,31,130.6,86,23.38,153.6,66,15.88,217.1,137,9.54,4.8,1,2.82,4,no
MN,87,area_code_415,no,no,0,10.5,115,12.43,259.1,102,16.99,308.4,111,11.15,10.7,2,2.84,1,no
MN,159,area_code_415,no,no,0,220.5,123,32.09,188.7,134,23.39,302.8,130,13.29,5.3,3,2.8,5,no
WY,127,area_code_415,no,no,0,178.1,92,26.89,140.6,119,25.2,170.9,70,11.36,8.1,3,2.43,6,no
CT,79,area_code_415,no,no,0,0.4,107,10.08,190.6,104,25.38,228.2,115,10.7,11.6,1,3.69,1,no
AR,127,area_code_415,no,yes,29,148.7,88,34.45,187.3,90,24.81,138.7,101,10.56,3.4,1,4.02,1,no
GA,143,area_code_408,no,yes,19,121.1,101,35.43,209.7,106,25.46,345.3,143,11.52,4.5,1,2.48,3,no
MD,94,area_code_415,no,yes,33,198.1,91,31.66,274.6,150,19.13,254.3,89,10.49,6.5,5,1.99,1,no
ND,130,area_code_415,no,yes,28,243.9,121,32.12,171.5,73,14.92,284.5,100,9.3,8.0,3,1.48,1,no
WV,71,area_code_415,no,no,0,86.9,121,19.21,204.3,122,21.68,199.0,81,11.38,5.9,7,2.7,1,no
MD,95,area_code_415,yes,no,1,152.7,123,33.5,265.3,99,19.14,125.2,101,10.97,6.6,2,3.29,1,no
ID,86,area_code_510,no,yes,0,182.8,86,37.43,205.0,123,24.58,78.2,82,10.42,12.2,3,0.46,1,yes
MN,113,area_code_408,no,yes,0,105.7,110,30.17,246.7,141,22.29,315.9,135,5.64,11.0,2,3.72,1,no
OR,158,area_code_510,no,no,0,137.4,100,26.37,227.5,105,22.84,212.4,93,10.7,9.3,4,1.39,3,no
OR,125,area_code_408,no,yes,31,96.6,112,31.53,147.4,125,13.41,115.1,117,9.84,8.0,3,3.28,1,no
VA,64,area_code_415,no,no,0,182.0,65,20.1,140.3,110,23.06,158.0,88,11.89,17.8,6,1.61,1,yes
KS,151,area_code_510,no,no,0,144.0,99,27.06,216.5,97,15.22,196.5,127,13.3,3.4,5,2.05,1,no
WA,109,area_code_408,no,no,0,275.7,103,27.28,274.4,131,24.55,305.5,103,10.68,8.0,3,3.58,2,no
GA,149,area_code_415,no,no,21,168.1,64,27.68,201.6,92,14.89,170.5,124,10.66,1.0,2,2.5,4,no
ND,148,area_code_415,no,yes,40,121.3,72,38.74,218.4,139,19.14,271.6,63,15.05,9.3,3,3.31,1,no
MN,101,area_code_415,no,yes,0,61.3,67,25.17,140.0,110,20.27,303.4,72,10.01,5.2,3,3.07,1,no
TN,243,area_code_415,yes,no,0,210.4,118,40.68,249.0,130,23.61,169.7,120,7.69,9.7,4,2.55,1,yes
OR,48,area_code_510,no,yes,0,227.6,91,30.46,197.1,89,23.49,235.3,77,8.77,12.5,6,2.86,1,no
NJ,95,area_code_415,yes,no,0,156.0,91,22.24,189.2,126,17.71,241.9,77,9.03,6.7,2,2.69,0,yes
MS,73,area_code_415,no,yes,27,133.3,81,32.73,262.3,138,17.48,178.4,112,6.85,10.4,6,2.87,1,no
VA,145,area_code_415,no,yes,22,159.2,92,27.13,225.3,107,17.52,255.6,115,17.15,11.2,4,1.78,0,no
MA,88,area_code_415,no,yes,38,207.5,129,33.59,267.5,122,20.06,320.2,109,11.74,12.3,2,2.81,1,no
NJ,205,area_code_415,yes,no,0,173.2,85,10.18,354.9,92,21.63,253.4,141,12.59,5.3,3,2.37,1,no
NE,130,area_code_408,no,yes,35,128.6,86,24.54,211.1,116,19.63,120.7,131,8.16,10.1,7,2.61,1,no
NE,116,area_code_415,no,yes,28,57.8,80,17.5,197.7,91,24.32,170.1,114,9.6,9.4,6,2.92,1,no
MN,1,area_code_415,no,no,0,235.7,138,26.71,233.6,119,24.5,189.2,96,11.42,4.3,10,2.66,1,yes
NC,168,area_code_408,yes,no,0,232.1,110,36.7,158.2,111,15.79,230.5,77,9.25,2.6,10,2.29,3,yes
GA,98,area_code_415,no,yes,41,215.1,110,33.36,204.1,89,22.2,252.2,122,8.48,9.3,5,4.12,1,no
OR,187,area_code_408,no,no,0,206.4,116,22.03,76.9,97,19.95,110.0,114,11.52,7.7,3,3.63,1,no
WY,88,area_code_408,no,no,34,269.1,100,30.44,246.9,121,23.67,278.9,75,6.81,9.7,3,2.6,4,no
CT,57,area_code_408,no,no,0,127.3,75,21.81,156.1,99,16.1,240.9,117,7.36,11.0,3,3.45,0,no
MT,123,area_code_415,no,no,0,171.2,100,26.65,155.5,104,18.99,158.3,101,11.17,9.4,4,1.84,1,no
AK,112,area_code_415,yes,yes,0,214.5,117,54.64,87.1,141,23.13,149.2,91,11.82,9.6,2,1.8,1,no
WY,70,area_code_415,yes,no,0,190.0,91,45.71,315.6,110,23.38,226.3,89,12.94,3.4,2,2.38,0,no
NC,100,area_code_415,no,no,0,122.7,80,39.92,153.2,170,19.09,139.9,111,10.83,9.0,3,1.71,0,no
MN,171,area_code_415,yes,no,0,177.3,109,38.93,132.8,163,20.83,210.8,126,10.18,7.5,2,2.93,4,yes
MO,141,area_code_415,no,yes,35,88.1,117,33.07,182.3,144,22.77,263.0,91,9.32,6.9,2,2.83,1,no
SD,83,area_code_415,no,no,1,150.2,79,25.58,242.3,118,15.86,162.8,108,11.25,9.7,3,4.51,1,no
CA,186,area_code_415,no,yes,0,179.5,99,39.99,137.9,131,17.49,328.1,116,14.89,6.1,7,1.9,1,no
MT,147,area_code_408,no,no,0,186.6,86,31.06,244.8,123,18.1,259.5,111,13.09,12.6,9,1.58,0,no
FL,79,area_code_415,no,yes,39,6.0,128,23.62,141.6,114,24.38,162.4,94,9.73,11.2,6,3.58,4,no
DC,148,area_code_408,no,no,0,274.6,89,37.46,205.5,112,21.38,197.9,128,11.74,6.1,5,3.44,1,no
ME,82,area_code_510,yes,no,0,176.2,130,56.25,211.0,87,13.42,280.6,105,10.23,9.2,4,2.68,1,no
CO,41,area_code_415,no,yes,31,245.6,105,37.35,152.5,96,18.02,204.8,107,8.94,12.4,2,1.86,3,no
OR,173,area_code_510,no,no,0,126.1,118,28.5,116.9,98,25.44,160.8,117,9.76,9.0,5,1.46,1,no
AR,139,area_code_415,no,yes,37,36.2,139,33.5,168.4,118,23.17,216.3,71,12.21,12.2,3,2.84,1,no
OR,104,area_code_510,no,no,0,190.8,91,44.58,209.8,98,15.44,51.2,57,12.75,11.7,4,2.92,1,no
NC,133,area_code_510,no,yes,23,12.9,90,15.57,112.1,109,29.78,210.8,102,13.64,9.4,3,3.44,1,no
DC,92,area_code_415,no,yes,31,93.4,78,40.5,176.8,117,22.56,172.6,104,10.93,10.2,2,3.72,0,no
ND,91,area_code_408,no,no,31,164.4,35,21.68,249.5,124,17.49,289.7,81,11.71,18.9,3,2.73,1,yes
NJ,47,area_code_415,no,no,0,167.7,102,27.11,152.2,157,13.83,261.7,71,7.4,10.4,7,3.34,2,no
UT,89,area_code_510,no,no,0,249.2,60,46.75,95.7,111,16.23,245.0,127,7.38,9.6,3,3.7,1,no
ID,142,area_code_415,no,no,0,169.9,94,30.53,151.3,103,23.9,219.8,119,10.41,7.4,4,2.88,1,yes
MA,125,area_code_408,no,yes,23,225.2,97,30.22,256.8,101,14.86,186.7,123,13.12,8.9,5,3.14,1,no
TX,160,area_code_510,no,no,26,156.5,95,30.62,183.4,131,16.32,273.5,133,11.61,10.2,5,2.96,1,no
LA,116,area_code_510,no,no,42,197.8,123,22.74,180.9,125,20.22,178.0,71,9.87,7.0,2,2.03,0,no
GA,101,area_code_415,no,yes,36,131.5,95,34.78,156.9,103,23.95,221.7,125,10.58,10.8,3,2.8,1,no
MN,160,area_code_415,yes,no,0,168.3,104,36.27,228.1,126,17.25,142.3,102,11.04,9.4,5,2.71,4,yes
DE,147,area_code_510,no,yes,0,80.7,91,29.74,225.4,89,17.26,183.1,99,10.83,7.6,6,2.05,0,no
OK,102,area_code_408,no,yes,44,8.1,55,24.6,108.3,107,24.62,134.4,57,14.14,5.2,3,2.53,4,no
NJ,90,area_code_408,no,yes,1,125.0,96,47.54,144.5,159,17.03,298.9,99,10.23,7.1,4,1.94,2,no
VA,129,area_code_408,yes,yes,0,179.8,107,30.86,185.5,131,18.77,340.8,116,15.11,8.1,6,2.32,2,no
VA,65,area_code_415,yes,no,0,106.5,103,29.61,135.0,120,21.14,169.0,124,15.07,5.3,5,2.67,0,yes
SD,152,area_code_408,no,no,0,135.2,117,26.45,151.3,110,22.05,227.0,116,10.71,13.5,2,2.89,1,no
NY,129,area_code_415,no,yes,26,135.0,90,39.41,248.7,106,21.34,195.3,115,13.08,8.5,3,2.96,1,no
LA,107,area_code_415,no,no,0,189.7,88,26.37,359.3,83,15.44,310.1,128,15.06,11.9,2,2.77,1,no
MT,50,area_code_408,no,yes,29,125.0,54,16.35,352.6,105,17.76,166.9,143,11.71,4.1,5,2.22,4,no
NJ,175,area_code_510,no,yes,41,148.4,88,27.08,138.6,113,15.93,126.7,82,12.28,9.5,5,2.2,1,no
CT,117,area_code_415,no,yes,0,93.5,61,35.33,185.9,128,22.36,108.4,41,12.08,7.8,2,3.73,1,no
DE,69,area_code_415,no,no,0,59.6,81,34.69,213.9,131,22.09,356.9,90,8.45,6.9,3,3.03,2,no
WV,94,area_code_510,yes,no,27,175.6,124,16.6,193.6,109,24.07,92.1,106,9.88,10.1,7,3.29,2,yes
NV,108,area_code_415,yes,no,0,174.3,94,35.32,160.0,122,17.69,187.5,106,11.38,8.1,3,2.26,1,no
PA,151,area_code_510,no,no,0,208.3,94,32.53,304.6,106,20.76,277.0,82,10.78,12.6,4,3.02,2,no
NH,128,area_code_408,no,no,0,179.9,100,37.02,138.8,99,21.69,222.5,111,10.77,10.0,9,3.57,4,yes
NJ,141,area_code_415,no,no,0,223.6,123,40.44,216.0,142,15.86,189.5,103,10.84,10.4,2,2.07,1,no
KS,125,area_code_510,no,no,0,144.1,116,22.04,193.5,103,16.23,208.2,89,13.41,5.9,3,3.72,4,no
TX,47,area_code_408,no,yes,25,180.4,133,31.49,356.1,111,15.07,306.1,103,10.26,15.4,2,1.64,1,no
HI,36,area_code_408,no,no,0,238.6,103,33.61,285.3,155,25.43,245.8,92,9.35,10.0,2,2.46,1,no
OR,87,area_code_415,no,yes,31,151.2,127,26.74,236.0,125,19.09,181.4,103,13.95,14.0,9,2.84,1,no
ND,109,area_code_415,no,no,0,3.8,101,23.06,112.0,144,17.27,285.1,39,8.81,2.4,3,1.54,4,no
NV,138,area_code_415,no,no,0,207.3,106,34.24,205.0,134,20.01,174.7,95,9.69,14.9,7,3.4,0,no
MA,124,area_code_408,no,no,27,232.7,89,27.8,145.6,112,23.07,123.6,122,7.67,7.5,3,3.06,3,no
ME,129,area_code_510,no,no,0,180.7,107,14.24,180.5,97,15.85,175.0,93,9.92,9.2,6,3.19,1,no
CO,97,area_code_408,no,no,35,177.2,86,46.53,235.4,85,20.82,251.0,56,6.77,11.9,7,4.07,1,no
HI,150,area_code_415,no,yes,0,160.3,64,25.02,211.7,107,18.37,277.1,61,12.06,9.6,5,2.61,1,no
IA,107,area_code_415,yes,no,0,218.6,81,39.82,281.7,88,25.42,227.5,119,9.22,11.2,4,2.47,4,yes
NM,43,area_code_415,no,no,0,222.2,99,33.31,273.5,87,13.98,162.3,93,13.21,12.0,5,3.42,1,yes
DE,52,area_code_415,no,no,0,113.1,112,17.13,193.8,109,14.51,265.3,139,15.12,2.4,5,3.22,1,no
NM,150,area_code_415,no,no,0,126.9,96,19.03,105.7,94,10.66,204.0,93,11.84,8.7,14,2.2,1,no
DE,102,area_code_408,no,yes,44,152.2,96,51.26,188.6,103,18.53,302.6,104,7.92,7.8,3,2.45,1,no
MN,78,area_code_408,no,yes,40,139.8,91,38.88,106.8,94,12.74,263.5,99,9.47,7.5,2,1.91,1,no
WY,90,area_code_415,yes,yes,0,70.1,106,44.15,285.7,121,22.59,252.0,52,13.33,9.2,4,3.3,1,no
TX,82,area_code_415,no,yes,44,152.7,97,45.17,184.6,102,25.57,223.6,74,11.87,10.7,2,3.18,1,no
NY,116,area_code_408,no,no,0,181.7,77,21.31,222.7,104,14.67,199.9,144,17.77,2.3,3,3.17,2,no
MD,96,area_code_408,no,no,0,110.3,78,21.59,166.4,107,22.21,240.9,140,9.71,0.0,3,2.53,4,no
HI,21,area_code_510,no,no,0,29.9,136,22.79,255.7,137,19.86,243.7,111,12.54,9.0,3,3.35,1,no
NJ,126,area_code_415,no,no,0,176.5,101,25.77,223.4,147,25.74,234.5,108,14.64,0.6,6,1.6,1,no
AL,96,area_code_415,no,yes,27,132.1,90,28.15,191.7,74,5.62,190.9,96,7.82,11.2,4,2.44,1,no
SC,177,area_code_510,no,no,0,269.2,92,29.44,144.4,100,22.17,157.1,135,11.29,11.1,6,2.08,1,no
NE,165,area_code_415,no,yes,31,191.8,88,27.97,174.0,124,15.6,232.9,123,11.88,12.2,4,1.89,1,no
MS,184,area_code_408,no,no,0,216.1,109,38.05,215.9,94,18.15,325.2,95,13.83,3.9,3,1.38,1,no
TN,223,area_code_408,no,no,0,109.8,84,25.63,246.3,108,21.38,115.4,94,8.57,12.0,3,4.25,3,no
DE,98,area_code_415,no,yes,24,180.0,115,28.11,294.0,138,20.09,306.4,64,12.77,15.2,2,2.48,2,no
DC,134,area_code_415,no,yes,0,162.7,107,30.78,215.7,108,13.07,216.2,32,9.8,8.5,5,2.26,0,no
MN,115,area_code_408,no,yes,24,186.2,107,28.05,89.8,116,19.35,228.4,109,10.22,12.3,3,3.78,1,no
NJ,103,area_code_408,no,no,0,208.0,103,16.77,198.3,116,11.16,260.4,148,12.85,5.0,1,3.09,1,no
VA,200,area_code_510,yes,no,0,190.1,72,33.11,146.5,96,16.02,127.3,103,7.8,5.1,6,2.07,1,no
VA,215,area_code_510,no,no,0,132.1,90,32.95,234.0,103,19.95,251.5,107,14.43,10.8,2,2.7,4,yes
OK,117,area_code_415,no,no,0,269.5,85,29.57,277.9,76,23.86,112.7,95,13.56,8.3,2,2.18,1,no
IA,78,area_code_415,no,no,0,84.6,89,20.54,97.5,104,16.83,246.0,81,4.8,11.2,6,2.35,1,no
NE,115,area_code_415,no,yes,0,209.8,105,36.85,173.3,125,15.57,174.9,91,8.18,7.3,6,4.29,3,no
SC,82,area_code_510,no,yes,0,221.8,109,41.39,178.4,86,17.24,170.2,96,11.97,6.3,5,1.74,1,no
DE,117,area_code_415,no,no,0,157.9,84,20.67,276.1,93,24.08,205.8,98,10.04,3.8,3,2.6,4,no
WY,120,area_code_510,no,yes,41,158.8,112,24.5,228.6,103,17.81,271.2,85,12.11,9.6,4,3.12,4,no
AR,136,area_code_415,no,no,0,158.0,84,35.26,255.5,110,23.03,220.7,87,10.03,11.5,3,2.79,2,no
OR,150,area_code_510,no,no,0,144.3,104,24.84,191.4,109,17.57,247.8,125,13.08,5.9,5,2.97,1,no
MN,161,area_code_415,no,no,0,148.7,105,17.32,160.9,102,15.75,255.4,114,14.79,10.4,2,2.39,4,no
WA,119,area_code_510,no,no,0,173.0,89,40.53,161.0,88,15.1,245.4,80,12.62,6.2,3,1.4,1,yes
MS,137,area_code_415,no,yes,31,107.7,76,35.78,243.2,109,21.57,139.8,128,11.22,3.8,2,2.61,4,no
AL,94,area_code_415,yes,no,0,190.6,91,43.01,197.0,117,14.93,157.8,98,11.53,5.9,3,2.73,1,no
NY,148,area_code_415,yes,no,0,281.2,91,25.25,229.1,88,21.28,201.5,134,10.41,4.7,5,3.63,2,yes
HI,127,area_code_415,yes,no,0,185.3,78,43.16,245.8,116,12.05,280.1,111,9.92,10.2,5,4.4,5,no
SD,156,area_code_415,yes,no,0,265.4,79,27.44,209.9,134,23.19,235.3,92,13.29,8.6,7,2.51,0,no
MT,213,area_code_408,no,no,0,199.1,95,27.82,196.1,101,18.03,383.2,118,14.57,8.6,4,3.12,3,no
VA,105,area_code_408,yes,yes,0,131.1,102,21.74,254.2,133,24.73,184.2,72,13.03,15.8,7,5.4,1,no
MN,142,area_code_408,yes,no,0,208.8,119,31.6,274.6,101,19.08,276.3,89,10.71,8.8,5,3.17,4,no
CO,131,area_code_415,no,no,0,188.9,98,41.52,294.1,86,19.72,220.9,125,13.6,6.5,2,2.59,1,no
LA,59,area_code_415,no,no,31,206.1,99,16.71,228.8,110,18.15,226.9,104,12.04,8.7,8,3.2,4,no
NJ,151,area_code_408,no,yes,0,173.3,114,33.34,217.1,91,23.47,268.8,109,13.43,7.3,3,3.26,1,no
ND,128,area_code_415,no,no,0,0.0,95,26.63,174.6,111,24.13,209.5,70,8.56,8.3,5,3.96,2,no
RI,114,area_code_415,no,no,0,175.8,87,51.1,219.1,90,25.09,191.1,111,9.03,7.8,5,2.65,5,no
OR,76,area_code_510,no,no,1,71.2,104,33.44,90.9,122,16.83,240.6,91,11.51,2.0,4,1.82,1,no
DE,178,area_code_415,no,no,1,204.7,110,25.75,232.0,80,22.93,211.8,148,11.61,7.7,2,1.57,1,no
KY,117,area_code_415,no,yes,26,132.6,84,30.44,211.4,126,22.08,199.0,113,12.26,8.0,13,3.33,4,no
RI,73,area_code_408,no,yes,0,199.2,140,28.5,88.0,96,12.51,156.8,94,13.13,5.1,7,3.35,1,no
IL,126,area_code_415,no,no,41,204.7,101,25.7,264.0,85,19.45,217.0,141,11.64,13.6,2,3.98,4,yes
UT,108,area_code_510,no,yes,31,127.1,95,30.44,271.5,142,21.0,141.5,94,7.47,7.9,7,2.86,4,no
DC,134,area_code_415,no,no,0,255.0,73,35.7,285.4,87,21.53,264.5,100,11.13,11.1,3,2.01,4,no
OR,142,area_code_510,no,yes,27,245.0,103,25.24,178.0,112,10.41,314.8,104,10.12,9.3,2,2.74,1,no
LA,116,area_code_415,no,yes,1,219.1,145,38.91,234.1,79,26.44,199.2,81,10.0,5.2,5,1.99,1,no
CT,14,area_code_415,no,no,0,220.6,82,46.79,206.5,86,21.85,212.6,89,12.61,10.5,2,2.47,0,no
DC,124,area_code_415,no,yes,45,94.5,109,30.56,237.8,114,11.73,246.5,116,11.69,5.6,2,3.24,1,no
WY,136,area_code_415,no,yes,0,158.4,106,21.29,247.5,103,19.32,160.4,115,13.54,12.8,3,3.21,0,no
NJ,204,area_code_415,no,yes,29,150.8,108,24.56,200.6,130,23.67,281.2,98,12.72,11.4,3,2.95,1,no
MN,57,area_code_415,no,no,0,158.4,84,25.7,109.6,95,22.9,182.3,123,11.63,9.3,2,3.25,0,no
CO,92,area_code_415,no,no,0,210.3,101,43.61,102.1,99,15.49,163.2,103,8.92,10.2,5,2.24,1,no
AK,9,area_code_415,no,yes,37,202.7,81,32.79,191.8,113,14.81,270.9,95,11.38,10.1,5,3.07,1,no
WV,107,area_code_408,no,yes,40,115.2,95,42.28,261.2,107,20.3,220.8,98,12.65,7.9,3,3.61,3,no
WA,169,area_code_415,no,yes,25,154.3,103,39.22,200.7,106,16.19,188.4,113,13.08,8.3,2,3.15,1,no
AR,89,area_code_415,no,no,0,153.9,57,41.3,279.7,111,24.83,220.9,116,10.93,6.0,10,2.35,2,no
TX,82,area_code_510,no,yes,0,245.1,125,36.51,212.8,73,22.56,373.3,113,8.45,5.5,2,3.39,2,yes
AL,127,area_code_415,no,yes,19,179.8,87,22.69,208.0,144,24.89,146.6,77,10.8,9.9,5,1.94,0,no
DE,124,area_code_415,no,no,34,142.9,93,26.08,142.9,122,17.77,198.8,107,8.18,16.8,5,2.58,2,no
IN,155,area_code_415,no,yes,22,36.1,90,36.41,137.2,117,23.8,261.3,116,10.13,6.1,6,2.52,0,no
SC,107,area_code_415,yes,no,1,206.5,89,36.66,195.7,111,23.62,272.5,64,8.74,14.1,9,2.8,0,yes
VA,185,area_code_408,no,no,24,224.6,114,31.82,271.2,107,19.06,237.2,62,11.72,5.9,5,1.82,2,no
AL,105,area_code_415,no,no,1,187.4,85,31.38,142.2,153,19.96,222.6,107,12.21,8.3,5,2.84,3,no
WV,135,area_code_415,no,no,0,185.0,112,31.17,247.3,89,14.83,250.9,106,9.35,6.6,3,2.08,0,no
WY,132,area_code_415,no,no,0,231.8,51,18.15,153.3,101,17.16,191.2,122,10.21,5.9,3,3.27,1,no
NV,78,area_code_415,no,no,0,169.3,111,22.61,275.2,104,15.31,186.4,108,11.23,6.9,5,2.81,1,no
DE,134,area_code_415,yes,no,0,232.1,87,22.75,227.4,97,18.98,105.2,82,10.77,9.3,7,3.71,0,no
LA,49,area_code_415,no,no,0,93.8,96,20.69,152.2,163,21.85,129.7,123,11.9,6.0,4,2.82,1,no
TN,39,area_code_408,no,yes,0,191.4,100,22.47,227.9,112,21.45,95.9,114,16.3,10.2,3,2.68,1,no
VA,142,area_code_415,no,no,0,231.1,122,14.13,184.7,84,25.97,168.9,110,14.95,6.9,3,1.34,3,no
OR,39,area_code_415,no,yes,33,136.6,126,24.39,181.5,108,22.88,291.7,79,9.37,8.1,3,2.83,1,no
CO,156,area_code_510,no,no,0,197.9,89,37.75,122.5,76,18.78,198.0,126,8.48,11.4,10,2.5,1,no
OK,90,area_code_408,yes,yes,34,163.9,120,14.91,292.7,105,23.59,263.5,102,9.08,8.2,4,3.17,5,no
NJ,111,area_code_510,no,no,0,123.3,112,21.53,262.5,114,30.48,169.4,136,12.26,7.3,2,2.56,1,no
TX,126,area_code_415,no,yes,1,234.9,86,31.48,255.7,108,17.32,210.6,71,13.47,9.5,1,2.88,1,no
NY,142,area_code_415,yes,no,24,145.7,100,33.95,269.9,111,16.19,248.0,104,13.28,2.4,3,3.44,3,no
OK,93,area_code_510,yes,no,1,58.8,99,39.68,220.8,113,25.29,165.2,94,13.58,9.7,5,2.66,1,no
WA,158,area_code_510,yes,no,1,133.3,93,30.93,186.1,108,18.34,203.6,150,12.29,6.5,3,2.76,1,yes
PA,126,area_code_415,no,yes,45,155.1,42,33.97,183.3,126,20.69,247.1,102,13.29,7.7,3,0.05,1,no
CA,92,area_code_415,no,no,0,215.4,126,43.98,199.5,102,13.47,292.1,132,11.97,8.5,5,3.66,1,no
WY,82,area_code_415,no,no,39,258.5,114,33.87,130.2,132,15.81,277.0,114,13.76,5.2,7,2.19,1,yes
TN,99,area_code_415,no,no,0,203.3,88,43.47,155.3,84,18.49,261.9,110,10.31,0.0,6,2.64,1,yes
VA,219,area_code_415,no,no,0,235.5,103,45.84,129.5,122,27.73,235.8,125,9.46,5.7,6,2.33,4,yes
AL,110,area_code_510,no,no,38,212.5,97,16.42,286.0,109,21.22,205.2,130,14.26,6.1,3,2.63,1,no
SC,110,area_code_415,no,yes,35,209.8,83,28.7,262.3,108,17.23,294.0,105,13.62,8.5,3,3.3,1,no
IA,138,area_code_415,no,yes,0,163.6,80,14.77,313.4,81,29.28,18.6,110,8.3,6.1,5,1.61,1,no
MT,62,area_code_510,no,yes,0,150.6,96,26.34,202.8,116,19.58,257.9,97,10.22,9.0,7,3.22,0,no
OR,88,area_code_510,no,no,0,117.6,91,33.74,140.5,132,27.33,190.8,135,10.37,5.5,4,3.57,1,no
MT,125,area_code_415,no,yes,30,210.8,83,32.75,172.7,78,16.97,161.6,123,8.27,3.9,7,0.0,1,no
SD,104,area_code_415,no,no,0,282.9,88,32.96,248.7,57,16.34,197.0,98,11.24,11.3,5,2.6,1,no
WV,157,area_code_415,no,yes,20,78.6,118,39.02,77.1,107,19.26,164.8,98,8.51,9.2,5,3.04,0,yes
KY,77,area_code_415,no,yes,1,174.8,101,30.06,215.4,132,19.73,151.1,114,8.31,9.5,3,2.61,1,no
MN,88,area_code_408,yes,no,0,165.3,145,20.18,143.3,157,23.62,195.0,101,9.71,9.8,5,3.21,1,yes
WI,141,area_code_415,no,no,0,167.5,87,25.04,226.8,103,16.36,280.2,118,7.41,17.0,3,1.99,1,no
ND,30,area_code_415,no,yes,40,245.2,106,26.65,337.7,75,25.71,230.6,52,10.76,12.4,3,1.88,1,no
SC,70,area_code_408,no,no,0,147.9,129,25.78,210.5,117,24.42,168.6,73,9.73,9.6,2,1.55,2,no
WI,78,area_code_408,no,yes,28,222.0,110,21.48,169.5,110,23.51,193.1,99,13.13,12.1,4,2.28,1,no
AL,217,area_code_415,no,yes,39,145.2,78,49.64,229.1,80,21.79,270.8,93,10.07,6.9,5,2.19,3,no
NH,99,area_code_415,yes,no,0,281.1,141,22.31,125.5,96,19.45,91.3,102,13.66,5.4,3,2.28,1,yes
MN,56,area_code_415,no,yes,34,351.5,131,22.07,186.0,102,21.35,220.0,90,13.25,4.5,3,2.1,5,no
ID,146,area_code_415,no,no,0,92.5,92,7.67,116.9,137,12.1,171.7,127,12.09,7.8,12,2.96,3,no
ID,149,area_code_415,no,yes,0,121.6,61,33.53,133.9,113,24.5,191.4,77,11.59,11.8,3,2.68,1,no
LA,119,area_code_408,no,no,0,124.1,83,23.87,67.7,125,15.98,155.8,110,13.18,11.8,10,3.13,2,yes
CO,119,area_code_408,no,yes,46,95.4,87,24.01,152.2,102,23.75,217.0,76,11.58,6.8,3,2.54,1,no
OR,125,area_code_510,no,yes,0,189.1,107,36.1,190.5,130,17.23,183.8,122,12.71,10.6,2,0.26,5,no
VT,195,area_code_408,no,yes,38,122.1,129,37.25,251.4,110,23.02,237.7,96,10.32,9.9,5,1.71,0,no
DC,131,area_code_415,no,yes,0,346.7,134,30.65,220.9,86,17.98,371.8,116,5.81,9.3,4,1.92,5,no
IN,168,area_code_408,no,no,0,331.0,109,31.7,269.4,117,21.98,261.3,100,9.82,9.8,5,2.52,1,no
DC,28,area_code_415,no,no,1,148.6,72,24.38,160.7,140,24.95,57.7,59,8.46,12.3,5,2.62,3,no
OR,129,area_code_415,no,yes,36,109.7,116,31.3,199.4,143,20.43,127.4,96,14.13,8.9,3,3.13,1,no
DC,37,area_code_408,no,yes,0,230.7,99,28.82,186.1,135,18.22,223.0,98,14.12,8.1,9,4.1,0,no
CT,149,area_code_408,no,no,0,201.7,93,50.99,199.5,103,17.52,167.7,112,11.22,11.1,3,3.08,1,no
TN,135,area_code_415,yes,no,0,164.3,64,43.42,291.6,118,26.29,252.8,96,17.77,10.3,2,1.8,1,yes
GA,137,area_code_415,no,no,0,151.0,64,33.48,179.5,117,25.13,201.2,64,11.17,9.0,3,2.34,1,no
WA,152,area_code_415,no,no,0,105.4,91,30.63,160.3,140,17.16,251.0,107,13.63,8.9,3,4.57,1,no
WI,54,area_code_415,no,yes,22,197.8,71,37.45,207.1,126,25.4,212.6,74,7.54,12.2,2,2.69,1,no
MD,20,area_code_415,no,yes,41,115.9,72,28.7,174.2,112,23.9,329.2,119,8.59,7.7,6,4.76,1,no
IA,77,area_code_408,no,no,0,280.9,102,35.29,195.8,108,25.55,187.2,65,10.3,11.4,2,2.25,7,yes
TN,95,area_code_415,no,no,0,236.5,91,32.08,241.4,82,22.1,250.4,130,10.23,10.3,2,5.15,1,no
MN,99,area_code_408,no,no,0,45.3,108,38.98,264.5,108,18.78,179.4,127,11.6,3.4,5,3.26,1,no
KY,122,area_code_415,no,no,0,90.2,64,29.2,184.2,100,18.47,201.6,118,9.73,10.2,2,2.43,2,no
CT,102,area_code_415,no,yes,26,53.4,86,38.68,204.1,119,18.97,215.2,115,11.07,14.9,3,2.2,1,no
OR,201,area_code_408,no,no,0,201.3,115,27.89,222.9,117,21.72,304.4,112,11.37,10.0,10,2.64,2,no
ID,32,area_code_510,no,no,0,135.5,95,16.58,177.0,136,21.72,166.5,117,12.17,6.5,2,3.54,1,no
MT,64,area_code_415,no,no,0,98.5,92,34.71,145.8,118,16.41,304.2,120,9.81,5.6,5,3.09,0,no
PA,34,area_code_408,no,no,0,281.4,101,32.86,170.7,90,21.06,258.5,104,9.03,4.3,2,3.11,2,no
MN,114,area_code_408,no,yes,23,131.3,131,30.12,219.2,123,16.5,133.8,150,14.29,3.0,4,2.77,4,no
MN,148,area_code_408,yes,yes,26,137.3,85,38.7,171.1,99,16.7,235.8,134,14.71,8.7,2,2.69,1,no
NH,174,area_code_415,yes,yes,35,334.1,130,35.8,246.3,111,19.33,271.0,104,14.05,10.3,5,2.34,1,no
WA,100,area_code_408,no,no,0,247.5,81,16.98,119.5,99,13.86,353.6,131,9.32,8.0,2,2.83,1,no
KS,146,area_code_415,no,no,0,189.8,120,35.72,184.1,151,25.33,261.4,94,9.05,9.9,5,2.59,4,no
MA,53,area_code_415,no,no,31,142.5,97,26.2,258.5,85,20.08,212.4,98,12.35,11.8,5,2.35,1,no
MO,100,area_code_408,no,no,0,307.6,103,30.36,247.7,132,19.52,219.6,75,12.14,13.0,1,2.32,4,yes
SD,99,area_code_408,yes,no,30,301.9,112,36.77,217.5,111,18.51,212.0,101,14.59,11.9,5,2.21,0,no
AZ,194,area_code_408,no,no,0,131.3,71,27.78,149.1,160,19.07,186.8,98,10.85,9.9,5,2.81,1,no
NC,175,area_code_415,no,no,0,154.0,62,13.61,245.7,52,25.4,211.6,116,14.37,7.2,5,2.81,1,no
WA,81,area_code_415,no,yes,45,192.1,120,40.75,172.3,119,17.59,301.1,91,7.86,13.1,4,2.9,1,no
KS,22,area_code_415,yes,no,0,167.0,71,31.83,317.6,94,14.9,229.7,109,8.53,6.8,2,3.34,1,no
NJ,133,area_code_510,no,no,0,271.9,103,22.71,182.5,122,24.53,297.6,89,11.93,9.1,2,2.35,2,yes
NH,141,area_code_415,yes,no,0,105.5,97,43.96,240.3,92,15.08,202.4,67,13.55,5.3,5,3.5,4,no
DC,243,area_code_510,no,no,0,130.7,77,25.4,187.7,118,19.9,189.5,110,10.47,8.2,6,3.36,1,no
RI,112,area_code_408,no,yes,0,184.2,105,30.59,233.2,138,17.11,218.2,107,11.37,4.3,4,2.38,1,no
MT,157,area_code_408,no,no,0,262.8,94,42.46,210.5,130,26.17,237.8,80,9.68,14.2,2,2.02,1,yes
MN,210,area_code_415,no,no,1,173.4,97,36.55,221.5,117,16.33,262.0,140,10.55,7.7,2,2.46,1,no
MN,128,area_code_408,no,no,0,272.6,84,29.42,207.3,89,17.02,167.1,115,10.29,10.6,4,3.06,1,no
NM,200,area_code_415,no,no,35,147.0,41,31.96,71.0,145,17.9,203.1,92,9.11,11.6,5,3.0,1,no
CO,79,area_code_415,no,no,0,216.8,100,33.03,140.7,77,11.59,239.5,72,13.87,9.4,3,1.77,1,no
NC,74,area_code_415,no,yes,0,206.6,119,17.47,150.6,119,27.28,222.7,129,16.01,12.2,4,1.59,1,no
WI,110,area_code_510,no,no,23,247.8,94,39.43,172.7,130,16.22,385.7,45,9.22,5.2,11,4.72,4,no
NY,127,area_code_415,no,yes,33,86.7,96,25.65,260.0,112,19.77,212.7,114,15.84,17.3,3,1.49,1,no
KS,27,area_code_408,no,yes,40,133.8,95,19.87,202.7,98,16.09,253.7,111,10.91,8.7,3,3.27,4,no
WI,83,area_code_415,yes,no,0,129.6,147,37.24,140.0,96,15.22,176.3,94,10.13,4.7,9,2.53,4,no
VA,1,area_code_408,no,no,0,166.1,94,23.57,149.0,126,25.74,201.4,129,9.97,9.0,8,2.58,1,no
MS,151,area_code_408,no,no,0,153.1,119,21.32,166.2,99,16.69,296.3,102,13.32,9.8,2,2.6,2,no
TX,136,area_code_415,no,no,0,64.7,83,27.06,272.4,114,25.14,171.0,117,10.88,5.8,5,4.12,1,yes
ND,159,area_code_510,no,yes,36,115.2,100,32.49,250.6,111,24.93,172.2,128,10.36,6.3,2,2.46,5,no
AL,183,area_code_408,no,no,0,131.7,55,40.03,145.3,119,23.32,307.6,102,12.79,12.2,3,1.83,1,yes
ND,87,area_code_408,no,yes,28,189.8,137,44.6,143.7,109,20.98,194.8,105,10.73,11.8,5,2.7,1,no
MD,101,area_code_408,no,yes,46,29.9,102,30.46,61.1,111,17.64,220.6,80,12.51,3.6,5,3.22,1,no
IA,199,area_code_510,yes,no,0,220.0,136,18.29,168.0,76,20.75,346.8,126,13.19,6.4,3,2.94,0,no
MT,57,area_code_415,no,no,0,171.5,109,33.53,206.0,118,22.27,225.2,99,11.66,4.9,3,3.38,2,no
OR,134,area_code_408,no,yes,18,94.6,92,10.33,167.8,125,18.96,223.8,134,8.26,5.3,3,2.55,1,no
WY,110,area_code_415,no,no,28,211.5,106,40.58,168.2,141,25.77,255.1,95,10.45,11.5,4,2.83,4,no
TN,147,area_code_415,yes,yes,34,114.7,85,46.27,270.8,101,17.36,121.0,114,16.09,6.3,3,2.83,1,no
MN,54,area_code_510,yes,no,0,217.5,69,40.38,268.4,108,19.04,251.4,105,10.36,6.1,2,3.31,1,yes
HI,144,area_code_415,no,no,18,173.5,75,27.81,261.3,109,17.05,156.9,110,15.47,8.7,2,4.0,1,no
SD,149,area_code_510,no,no,26,117.2,128,21.05,228.3,102,17.81,131.3,109,10.95,7.0,5,1.65,1,no
WV,140,area_code_415,no,yes,37,190.0,100,29.79,122.7,91,20.21,246.7,94,13.22,10.4,5,1.02,1,no
NE,96,area_code_408,no,yes,0,135.8,92,41.34,258.7,147,20.55,203.2,108,13.74,5.3,5,1.82,3,no
IA,104,area_code_415,no,no,0,235.0,92,33.76,232.5,100,22.83,236.7,63,9.72,9.2,3,3.39,1,no
KY,128,area_code_415,no,yes,31,192.7,84,33.81,179.3,102,20.98,228.3,119,7.66,12.5,4,1.91,3,no
TN,57,area_code_408,no,yes,30,192.8,112,0.0,210.6,124,23.17,245.0,131,11.96,9.4,3,2.47,1,no
IA,150,area_code_415,no,no,0,199.2,93,33.18,271.4,90,14.53,264.7,124,13.44,7.1,2,3.78,5,yes
KS,82,area_code_415,no,no,1,234.5,106,32.82,222.6,108,12.93,306.5,142,12.02,8.4,6,3.84,1,no
AL,120,area_code_415,no,yes,0,86.2,77,37.62,184.6,103,18.43,189.0,63,10.93,15.3,10,3.58,1,no
WY,162,area_code_415,no,no,0,80.3,118,10.46,171.8,128,25.07,212.0,101,8.02,11.3,2,3.0,2,no
IA,135,area_code_415,no,yes,1,103.6,58,45.06,132.0,99,18.29,239.9,124,10.32,4.8,5,3.41,3,no
MI,86,area_code_415,no,no,0,193.7,111,25.23,200.0,112,21.14,201.4,117,11.72,11.1,5,2.44,1,no
NH,198,area_code_408,yes,no,0,75.1,89,26.98,189.2,116,22.12,263.4,122,13.32,11.4,3,2.7,1,no
SD,124,area_code_408,no,yes,0,129.3,99,20.69,133.5,122,18.39,190.5,132,9.05,11.5,3,3.57,2,no
NY,101,area_code_415,no,yes,21,136.1,113,31.07,312.7,123,15.45,262.7,99,7.72,6.6,3,1.86,1,no
MO,113,area_code_415,no,yes,42,66.7,106,16.21,189.5,84,17.28,205.0,100,10.3,6.2,3,3.27,1,no
MT,228,area_code_415,no,no,0,178.9,70,22.04,271.4,122,13.97,258.4,111,9.17,5.7,4,2.89,0,no
TN,134,area_code_408,yes,no,0,284.9,93,23.69,186.3,84,20.7,196.4,109,12.98,6.5,2,2.33,1,yes
OR,97,area_code_415,no,no,0,183.1,38,32.13,252.3,108,18.14,189.4,134,14.37,9.5,2,3.22,1,no
CO,95,area_code_415,no,yes,0,156.1,100,23.56,225.7,109,23.66,305.7,93,11.93,8.0,5,3.36,1,no
AR,121,area_code_415,no,yes,0,185.0,99,44.36,194.5,123,11.94,363.2,86,11.68,11.1,1,3.7,1,yes
DE,131,area_code_408,no,no,29,114.7,102,31.81,218.5,101,20.36,255.2,165,13.4,10.8,4,0.14,1,no
AL,98,area_code_408,no,no,0,137.4,114,24.82,264.4,108,14.08,228.0,128,10.09,8.6,2,2.75,1,no
LA,242,area_code_510,no,no,0,175.1,78,45.63,152.2,153,19.94,197.9,114,12.45,8.9,5,3.01,1,no
GA,142,area_code_510,no,yes,31,180.4,96,37.27,174.6,78,19.98,248.4,97,12.09,8.6,2,1.66,1,no
GA,93,area_code_415,no,no,33,260.7,93,36.57,278.2,93,20.63,95.4,131,12.5,12.9,2,1.96,2,no
WI,114,area_code_415,no,no,35,238.5,129,31.29,187.6,109,21.58,197.4,103,16.72,9.7,5,2.93,1,no
MA,110,area_code_415,no,no,0,135.2,105,20.94,229.0,110,18.68,243.6,79,11.98,7.8,2,2.71,4,no
WA,211,area_code_408,no,yes,24,168.3,111,35.93,137.6,120,18.62,186.1,122,10.98,11.6,12,2.91,1,no
OR,86,area_code_415,no,no,28,188.7,115,34.72,255.4,128,21.16,199.1,99,14.07,8.0,4,3.38,0,no
AZ,65,area_code_408,no,no,33,184.8,120,33.57,158.4,117,19.03,179.5,111,10.76,8.5,3,3.32,1,no
OR,103,area_code_415,no,no,0,167.9,95,28.2,253.1,115,21.51,192.4,65,12.46,9.1,6,2.51,0,yes
UT,190,area_code_408,no,yes,0,124.6,89,56.39,287.5,126,14.89,252.2,99,11.41,7.3,4,2.56,1,no
TX,103,area_code_415,no,yes,0,148.1,61,49.34,284.3,91,21.35,240.0,112,10.59,9.2,4,2.75,1,no
SC,142,area_code_510,no,yes,0,162.3,107,26.56,216.4,99,14.34,213.6,98,10.98,6.6,3,2.9,0,no
WV,138,area_code_415,no,no,0,216.6,76,28.51,182.4,119,14.14,299.9,105,12.5,3.5,10,3.55,2,no
TN,60,area_code_510,no,no,0,185.6,94,48.22,236.0,105,28.99,297.7,115,10.67,4.3,5,4.13,1,yes
NH,8,area_code_415,yes,no,0,291.1,110,36.98,293.1,107,26.32,203.8,142,9.68,5.2,2,4.74,3,no
NY,88,area_code_408,no,yes,21,89.3,93,28.0,104.2,96,21.75,233.0,119,13.31,8.7,7,2.16,1,no
MI,147,area_code_408,no,yes,0,173.0,84,35.65,258.5,103,23.95,259.0,105,8.28,14.6,2,2.42,1,no
MT,180,area_code_415,no,yes,0,154.3,61,54.04,227.6,151,12.65,169.8,95,10.74,4.6,5,3.98,1,no
MA,129,area_code_415,no,yes,19,109.3,71,38.9,259.9,118,21.29,295.0,58,6.16,13.5,5,4.31,3,no
MN,121,area_code_415,yes,no,0,237.4,134,36.04,152.1,120,20.43,325.6,100,9.6,8.7,7,2.55,4,yes
NJ,92,area_code_415,no,yes,0,336.5,93,40.35,121.3,117,21.32,212.2,131,10.28,5.8,3,3.33,1,no
MI,127,area_code_415,yes,yes,15,203.6,95,30.42,181.9,92,15.36,225.8,132,10.08,9.7,2,2.67,2,yes
OR,87,area_code_415,no,no,0,206.3,71,32.98,222.4,94,15.02,204.5,88,9.33,10.9,3,3.69,2,no
GA,126,area_code_408,no,yes,37,13.3,62,23.96,232.4,101,19.02,279.8,112,11.42,9.4,2,2.3,3,no
IN,128,area_code_415,no,no,0,240.4,130,47.24,234.0,134,18.39,313.4,112,10.43,7.8,2,2.49,1,yes
UT,144,area_code_415,no,yes,19,186.9,111,27.91,174.2,114,16.27,171.9,119,8.45,14.3,3,2.81,1,no
MD,46,area_code_408,no,yes,39,217.6,93,25.4,200.8,110,20.21,269.9,127,10.55,6.2,2,2.64,1,no
AK,142,area_code_408,no,no,25,219.7,110,27.32,218.7,109,19.95,239.6,128,4.61,8.8,2,1.79,1,no
AL,145,area_code_408,no,yes,1,214.6,89,41.86,214.8,72,23.81,157.5,147,11.72,9.0,3,2.22,1,no
NJ,103,area_code_415,no,yes,48,160.3,104,28.7,140.0,131,13.97,142.5,116,11.63,7.6,2,3.03,4,no
NY,86,area_code_415,no,yes,22,204.3,88,0.54,223.4,67,24.09,184.6,137,12.09,15.8,5,2.37,0,no
KS,155,area_code_415,no,yes,0,173.3,107,27.57,234.4,106,17.3,170.9,109,15.59,5.9,5,2.75,1,no
SD,2,area_code_415,yes,yes,1,106.5,124,31.93,183.5,114,23.74,168.9,115,9.88,11.9,5,0.86,2,no
MN,215,area_code_408,no,no,0,147.4,85,38.41,94.5,136,24.06,235.0,111,8.89,20.0,5,3.24,1,yes
NC,43,area_code_408,no,yes,28,199.0,126,28.09,295.3,106,27.84,218.1,105,10.07,7.5,5,3.13,1,no
ID,86,area_code_415,no,no,35,44.7,57,30.42,178.9,116,19.15,155.8,128,10.98,11.6,3,4.64,1,no
OH,122,area_code_415,no,yes,1,319.8,88,43.83,344.6,106,20.82,245.7,87,11.48,10.6,3,2.88,0,no
TX,137,area_code_415,no,yes,0,154.2,96,20.41,127.1,102,17.09,233.7,96,10.91,8.4,2,2.47,0,no
SD,64,area_code_415,yes,yes,0,283.9,115,22.55,228.2,136,22.76,307.7,116,10.26,12.6,3,1.41,2,no
WV,63,area_code_415,no,no,0,273.6,91,13.85,188.7,134,16.67,261.2,117,11.58,6.1,3,4.22,1,no
ND,77,area_code_408,no,no,0,148.9,114,23.86,190.0,100,18.68,229.4,77,10.37,5.4,2,3.5,2,no
MN,143,area_code_415,yes,no,0,127.7,81,31.9,246.0,108,17.3,104.0,104,12.5,3.6,2,2.89,1,no
DC,63,area_code_510,no,no,33,300.3,97,24.88,139.6,138,17.54,201.2,90,10.3,11.3,3,4.23,4,no
WA,100,area_code_415,no,yes,0,68.2,84,33.57,160.6,103,30.54,297.0,121,11.71,7.0,5,2.28,1,no
OK,107,area_code_415,yes,yes,27,43.9,100,25.73,235.8,120,15.94,193.9,98,9.98,12.2,3,3.42,1,no
IN,96,area_code_408,no,yes,47,180.3,90,28.5,235.6,138,22.76,227.1,113,10.46,11.4,7,3.4,1,no
GA,172,area_code_408,no,yes,34,106.4,107,34.98,245.4,107,24.63,290.6,115,7.18,8.3,4,2.7,1,no
NY,183,area_code_415,no,no,1,207.9,86,42.4,143.3,112,21.45,274.5,90,12.53,8.1,2,2.53,3,no
AL,9,area_code_415,no,yes,31,64.7,85,35.93,280.0,107,23.88,239.3,116,7.82,7.1,1,2.65,0,no
AR,152,area_code_510,no,yes,39,211.3,104,31.4,181.1,127,21.83,281.4,143,9.05,5.2,2,1.27,1,no
ME,131,area_code_408,no,yes,0,105.7,106,31.59,171.8,113,16.93,215.6,87,8.66,2.7,5,2.89,1,no
CA,124,area_code_415,yes,no,0,117.4,118,28.81,184.8,119,26.51,325.6,131,11.46,5.8,3,2.85,3,yes
MO,91,area_code_408,no,yes,0,169.0,109,29.31,205.0,126,19.23,239.2,123,12.81,0.0,5,2.9,1,yes
RI,141,area_code_415,no,yes,0,59.5,91,26.09,216.5,126,15.15,96.3,92,8.23,12.7,4,3.62,4,no
NH,101,area_code_415,yes,no,0,185.9,103,59.76,192.5,73,21.27,173.7,110,10.72,12.2,5,3.39,1,yes
NE,144,area_code_510,no,no,0,212.4,89,32.74,254.6,103,18.84,203.5,96,10.82,11.9,2,3.23,1,no
NC,102,area_code_415,no,yes,0,145.3,91,48.63,213.6,110,16.85,245.2,100,10.96,10.0,3,2.86,1,no
NH,127,area_code_415,no,no,0,235.9,97,22.78,247.5,96,17.33,240.7,105,8.04,9.9,2,3.08,3,no
NY,78,area_code_415,no,yes,25,177.2,105,33.33,260.7,93,6.93,261.0,112,10.76,11.6,2,3.89,1,no
AR,96,area_code_415,no,yes,42,202.2,87,30.78,158.4,102,17.71,281.2,78,15.17,8.0,6,1.75,0,no
AZ,90,area_code_415,no,yes,22,225.1,105,26.33,229.7,87,21.23,136.8,121,9.07,7.4,1,4.24,1,no
AK,104,area_code_415,no,no,0,278.9,90,23.37,210.9,99,21.98,240.7,108,10.06,7.9,3,2.74,1,no
NH,131,area_code_510,no,no,0,183.2,35,38.59,71.9,126,27.18,202.9,88,11.64,10.4,3,3.25,0,no
NY,70,area_code_415,no,yes,38,228.8,57,23.22,207.0,72,13.69,182.4,128,15.48,14.2,5,2.85,0,no
TN,64,area_code_408,no,no,0,204.8,102,36.2,233.2,124,19.61,206.9,90,9.82,2.0,3,3.4,1,no
HI,104,area_code_415,yes,yes,28,181.3,155,29.93,231.1,135,22.41,228.0,101,8.66,8.3,5,2.87,1,no
AK,192,area_code_415,yes,no,0,168.3,101,22.19,174.2,111,24.76,163.6,80,9.45,9.7,8,3.16,1,no
NY,160,area_code_510,no,no,0,240.3,64,38.95,359.3,78,17.74,304.2,102,9.65,10.9,6,2.46,0,no
OR,100,area_code_415,no,yes,33,167.2,87,39.08,196.6,84,21.57,292.6,59,12.63,8.6,5,1.0,2,no
AR,135,area_code_408,no,yes,34,0.0,118,30.11,162.8,108,12.87,276.5,111,10.99,8.0,2,1.75,2,no
NH,90,area_code_415,yes,yes,25,138.0,111,33.59,112.1,154,23.0,216.7,52,10.01,8.3,3,3.56,1,no
IL,169,area_code_415,no,yes,1,164.2,103,32.8,203.7,100,7.05,212.8,128,10.96,9.2,3,2.5,0,no
NC,168,area_code_415,no,yes,0,165.9,101,29.55,78.6,148,20.84,232.3,95,9.62,9.1,3,2.63,4,yes
MO,226,area_code_415,no,yes,0,148.2,77,25.59,173.0,126,19.04,186.9,119,11.39,13.8,2,5.27,1,no
MI,58,area_code_510,no,no,22,202.1,107,29.13,233.6,121,23.52,195.2,92,8.72,9.5,9,3.84,4,yes
WV,109,area_code_415,no,no,1,238.8,86,40.51,226.9,127,22.56,271.2,94,9.59,12.4,6,2.95,1,yes
CT,123,area_code_408,no,yes,19,109.4,136,31.71,281.3,85,18.57,260.7,127,14.66,9.6,11,2.76,1,no
WI,45,area_code_408,yes,yes,0,170.7,101,23.53,210.2,120,19.13,234.6,94,11.68,11.6,6,1.54,1,no
WY,24,area_code_415,no,yes,0,102.5,117,26.66,132.6,103,19.67,300.0,83,11.29,13.8,3,2.04,1,no
RI,110,area_code_415,no,no,0,176.1,93,28.04,195.1,88,12.21,289.4,77,13.45,8.0,3,3.55,1,no
AR,100,area_code_408,no,yes,30,159.4,109,21.39,201.0,106,16.75,330.3,59,11.14,12.5,3,3.0,1,no
AL,103,area_code_415,no,no,0,254.8,72,38.29,198.7,51,15.59,306.0,93,9.82,6.2,2,3.22,0,no
TX,125,area_code_510,no,no,0,118.2,91,32.19,178.2,155,15.58,271.8,148,7.1,9.4,5,3.61,1,no
NE,101,area_code_408,no,no,0,138.1,108,20.35,80.1,116,18.39,222.6,105,10.43,7.5,3,1.75,4,no
MN,94,area_code_415,no,no,0,166.9,107,17.16,267.3,112,21.04,286.5,130,11.67,9.4,5,4.18,2,no
FL,128,area_code_510,no,no,31,197.1,91,23.32,263.2,99,19.63,287.0,101,10.12,9.8,6,3.71,1,yes
AL,136,area_code_415,yes,yes,0,147.7,74,26.86,137.2,106,10.74,337.6,89,6.29,15.0,10,3.68,6,no
PA,108,area_code_510,no,no,0,171.1,105,32.33,270.4,105,22.04,223.9,141,17.48,11.1,5,2.9,1,yes
VA,227,area_code_510,yes,yes,0,155.1,100,46.4,200.5,105,17.43,253.1,144,15.33,8.5,5,2.2,1,no
MO,122,area_code_415,no,yes,0,138.4,127,17.54,204.3,105,22.8,196.0,76,9.52,11.0,3,3.22,1,no
HI,40,area_code_415,no,no,0,190.8,98,24.7,130.2,93,17.69,254.0,120,9.95,7.9,15,2.75,0,no
IA,91,area_code_510,no,no,0,327.5,95,37.13,131.0,112,13.86,293.3,81,7.52,12.4,10,3.04,1,no
WY,8,area_code_415,no,no,0,218.7,87,35.96,323.5,88,27.68,276.9,113,12.61,6.2,3,3.27,1,no
SD,137,area_code_415,yes,yes,0,145.0,88,34.16,293.5,102,18.86,258.7,106,10.29,8.0,6,2.77,3,no
DE,67,area_code_408,no,no,0,160.8,40,11.57,192.5,110,18.62,293.8,98,7.67,14.8,2,3.21,1,yes
OR,51,area_code_415,no,yes,29,124.6,111,19.78,233.7,90,22.58,192.1,100,8.67,7.6,2,0.0,1,no
NH,142,area_code_415,no,no,0,163.8,87,45.18,171.1,126,19.73,236.2,115,9.89,5.3,4,2.03,1,no
NJ,131,area_code_415,no,no,0,181.3,70,28.31,165.5,155,20.0,177.3,108,8.95,10.1,3,0.47,1,yes
LA,110,area_code_415,no,no,0,169.2,78,22.49,157.1,130,21.35,217.2,122,10.0,7.9,5,2.63,2,no
NE,77,area_code_415,yes,yes,0,188.5,87,35.15,266.3,120,21.09,271.5,105,9.15,4.5,3,3.14,1,no
GA,109,area_code_408,no,yes,39,152.8,84,27.61,201.0,102,18.45,287.1,117,11.43,5.4,6,2.89,1,no
LA,101,area_code_415,no,no,21,230.8,112,23.06,195.1,83,16.11,226.2,97,10.02,11.8,9,2.01,1,no
OR,19,area_code_408,no,no,1,229.5,91,13.0,165.8,137,27.17,138.1,96,10.86,8.2,7,2.91,2,no
MD,122,area_code_408,no,no,0,313.9,50,52.75,259.0,129,19.44,263.8,134,12.04,4.7,2,2.88,1,yes
AK,85,area_code_415,no,yes,21,127.0,88,30.72,231.4,117,18.88,199.5,105,9.08,15.4,5,4.33,0,no
NM,161,area_code_408,no,no,0,123.6,119,22.46,198.6,90,26.55,202.4,122,12.74,10.7,3,4.67,4,no
PA,139,area_code_415,no,no,0,175.1,81,33.18,131.8,123,20.11,274.0,86,9.98,12.1,2,2.86,1,yes
MT,173,area_code_408,no,no,0,162.6,104,39.05,178.5,106,17.63,208.3,116,8.76,7.9,2,2.71,1,no
WY,80,area_code_415,no,yes,0,167.7,115,36.94,306.9,98,26.27,173.8,93,10.71,11.4,1,2.59,1,yes
NH,118,area_code_510,yes,no,0,270.7,134,34.22,176.2,110,18.49,175.6,98,12.63,10.8,9,4.04,6,no
NH,111,area_code_415,no,yes,33,149.8,127,32.24,218.5,124,26.08,248.4,127,15.04,10.3,3,1.91,3,no
VA,144,area_code_415,no,no,24,169.5,74,31.25,142.6,96,11.5,297.4,104,11.23,8.7,7,2.7,1,no
IN,48,area_code_510,no,yes,0,63.7,69,16.58,201.8,111,21.39,167.3,144,7.9,0.0,3,2.66,1,no
UT,136,area_code_415,yes,no,0,208.9,73,32.51,123.1,101,23.55,243.8,115,14.75,8.7,7,2.38,1,no
PA,159,area_code_408,no,yes,0,132.3,68,30.84,263.7,114,25.87,207.1,103,9.69,7.5,4,2.99,2,no
OK,94,area_code_408,no,no,0,162.5,122,37.34,202.3,100,15.77,271.3,106,12.52,5.1,5,1.96,4,no
OK,94,area_code_408,no,yes,0,130.1,114,30.35,202.7,107,21.63,288.0,108,11.63,9.1,2,2.57,1,no
NV,129,area_code_408,no,yes,0,7.8,115,22.91,305.5,124,18.09,271.2,100,14.28,6.3,5,2.46,1,no
IN,162,area_code_415,yes,no,0,205.7,107,35.06,155.5,106,24.71,177.5,87,14.92,8.6,3,2.16,1,yes
AR,90,area_code_510,no,no,0,24.8,124,26.48,124.2,159,14.47,66.0,96,10.11,6.7,2,2.81,1,no
TX,142,area_code_510,yes,no,0,211.8,66,19.74,108.2,141,24.6,224.5,132,11.7,9.0,3,1.84,1,yes
WV,137,area_code_510,no,no,0,223.4,92,42.29,248.8,109,20.7,193.1,74,13.85,13.8,2,3.15,1,no
SD,143,area_code_510,yes,no,0,185.6,96,50.87,160.9,118,15.98,261.3,131,15.43,7.0,2,5.26,1,yes
NE,116,area_code_408,no,yes,42,186.0,76,36.87,119.6,99,22.05,218.2,93,8.37,9.2,4,1.96,1,no
CO,182,area_code_415,no,no,0,169.9,114,47.41,241.1,123,20.0,187.1,102,10.08,6.2,2,3.02,4,no
HI,42,area_code_510,no,yes,40,126.8,94,24.86,199.7,138,13.24,240.7,103,14.42,10.4,3,3.18,1,no
WV,123,area_code_415,no,yes,25,78.1,81,27.47,270.8,114,23.29,208.3,95,8.46,8.5,1,5.02,1,no
MN,55,area_code_415,no,no,37,229.4,102,15.75,126.0,117,19.06,221.0,152,9.94,9.5,2,3.95,1,no
CT,119,area_code_408,no,yes,0,18.9,80,39.93,279.7,97,23.02,226.6,99,14.7,6.7,2,2.63,1,yes
CO,152,area_code_408,no,yes,43,165.5,94,53.65,209.9,113,8.11,206.0,75,11.37,7.5,2,1.23,1,no
OK,80,area_code_415,no,no,36,161.9,111,35.63,234.8,85,19.49,233.7,113,9.1,6.3,5,1.72,4,no
SC,135,area_code_415,yes,no,0,240.6,78,34.54,210.9,111,17.58,217.3,87,8.31,9.9,4,1.98,2,no
DC,112,area_code_415,yes,no,0,153.8,50,39.85,134.9,115,21.55,219.1,100,14.11,7.4,2,3.23,5,no
NJ,18,area_code_415,no,no,0,169.8,112,51.36,205.9,76,22.87,171.9,125,10.41,7.3,2,2.72,1,no
OH,102,area_code_415,no,no,32,286.2,93,31.65,178.4,74,14.07,384.6,98,7.83,11.1,2,2.15,0,no
ME,135,area_code_415,no,yes,1,134.3,113,25.12,180.9,107,18.02,228.8,89,11.79,10.8,6,0.64,1,no
VA,114,area_code_415,no,no,0,251.9,103,39.77,170.1,92,25.37,205.4,112,11.17,7.5,6,2.36,0,no
MS,181,area_code_415,no,yes,0,26.6,132,26.12,159.8,126,23.0,214.7,141,7.96,6.7,2,2.35,3,no
MD,49,area_code_510,no,yes,0,198.1,82,26.26,236.9,105,11.53,232.9,91,11.75,7.9,3,3.22,3,no
WV,89,area_code_408,no,yes,0,0.0,124,17.48,248.2,126,17.94,146.5,110,11.79,11.1,6,2.7,1,no
MN,99,area_code_415,no,no,0,110.3,100,4.57,209.6,126,22.42,207.7,70,11.2,5.0,3,2.28,1,no
KY,62,area_code_510,no,no,46,130.5,74,25.24,236.0,142,21.15,132.3,93,14.73,10.6,5,2.78,2,no
DC,129,area_code_408,no,yes,30,135.9,72,30.9,187.6,131,21.63,154.1,147,7.15,14.8,5,2.98,5,no
MS,217,area_code_415,yes,no,0,257.0,81,33.08,165.8,82,21.14,283.3,136,13.49,8.3,7,2.71,1,no
SC,47,area_code_415,no,no,0,72.7,99,27.23,199.9,115,30.54,169.9,81,9.96,7.4,7,2.79,6,no
GA,51,area_code_408,no,yes,32,129.0,120,39.05,215.7,90,24.01,160.1,103,9.73,9.5,8,3.38,2,no
WY,135,area_code_408,no,yes,0,186.8,129,22.5,166.4,126,17.41,277.5,91,7.61,5.3,2,2.5,1,no
IA,1,area_code_415,no,yes,41,110.0,128,37.16,192.5,129,12.54,222.8,58,10.1,11.9,8,3.78,1,no
LA,134,area_code_415,no,no,0,149.1,113,18.66,231.2,107,30.53,178.5,101,13.31,8.7,5,2.65,3,no
NH,150,area_code_415,no,yes,37,202.9,105,37.22,201.6,126,12.58,249.4,95,12.27,9.8,2,3.25,1,no
VA,147,area_code_510,no,no,0,218.2,92,27.96,154.7,106,19.15,238.1,164,11.76,8.2,5,3.01,1,no
IA,75,area_code_415,no,yes,23,113.7,126,35.97,269.4,105,17.58,270.2,131,6.91,7.6,3,2.3,1,no
MO,63,area_code_415,no,yes,1,299.6,96,16.83,250.4,118,18.74,295.8,119,12.64,7.4,5,4.71,1,no
HI,69,area_code_415,yes,yes,27,166.0,66,32.7,264.5,130,14.55,225.7,94,10.69,4.7,3,2.59,1,no
AL,98,area_code_408,no,yes,42,166.4,123,32.26,110.6,118,18.81,218.7,111,10.22,4.9,6,2.68,1,no
MT,81,area_code_415,no,no,0,214.8,84,42.34,184.0,98,20.66,172.4,91,13.36,9.8,2,2.44,1,yes
OK,133,area_code_408,no,yes,0,159.6,82,21.35,199.4,168,13.81,206.5,87,9.23,10.3,4,3.25,1,no
PA,174,area_code_415,no,yes,0,154.8,72,29.41,242.0,98,16.7,256.6,123,8.78,6.9,3,1.58,1,no
ID,128,area_code_415,no,no,0,134.5,90,42.38,199.8,125,24.01,213.0,73,11.01,9.9,1,1.52,1,yes
DC,71,area_code_415,no,yes,33,202.9,73,25.59,218.7,105,17.29,159.8,145,10.03,9.9,4,4.04,4,no
AR,21,area_code_408,yes,yes,27,219.0,125,26.66,206.0,94,17.9,108.5,121,13.28,2.3,3,2.85,3,no
RI,153,area_code_408,yes,yes,21,193.5,106,28.78,205.1,94,17.51,252.0,98,12.84,8.9,7,3.48,0,no
CA,120,area_code_408,no,yes,27,185.8,109,21.46,293.0,80,10.35,91.6,126,14.1,7.8,5,2.16,4,no
MN,35,area_code_415,no,yes,28,274.4,104,44.15,161.0,116,26.81,228.9,97,12.5,4.2,2,3.66,1,no
ME,167,area_code_415,no,no,0,193.5,106,36.71,285.4,111,17.04,248.7,112,11.73,5.7,2,2.2,2,no
IA,97,area_code_408,no,no,0,291.3,116,33.18,82.7,92,18.15,241.1,133,9.91,16.2,3,3.09,1,no
NH,97,area_code_415,no,no,0,109.6,88,25.93,110.9,101,22.1,202.8,110,8.98,0.9,3,2.06,1,yes
WV,82,area_code_415,no,no,0,151.0,110,23.04,171.4,78,19.56,189.9,127,9.96,10.7,7,3.11,2,no
AZ,119,area_code_408,no,yes,48,88.8,114,39.81,217.3,132,22.09,284.9,98,13.41,8.8,6,2.48,1,no
NC,64,area_code_415,no,no,0,312.9,100,16.78,210.2,100,21.17,280.4,87,12.42,5.2,4,3.73,2,no
NC,136,area_code_408,no,yes,39,282.3,64,38.38,313.0,103,21.61,206.1,94,10.23,12.2,7,2.63,1,no
NV,95,area_code_415,yes,yes,37,81.2,97,35.07,211.9,91,17.55,251.0,79,6.9,10.7,6,2.93,1,no
TX,103,area_code_415,no,yes,0,195.1,71,18.75,167.1,68,19.25,263.0,140,9.48,10.6,2,2.02,3,no
GA,144,area_code_510,no,no,0,86.4,95,25.07,273.5,93,22.87,283.8,125,14.19,5.7,6,1.77,1,no
SD,179,area_code_408,no,yes,0,135.2,90,49.76,180.8,85,21.02,258.7,124,11.37,6.6,2,3.17,1,no
MO,114,area_code_415,no,yes,38,150.4,100,26.91,263.5,146,18.12,199.4,106,9.23,10.3,5,2.92,4,no
ND,81,area_code_415,no,no,0,88.3,118,14.34,193.1,130,19.57,255.1,117,12.47,7.7,3,2.17,1,no
DC,90,area_code_510,yes,no,0,3.7,84,22.95,214.3,109,24.61,185.4,69,9.66,9.2,5,2.82,4,no
TN,15,area_code_415,yes,yes,31,15.7,85,31.88,196.2,102,19.45,291.7,117,9.85,8.2,3,3.44,1,no
NV,120,area_code_510,no,no,0,159.7,96,27.54,191.4,86,22.26,190.6,124,8.46,10.7,14,2.64,2,no
WY,114,area_code_408,no,no,0,159.8,112,34.91,215.7,89,14.45,211.9,106,9.45,10.1,6,3.17,1,yes
WY,199,area_code_415,no,yes,0,54.3,101,38.65,291.7,118,22.27,291.9,84,12.47,10.1,3,2.05,4,no
PA,165,area_code_415,no,no,0,0.0,63,12.87,287.8,135,20.7,198.6,108,10.0,10.5,14,2.0,1,yes
CT,97,area_code_415,no,no,0,208.0,114,50.24,155.5,124,22.65,264.0,98,13.35,9.7,5,2.14,1,no
MO,122,area_code_415,no,yes,0,125.0,93,34.21,193.0,93,20.3,308.5,125,12.51,6.9,5,3.37,3,no
KS,98,area_code_415,yes,no,38,169.1,95,27.81,254.1,63,22.22,250.2,123,7.67,8.2,5,1.02,1,no
MS,179,area_code_415,no,no,0,222.6,69,28.14,319.8,99,19.48,264.7,134,14.89,4.5,5,3.66,1,no
MA,121,area_code_408,yes,yes,0,194.4,73,25.41,297.7,103,15.98,221.3,110,13.05,14.8,2,2.29,3,no
RI,180,area_code_415,no,yes,34,190.9,104,23.66,240.5,106,25.8,302.7,93,6.75,12.6,3,3.3,2,no
NH,188,area_code_510,yes,no,0,240.4,102,28.93,321.8,127,22.68,263.2,92,10.32,10.1,5,3.66,0,no
AZ,134,area_code_408,no,no,0,309.2,112,26.4,180.9,103,16.84,174.6,135,12.16,10.7,5,2.63,1,no
AL,143,area_code_408,no,no,0,121.6,87,28.82,199.6,108,18.16,223.2,107,14.04,7.3,2,3.05,2,no
NJ,138,area_code_408,no,no,0,169.1,115,19.83,175.7,85,23.56,280.9,107,13.94,17.4,2,2.94,1,no
SD,144,area_code_415,yes,no,0,226.6,38,41.2,189.4,144,18.66,249.5,88,8.26,7.9,3,5.07,1,yes
MO,118,area_code_415,yes,no,0,195.2,98,43.05,144.7,102,18.43,169.4,119,7.31,14.3,5,3.71,1,yes
AR,96,area_code_415,no,yes,0,180.0,124,28.68,140.1,114,13.78,161.4,96,14.29,6.5,3,4.83,1,no
ID,158,area_code_510,no,no,0,136.4,91,38.42,230.8,111,18.27,77.2,135,10.46,7.4,2,3.25,1,no
GA,144,area_code_415,no,yes,34,150.4,134,15.89,210.0,131,23.68,241.5,63,10.17,9.5,2,2.48,4,no
CA,134,area_code_415,no,yes,0,191.4,72,33.2,192.6,129,15.93,262.5,108,15.29,9.1,5,5.16,1,no
KY,229,area_code_415,no,yes,31,115.9,82,47.07,245.5,109,19.63,195.6,133,9.49,2.5,3,2.58,0,yes
TX,101,area_code_408,no,no,0,272.3,105,18.24,112.2,116,22.16,171.3,115,9.48,9.5,3,2.9,4,no
DE,171,area_code_510,no,no,1,242.8,80,33.57,122.5,95,14.83,208.9,102,11.3,9.1,3,2.07,0,no
RI,79,area_code_415,no,no,0,175.2,132,31.37,171.1,123,15.63,196.0,94,10.41,8.1,3,2.64,1,no
VT,109,area_code_408,no,yes,31,156.6,108,33.5,141.5,122,14.62,209.9,83,8.22,8.6,4,2.65,1,no
IL,3,area_code_408,no,no,0,87.3,87,19.68,231.5,60,26.92,285.1,90,14.33,5.9,2,2.61,2,no
IL,130,area_code_408,no,no,0,104.9,94,24.51,259.2,136,24.57,317.3,115,12.6,8.2,3,1.79,1,no
MA,115,area_code_415,no,no,0,127.4,107,41.89,287.4,140,24.67,202.2,69,14.21,4.4,2,1.51,2,no
NY,95,area_code_415,yes,no,0,254.6,101,37.12,288.7,85,24.59,178.0,86,11.45,13.5,7,2.83,4,no
DE,169,area_code_510,no,yes,39,127.6,69,40.85,279.0,69,27.62,274.9,121,13.43,13.1,2,1.33,1,no
SC,126,area_code_408,no,no,0,219.8,123,21.65,248.1,92,24.78,226.4,103,15.61,8.6,5,1.91,1,no
NH,45,area_code_408,no,yes,39,30.2,123,29.49,224.2,113,19.31,233.0,95,13.55,7.4,8,1.68,3,no
CO,94,area_code_415,no,no,0,155.1,128,28.07,177.7,112,23.34,228.3,109,10.12,2.7,5,3.75,1,no
MA,71,area_code_415,no,yes,23,132.1,83,16.42,87.2,129,15.99,185.5,63,17.77,4.7,3,4.52,1,no
MA,123,area_code_415,no,yes,30,222.1,116,37.56,161.5,112,17.28,261.5,88,11.87,7.3,2,3.05,4,no
AL,52,area_code_408,no,yes,0,87.3,119,55.3,174.1,132,23.55,202.1,93,9.57,4.8,6,4.92,1,no
TN,104,area_code_408,yes,yes,0,279.6,110,27.16,167.6,139,15.76,189.2,102,16.86,12.3,3,2.78,1,no
GA,44,area_code_510,no,no,0,68.1,98,30.84,100.8,70,10.59,185.4,121,12.76,3.3,4,3.04,1,no
MT,108,area_code_408,no,yes,0,97.8,72,19.67,246.4,86,13.89,266.4,91,15.16,8.8,6,3.56,1,no
UT,97,area_code_415,no,yes,37,195.0,109,38.42,176.8,117,18.86,221.5,88,13.38,5.5,5,1.93,1,no
CO,140,area_code_415,no,no,0,125.2,82,31.75,143.1,123,13.52,290.7,77,11.99,7.2,5,2.69,0,no
AR,74,area_code_408,no,yes,47,158.0,118,37.31,209.9,114,25.92,184.9,86,12.02,4.5,6,3.05,1,no
CA,136,area_code_415,no,no,26,135.2,64,27.5,214.9,114,19.91,249.5,103,9.06,9.8,1,2.98,1,yes
ME,184,area_code_510,no,no,0,214.7,81,28.0,152.5,142,17.27,193.9,113,7.89,6.0,5,2.01,2,yes
NH,103,area_code_415,no,yes,0,126.5,119,29.36,172.7,113,27.32,258.9,86,9.06,12.9,3,1.03,1,no
NH,99,area_code_510,yes,yes,0,101.0,111,17.45,248.6,121,8.19,270.8,129,10.21,8.6,5,2.92,1,no
CA,206,area_code_408,yes,no,0,87.8,67,28.76,173.8,144,13.69,194.3,150,11.89,12.4,3,2.07,1,no
MT,97,area_code_415,no,no,0,243.9,105,22.91,222.1,111,18.65,221.2,60,11.12,7.9,7,3.7,4,yes
GA,23,area_code_510,no,yes,34,92.3,84,15.77,145.7,124,21.11,187.7,69,12.12,4.3,6,3.1,1,no
AR,28,area_code_415,no,no,0,190.6,99,28.74,232.7,131,20.39,54.8,115,9.25,9.6,2,2.68,2,no
NC,99,area_code_408,no,no,0,155.9,121,25.71,252.8,102,27.42,237.0,84,13.79,7.5,4,2.54,2,no
GA,155,area_code_408,yes,yes,26,85.9,130,36.94,98.2,112,18.96,145.0,74,10.65,4.5,5,2.99,1,no
UT,110,area_code_415,no,yes,0,334.2,96,17.04,160.7,116,23.32,261.4,141,13.42,5.9,2,3.15,1,no
MA,73,area_code_510,no,yes,51,147.4,114,25.81,227.6,118,20.87,174.1,124,15.14,7.2,2,2.54,1,no
WV,208,area_code_415,no,no,43,80.1,96,44.19,184.1,121,17.73,178.0,115,6.51,9.3,3,2.31,1,no
NM,110,area_code_415,no,no,0,134.9,70,29.35,165.8,110,15.23,208.3,101,9.45,9.6,3,2.53,1,no
AZ,76,area_code_415,no,no,0,136.5,132,14.95,165.3,100,10.8,205.0,95,12.39,10.8,8,2.11,1,no
KY,183,area_code_415,no,no,0,295.6,104,45.07,268.9,122,21.93,218.9,132,8.29,12.3,4,2.63,1,no
MA,123,area_code_415,no,yes,37,99.7,98,7.57,118.2,83,17.59,131.9,89,6.3,9.5,4,2.58,1,no
AK,105,area_code_408,no,no,0,184.7,109,29.23,323.5,118,26.69,216.4,93,15.08,5.1,7,3.42,3,no
VT,195,area_code_415,no,yes,33,185.4,149,32.15,269.4,94,8.07,233.8,110,13.37,12.8,5,2.35,1,no
NH,197,area_code_510,yes,no,0,105.9,95,27.48,146.9,135,16.3,156.6,102,8.0,11.6,5,2.98,1,yes
OR,144,area_code_408,no,yes,40,78.9,117,24.1,234.2,76,18.59,250.6,90,13.59,8.4,4,2.23,5,no
MD,109,area_code_408,no,yes,41,239.2,109,47.63,68.4,104,18.65,129.3,106,10.17,7.3,3,2.72,1,no
NE,134,area_code_510,no,no,35,204.5,77,32.7,151.7,122,20.04,302.7,87,9.31,6.3,2,1.61,4,no
IL,201,area_code_408,no,no,0,219.3,103,26.47,152.9,104,9.08,256.0,115,10.75,8.3,3,2.05,1,no
TX,73,area_code_415,yes,no,0,173.8,93,52.39,307.1,145,24.65,240.8,122,9.33,10.3,2,2.57,4,yes
MT,75,area_code_415,no,no,0,301.4,115,44.87,351.2,90,19.25,332.4,118,12.42,9.4,5,2.72,0,no
DE,67,area_code_408,no,yes,1,144.6,91,16.06,192.4,117,25.14,119.2,104,11.13,10.3,2,1.12,2,no
NE,77,area_code_415,no,yes,0,156.1,92,34.93,155.2,151,11.56,234.8,114,7.96,12.0,5,2.65,1,no
KS,168,area_code_415,no,no,18,28.4,121,30.09,116.8,131,19.0,276.8,110,12.15,9.6,2,3.84,1,no
DE,66,area_code_415,no,no,0,168.4,81,26.81,214.2,129,20.0,175.6,108,13.99,11.2,2,3.5,3,no
VA,35,area_code_408,no,yes,48,145.7,89,27.28,175.7,145,27.41,228.5,91,11.31,7.6,5,1.71,2,no
OK,65,area_code_415,no,yes,0,110.0,93,28.18,259.5,141,18.39,214.7,75,11.95,7.2,3,4.6,2,no
NC,80,area_code_408,no,no,0,38.6,95,24.3,152.4,110,13.79,257.7,134,12.01,11.0,2,4.3,1,no
OH,167,area_code_415,no,no,46,130.2,89,19.5,266.9,102,16.68,204.1,96,11.64,11.3,2,2.62,1,no
IN,141,area_code_415,no,no,0,155.3,61,12.57,276.3,106,18.75,144.5,131,14.79,5.4,4,1.49,1,no
AR,159,area_code_415,no,yes,37,122.5,94,36.66,236.6,139,19.71,152.1,100,11.47,11.1,6,2.84,1,no
RI,106,area_code_415,no,no,0,291.0,93,42.24,199.7,117,17.72,337.0,96,7.16,14.4,5,2.74,2,no
TX,25,area_code_408,yes,yes,0,129.7,85,27.17,241.2,128,30.54,267.2,85,13.26,9.3,2,2.95,7,yes
ME,140,area_code_510,no,no,0,43.6,135,22.16,253.4,99,17.61,250.9,155,13.81,9.4,2,3.15,1,yes
SD,68,area_code_510,no,no,0,217.6,116,21.1,110.0,106,13.35,194.8,110,12.1,7.9,2,2.02,1,no
OR,209,area_code_510,no,no,26,145.7,137,32.06,182.0,99,14.63,215.6,137,8.83,3.8,3,2.55,4,no
MI,55,area_code_415,no,no,0,246.4,105,31.0,308.9,73,20.16,206.2,114,10.57,7.8,4,4.03,0,no
NH,115,area_code_408,yes,no,0,217.7,108,33.87,279.7,108,19.75,342.6,74,14.94,10.8,10,3.28,1,no
NM,217,area_code_408,no,yes,22,111.0,87,30.11,233.5,112,26.15,208.4,84,11.08,12.9,3,0.65,4,no
IN,157,area_code_510,yes,no,0,150.7,48,36.77,79.2,98,20.0,245.2,138,10.07,14.6,3,0.93,1,yes
MA,95,area_code_408,no,yes,45,188.0,96,21.44,273.2,137,22.47,229.0,92,6.35,15.1,9,3.11,1,no
KY,114,area_code_415,yes,yes,0,40.7,100,29.09,212.3,116,18.47,179.1,105,13.8,7.8,6,3.75,1,no
ME,100,area_code_415,no,no,0,166.3,62,18.45,161.1,152,23.45,191.2,128,10.47,10.1,2,1.85,0,no
DE,174,area_code_415,no,no,0,237.8,97,56.2,305.1,112,17.85,205.3,102,11.62,10.0,3,2.41,2,no
IL,158,area_code_415,no,yes,38,109.6,80,33.01,197.6,108,23.47,300.0,108,11.18,4.1,3,3.24,0,no
KY,114,area_code_408,no,no,0,139.7,127,25.75,309.8,138,19.58,222.9,121,10.7,7.3,10,1.93,1,no
NM,100,area_code_408,no,yes,25,154.4,120,30.1,228.6,101,18.68,299.2,100,12.94,9.1,3,1.89,1,no
MS,14,area_code_415,no,yes,34,146.2,84,24.77,311.0,112,13.69,130.9,109,15.77,5.8,2,2.13,2,no
CO,150,area_code_415,no,yes,0,86.8,98,29.3,146.0,98,17.38,275.3,98,9.67,4.1,5,3.1,0,no
WV,28,area_code_510,no,no,0,218.3,76,36.63,163.0,89,18.1,274.7,71,13.9,8.9,1,2.11,2,yes
KS,61,area_code_510,no,no,0,0.0,107,34.85,214.6,127,23.5,232.9,103,14.26,10.3,3,3.31,1,no
AR,129,area_code_510,no,no,1,196.4,67,27.53,179.9,83,29.01,55.2,86,12.52,11.9,6,2.22,4,no
ID,120,area_code_415,no,no,0,93.9,90,33.17,216.6,104,12.63,333.4,95,9.24,12.4,5,4.5,1,no
NJ,243,area_code_415,no,no,32,273.1,65,50.96,141.7,121,19.31,251.2,129,11.46,5.8,1,4.63,1,no
MS,129,area_code_415,no,yes,44,225.4,128,37.85,52.3,137,1.2,201.7,120,9.12,8.6,3,1.26,1,no
DC,59,area_code_408,no,no,0,132.8,79,30.62,133.4,140,21.62,197.8,118,9.29,9.2,2,4.59,2,no
MO,161,area_code_415,no,no,1,267.2,106,34.74,226.1,136,22.27,151.8,75,10.61,12.9,7,3.08,1,no
OK,147,area_code_415,yes,yes,42,191.8,119,43.8,154.7,117,21.92,208.4,113,12.68,11.6,0,1.87,4,yes
MD,168,area_code_510,no,yes,30,174.7,43,32.78,128.0,103,21.57,141.2,105,8.53,12.4,1,2.3,1,no
MT,110,area_code_415,no,no,0,199.6,86,31.15,216.3,113,28.7,189.0,113,10.98,7.6,8,3.12,1,no
SC,50,area_code_415,no,no,0,125.5,121,34.22,201.9,112,13.71,234.0,55,15.96,8.2,2,3.82,2,no
NE,109,area_code_415,no,yes,37,242.0,73,40.28,220.6,104,22.2,210.6,77,12.99,11.1,3,3.82,2,no
KY,209,area_code_415,no,yes,32,198.9,92,32.99,246.3,87,17.07,215.0,133,15.34,12.6,9,2.0,1,no
AL,130,area_code_415,no,no,0,213.3,78,31.36,205.1,110,18.29,361.4,132,12.98,11.9,2,2.49,1,no
UT,91,area_code_415,yes,yes,30,240.7,90,27.13,187.7,156,18.19,219.2,108,9.51,8.6,4,2.3,1,no
KS,32,area_code_415,yes,no,0,162.3,82,26.94,237.5,92,18.22,190.2,103,15.78,7.2,2,3.26,1,no
OR,164,area_code_408,no,yes,39,136.5,85,38.34,153.1,134,12.96,264.7,70,12.25,10.4,3,2.52,1,no
SD,105,area_code_415,yes,no,0,214.0,106,28.71,325.0,115,19.38,259.8,132,12.79,2.5,3,3.98,1,yes
DE,136,area_code_415,no,no,0,206.2,111,38.73,211.3,111,22.97,248.6,92,11.91,14.2,3,2.38,0,yes
MO,192,area_code_415,yes,no,0,197.0,86,37.8,246.4,105,27.26,203.9,78,11.41,11.4,2,1.38,6,no
WI,51,area_code_415,no,yes,29,146.2,74,22.91,272.7,110,20.75,306.8,103,10.39,9.4,3,2.79,1,no
RI,94,area_code_415,no,no,1,158.8,61,32.67,178.7,137,19.02,173.9,94,12.04,7.7,2,2.79,3,no
KS,131,area_code_415,yes,yes,0,181.9,111,29.84,280.9,100,10.23,91.8,116,13.02,8.5,5,2.8,0,no
NY,77,area_code_415,no,no,0,254.2,113,38.51,234.3,79,20.54,247.3,98,12.97,7.0,6,3.0,1,yes
OR,124,area_code_415,no,yes,36,123.6,111,8.29,85.2,103,18.73,170.0,130,10.71,11.6,7,2.17,4,no
NE,9,area_code_415,no,yes,25,143.1,118,30.43,146.8,137,20.05,188.0,98,8.5,2.7,6,2.46,1,no
CA,106,area_code_415,yes,yes,0,196.9,70,21.45,170.0,94,21.75,315.3,104,8.67,6.9,5,4.53,1,yes
AL,121,area_code_415,no,yes,30,86.3,110,27.4,208.4,99,23.38,264.8,110,10.88,6.6,5,0.99,1,no
MN,97,area_code_415,no,yes,45,145.5,113,30.87,239.2,127,23.89,322.0,99,13.36,4.5,2,4.1,6,no
TX,55,area_code_415,no,no,0,144.2,98,28.1,192.4,141,21.37,336.7,101,11.8,1.1,6,3.01,0,no
NH,102,area_code_415,no,yes,36,123.8,94,35.17,258.6,131,13.38,191.2,90,12.64,8.1,2,2.1,1,no
WV,185,area_code_510,no,yes,0,143.3,113,33.26,181.3,89,16.5,274.5,113,13.35,6.7,4,2.37,3,no
ME,151,area_code_408,no,no,0,194.7,101,38.36,160.0,98,10.58,237.9,91,12.8,14.1,2,0.79,0,no
RI,218,area_code_415,no,yes,0,205.9,109,29.87,93.9,79,19.69,247.0,72,12.2,11.9,8,1.26,1,no
OR,125,area_code_510,no,yes,14,12.1,115,14.72,216.7,103,21.26,137.6,98,12.04,7.4,4,3.33,1,no
MT,168,area_code_510,no,no,1,180.8,94,34.93,178.2,116,19.28,205.9,56,9.51,4.8,3,2.99,1,no
MN,70,area_code_408,no,no,0,194.3,84,16.46,247.2,66,19.88,253.8,91,11.6,13.8,3,1.92,5,no
NY,78,area_code_510,no,yes,0,244.3,86,34.49,321.8,94,19.87,194.3,117,12.99,7.9,3,2.83,1,no
AK,20,area_code_415,no,yes,39,128.3,135,41.5,97.3,111,13.67,173.1,95,9.54,10.3,2,2.9,2,no
IA,91,area_code_415,no,yes,0,158.8,116,29.76,247.9,141,14.12,228.0,101,8.78,13.8,4,2.64,1,no
NM,71,area_code_415,no,yes,41,170.4,114,49.95,107.7,119,24.86,148.8,84,9.73,13.9,11,3.02,1,no
CT,99,area_code_415,no,no,0,178.5,113,26.04,278.3,91,19.8,292.8,104,9.54,6.2,5,2.22,3,no
CT,93,area_code_510,no,yes,31,122.2,90,40.52,222.8,102,23.05,154.0,100,8.91,11.5,2,3.16,3,no
VT,70,area_code_415,no,no,0,220.5,128,24.01,185.5,109,20.89,306.7,143,12.43,11.5,5,2.91,1,no
AK,160,area_code_408,no,yes,0,135.1,104,25.07,254.5,94,21.66,259.1,108,6.93,11.8,4,2.24,0,no
OK,95,area_code_408,no,no,0,183.8,136,42.19,135.1,134,13.54,299.5,92,10.59,8.7,8,2.21,1,no
SD,96,area_code_408,no,yes,0,157.4,83,25.44,209.8,83,14.82,306.9,108,16.43,9.5,2,3.09,1,no
ID,125,area_code_415,no,yes,34,144.8,102,28.28,287.7,123,20.69,207.2,119,10.27,5.3,3,2.04,1,no
KY,95,area_code_510,no,no,0,123.4,97,34.89,185.9,120,21.31,276.3,96,11.9,5.2,2,0.0,1,no
CA,117,area_code_415,no,yes,35,82.4,101,26.45,241.8,108,22.83,240.1,120,9.84,10.7,4,2.12,6,no
OK,85,area_code_415,yes,no,0,119.1,85,40.55,146.8,118,15.83,294.4,119,9.19,4.0,5,3.31,4,no
AZ,154,area_code_510,no,no,0,170.5,100,22.23,60.7,111,22.86,249.5,117,16.95,8.0,2,3.21,3,no
RI,174,area_code_415,no,no,1,141.5,85,34.22,324.7,111,23.16,180.3,144,9.33,4.5,5,2.41,4,no
TN,172,area_code_415,no,no,0,212.2,92,26.79,241.1,109,24.73,218.5,104,14.17,5.2,2,3.39,2,yes
AL,40,area_code_415,no,yes,0,149.1,147,50.51,175.1,114,19.35,179.4,98,13.09,9.6,5,3.9,7,yes
DE,148,area_code_415,no,yes,1,128.9,96,23.9,253.4,117,18.07,128.7,120,11.24,11.4,7,2.83,1,no
KY,88,area_code_408,no,no,0,170.8,108,15.06,273.5,94,20.43,221.6,33,14.99,6.5,3,2.08,0,no
ID,122,area_code_415,yes,no,0,170.4,106,23.3,285.4,126,27.55,282.9,113,14.7,5.7,3,3.24,1,yes
GA,81,area_code_415,yes,no,0,166.8,114,33.46,199.1,106,18.82,197.3,129,11.8,4.7,3,2.33,3,no
FL,107,area_code_408,no,yes,39,180.2,118,9.17,251.1,95,13.83,158.1,99,9.29,7.2,3,2.1,3,no
IL,116,area_code_408,no,yes,36,222.0,96,50.69,168.2,97,21.6,221.8,114,11.49,8.5,0,1.9,1,no
CT,53,area_code_415,no,no,0,235.2,109,22.78,159.2,114,20.63,225.6,96,14.8,6.1,5,3.83,0,no
LA,22,area_code_408,yes,no,0,36.6,130,35.74,229.7,145,17.54,237.3,52,14.45,7.1,3,2.39,2,no
NH,42,area_code_510,yes,no,30,275.2,98,26.87,241.6,111,23.77,287.9,90,9.72,6.2,4,2.57,4,yes
CA,26,area_code_415,yes,yes,41,195.0,127,34.72,249.8,106,16.2,239.8,113,10.47,9.0,5,1.92,3,no
OR,79,area_code_510,no,no,0,209.5,111,42.9,196.6,110,18.94,218.7,111,11.26,9.8,2,2.42,1,no
NE,151,area_code_415,no,no,0,284.8,81,33.71,133.1,130,19.61,210.0,127,13.53,5.1,2,3.33,1,yes
CT,173,area_code_415,no,yes,1,121.2,67,33.72,256.7,129,19.38,205.1,100,14.79,10.4,9,2.83,1,no
AR,72,area_code_415,yes,yes,46,129.3,64,30.41,182.7,138,9.87,280.2,89,9.28,9.1,6,3.3,5,no
TN,131,area_code_408,no,yes,32,199.4,76,46.15,173.4,111,12.25,140.9,114,11.38,10.6,2,3.84,2,no
NV,157,area_code_415,no,yes,0,185.2,65,35.18,133.6,122,14.7,190.6,112,9.24,10.3,2,2.93,2,no
GA,58,area_code_408,no,yes,1,89.0,118,16.28,167.0,129,13.84,213.2,123,11.68,7.7,1,2.57,1,no
GA,54,area_code_408,no,yes,0,185.7,115,23.39,232.2,121,16.7,201.3,102,10.25,9.9,1,1.01,1,no
NE,91,area_code_408,no,yes,41,177.0,78,24.55,223.4,107,16.5,217.5,130,10.29,5.8,4,3.15,0,no
OR,218,area_code_510,no,yes,0,215.7,106,26.69,168.0,126,23.42,174.6,130,12.85,9.7,5,2.9,4,yes
AZ,183,area_code_408,no,no,22,206.7,97,30.19,171.5,135,21.65,137.1,80,10.26,1.0,3,3.17,4,no
AZ,67,area_code_415,no,no,0,124.3,68,42.4,263.4,91,27.87,131.2,85,9.12,12.7,2,3.66,2,no
NH,168,area_code_510,no,no,0,228.7,70,32.81,133.9,56,18.55,256.2,118,10.16,11.5,3,2.48,1,no
WV,103,area_code_408,no,yes,27,67.0,115,23.17,167.6,118,30.54,184.9,75,10.72,12.3,3,3.0,3,no
NH,109,area_code_415,no,no,0,279.0,106,45.03,245.6,71,16.07,203.0,130,10.77,12.8,3,2.37,5,no
RI,185,area_code_415,no,yes,0,156.6,115,38.04,207.5,118,12.53,271.9,101,14.42,7.7,5,3.43,1,no
MS,136,area_code_408,no,no,46,139.6,92,21.03,186.6,86,15.53,210.0,54,12.12,7.4,3,3.93,0,no
KY,127,area_code_415,no,yes,0,133.9,85,29.4,121.1,81,21.14,192.5,74,13.14,9.8,3,3.59,0,no
AZ,64,area_code_415,no,no,0,140.6,130,12.57,211.0,109,25.24,227.1,134,11.18,5.1,3,3.64,1,no
ME,222,area_code_415,no,no,0,64.5,111,43.22,215.0,82,18.93,224.7,72,15.62,4.8,3,3.61,1,no
HI,110,area_code_408,no,yes,47,200.3,107,18.7,120.5,117,21.63,209.2,138,10.62,7.1,4,2.72,1,no
ND,109,area_code_408,no,yes,45,150.9,153,53.61,151.2,95,23.74,305.0,99,6.6,6.4,10,2.49,1,no
WV,148,area_code_510,no,no,25,327.2,86,31.14,132.5,97,15.54,306.4,111,10.6,0.0,2,2.84,1,no
VT,90,area_code_510,no,no,40,238.0,95,36.58,202.9,92,19.96,276.4,137,12.38,4.5,3,2.29,3,no
IN,110,area_code_510,yes,no,0,120.0,116,29.3,260.8,121,20.47,182.6,110,11.28,12.3,3,2.98,1,no
WV,78,area_code_408,no,yes,32,314.5,110,46.18,343.4,96,19.74,235.2,76,13.14,8.8,4,4.67,1,yes
NH,116,area_code_408,no,no,0,177.8,94,32.14,220.7,120,20.36,334.7,96,15.98,14.9,3,4.41,0,no
DC,165,area_code_415,no,yes,14,0.0,98,21.96,276.9,92,20.11,240.5,112,12.28,6.4,2,2.46,3,no
SD,96,area_code_408,yes,no,0,261.3,88,42.64,228.3,100,22.53,272.5,89,8.22,11.5,5,3.89,1,yes
TN,151,area_code_510,no,no,0,248.4,87,30.55,183.1,138,22.61,181.0,96,9.85,7.8,3,2.72,1,yes
MN,122,area_code_415,no,no,0,112.9,101,15.09,185.4,113,21.7,256.9,128,8.5,11.6,4,2.47,1,no
GA,98,area_code_415,no,yes,32,191.8,123,16.4,183.7,125,23.75,198.7,81,11.59,4.4,7,3.64,1,no
AZ,134,area_code_408,no,no,0,313.8,119,36.77,211.1,110,16.59,228.4,134,11.27,10.0,2,3.07,0,no
IN,95,area_code_415,no,no,0,211.3,109,35.27,154.7,121,24.24,272.0,66,10.68,8.5,3,3.17,0,no
NC,146,area_code_415,yes,no,0,188.2,66,32.9,204.7,133,22.71,223.2,108,13.29,11.1,2,2.67,1,yes
OR,120,area_code_415,no,yes,25,185.4,104,18.66,176.2,93,22.62,241.8,131,10.09,9.6,2,4.04,0,no
CA,91,area_code_415,no,no,0,98.2,100,38.05,129.9,151,22.76,83.1,110,8.92,3.9,4,2.48,1,no
NJ,37,area_code_415,yes,no,0,73.9,104,29.72,277.5,116,22.8,176.9,94,10.66,9.2,5,2.53,4,no
AL,80,area_code_415,no,no,0,173.8,88,20.22,290.7,125,9.51,165.9,105,8.28,6.2,5,3.17,1,no
OR,110,area_code_415,no,yes,0,146.9,131,31.87,256.6,82,19.21,186.7,107,12.03,8.8,5,3.41,1,no
MN,112,area_code_408,no,yes,40,151.9,109,26.11,279.7,94,23.26,258.7,109,9.74,8.3,3,2.34,2,yes
OK,95,area_code_415,no,no,0,185.8,103,35.59,271.6,84,5.8,183.6,98,9.49,6.1,5,3.72,1,no
MD,146,area_code_408,no,yes,0,231.9,95,38.81,125.4,120,13.38,219.4,123,13.77,1.7,5,2.76,2,no
CO,93,area_code_415,yes,yes,0,247.5,111,26.43,128.5,118,20.31,246.1,120,10.99,11.6,5,2.45,1,no
NJ,95,area_code_415,no,no,0,141.8,102,15.76,303.9,104,25.69,221.7,98,9.71,5.9,5,1.45,2,no
AZ,90,area_code_510,no,yes,33,137.7,78,13.78,162.8,112,22.32,246.4,142,9.47,6.5,3,3.35,2,no
PA,119,area_code_510,no,no,0,87.0,102,23.99,158.4,123,17.08,277.4,157,13.77,4.3,2,1.77,1,no
NY,140,area_code_415,no,no,0,74.8,102,30.86,217.9,137,20.21,167.4,116,10.07,5.1,3,3.03,1,no
IL,79,area_code_510,no,yes,41,174.9,90,25.53,187.0,160,18.49,192.5,63,11.89,10.8,6,2.69,4,no
SC,139,area_code_408,no,no,33,181.1,118,26.75,112.6,87,26.01,148.7,157,11.6,7.7,5,2.06,1,no
MO,144,area_code_415,no,yes,0,206.7,88,42.76,164.3,133,21.27,202.6,107,9.6,13.8,2,3.02,1,yes
WI,169,area_code_415,no,no,0,41.6,60,41.24,238.0,107,16.2,185.9,89,12.07,11.1,16,2.59,1,no
TN,89,area_code_510,no,yes,32,264.1,106,12.46,270.5,100,14.66,204.3,141,11.89,13.0,3,2.19,1,no
UT,177,area_code_415,no,no,0,165.4,97,24.83,184.6,90,19.4,284.5,118,15.27,5.9,3,2.65,1,no
NH,111,area_code_415,no,yes,48,92.1,94,28.91,195.3,119,23.88,178.7,57,14.35,5.0,3,2.79,4,no
WV,129,area_code_408,no,no,0,233.9,127,24.89,102.2,112,22.42,194.1,73,12.27,11.2,9,3.05,1,no
NM,204,area_code_510,no,no,0,214.7,94,14.12,359.3,117,18.21,267.3,112,12.48,11.7,13,2.22,1,no
UT,130,area_code_408,no,yes,37,279.5,102,24.71,108.1,116,8.27,271.6,77,11.7,7.4,4,2.63,1,no
DE,176,area_code_510,no,no,0,147.6,52,27.22,268.9,98,22.5,184.7,120,11.99,11.7,5,3.24,1,yes
CT,104,area_code_510,no,no,0,218.7,68,36.16,232.4,96,13.09,292.3,120,7.25,6.0,5,2.44,1,yes
TX,83,area_code_415,no,no,0,194.1,54,19.26,197.1,75,20.31,293.2,130,7.15,9.1,10,3.24,1,no
MI,57,area_code_408,no,no,0,169.6,101,20.75,151.6,131,19.79,218.0,142,11.22,11.2,2,3.41,2,no
NE,152,area_code_510,no,no,0,223.9,107,24.21,221.1,133,15.23,218.6,122,9.92,3.5,2,1.96,1,no
UT,80,area_code_415,yes,yes,0,204.7,155,22.37,154.7,118,16.74,250.1,75,14.31,9.4,6,3.19,1,no
AL,31,area_code_415,no,no,1,239.0,92,53.88,215.5,116,19.77,241.0,99,7.18,7.6,18,2.07,2,no
NJ,111,area_code_408,no,no,0,226.8,128,19.96,145.1,125,14.82,220.7,129,9.39,12.7,6,2.5,3,no
NM,101,area_code_510,no,no,0,201.2,81,29.59,152.2,125,19.74,137.7,124,14.31,7.2,3,2.3,4,no
MI,143,area_code_415,no,yes,0,137.7,96,30.55,207.1,131,10.75,247.0,148,8.24,7.9,8,2.42,0,no
MS,155,area_code_415,no,no,0,143.6,93,27.65,182.4,111,16.56,271.1,116,8.94,9.3,13,2.8,1,no
NH,180,area_code_415,no,no,0,195.2,84,29.76,319.6,137,21.06,235.1,118,10.65,13.4,2,2.58,5,yes
RI,22,area_code_415,no,no,0,105.6,87,27.01,145.1,114,13.34,193.5,106,9.74,10.6,4,2.79,1,no
OH,66,area_code_408,no,no,0,226.7,92,37.43,211.6,135,21.64,126.4,101,11.22,5.1,2,2.72,3,no
DC,188,area_code_510,no,no,0,55.0,95,47.61,207.3,101,23.23,157.9,113,10.03,10.4,3,2.33,1,no
MA,137,area_code_415,no,yes,30,176.7,123,44.82,201.5,105,21.65,176.7,88,12.09,8.9,15,1.58,1,no
AK,85,area_code_408,yes,yes,0,194.4,117,20.52,64.0,119,21.04,210.6,117,8.31,11.1,9,3.0,1,yes
MA,180,area_code_408,no,yes,0,184.5,74,30.94,78.3,103,12.48,177.1,146,9.18,11.3,5,2.3,1,no
IN,97,area_code_415,no,yes,30,142.2,111,33.6,290.5,138,24.03,200.3,73,15.65,4.4,5,2.93,1,no
TN,152,area_code_415,no,no,0,60.0,72,18.42,182.1,110,22.2,313.6,141,8.44,12.0,2,2.54,1,no
MT,66,area_code_408,no,no,21,172.1,114,41.06,171.1,86,22.54,310.1,128,9.31,5.5,5,2.74,1,yes
PA,159,area_code_408,yes,no,0,21.9,100,16.76,225.3,108,22.74,185.6,108,9.89,8.9,3,1.82,1,no
RI,70,area_code_415,no,no,0,214.5,133,22.25,244.0,126,20.72,230.2,111,13.89,7.0,5,2.4,1,no
OK,90,area_code_415,no,no,0,177.4,69,33.27,203.3,120,17.01,280.1,125,15.24,9.6,7,2.84,1,no
SC,81,area_code_415,no,no,0,287.3,97,42.72,244.4,99,23.84,373.5,117,17.69,10.2,5,3.11,1,yes
MT,224,area_code_415,no,no,0,268.3,127,34.4,121.0,109,18.5,260.4,105,11.96,5.9,3,2.44,4,yes
NV,156,area_code_408,no,no,0,219.2,102,14.72,110.5,138,17.28,216.4,115,12.99,8.4,5,2.11,4,no
CO,156,area_code_415,no,yes,36,195.9,91,21.94,160.4,101,19.73,279.5,123,14.31,10.2,3,1.76,4,no
MN,40,area_code_408,yes,no,0,249.0,97,28.5,164.4,121,23.5,144.3,100,13.11,3.4,7,2.61,4,yes
RI,27,area_code_415,no,yes,46,154.0,108,38.45,215.1,99,20.46,192.7,86,8.89,4.8,6,2.89,1,no
OK,140,area_code_408,no,yes,0,194.2,120,22.72,208.1,117,21.89,315.9,135,10.69,7.8,5,3.61,1,no
UT,148,area_code_415,no,no,0,210.3,97,23.19,178.7,125,16.69,165.3,163,11.8,6.6,5,2.88,1,no
IN,203,area_code_510,no,no,0,112.1,117,33.05,186.3,114,21.95,199.8,73,11.88,7.7,2,1.42,1,no
AR,53,area_code_510,no,yes,24,96.8,104,44.45,228.3,155,22.93,205.0,122,8.0,12.1,6,2.51,1,no
GA,36,area_code_408,no,yes,35,44.4,92,17.68,216.3,126,18.04,261.6,125,12.0,4.9,5,2.43,1,no
SC,128,area_code_415,no,no,0,0.0,89,18.73,157.4,166,30.54,167.9,109,9.52,10.9,5,1.78,1,no
ID,142,area_code_415,no,no,34,191.5,110,28.48,207.3,112,19.6,191.8,127,10.58,4.2,2,2.55,1,no
TX,108,area_code_415,no,yes,37,23.8,97,58.86,198.7,151,22.44,250.6,65,10.4,4.4,3,2.25,1,no
TN,145,area_code_408,no,no,0,175.0,86,22.86,178.7,105,24.83,203.2,137,13.99,9.0,4,3.44,1,yes
TX,95,area_code_510,no,yes,0,182.2,79,28.66,112.2,104,20.44,261.5,136,14.82,8.4,5,1.85,2,yes
AK,145,area_code_415,no,yes,0,182.4,96,25.0,306.6,99,17.35,261.4,93,8.88,10.1,2,3.0,1,no
SD,137,area_code_415,yes,yes,1,157.2,83,20.6,216.2,140,19.26,241.6,117,11.05,10.2,5,3.1,4,no
DE,156,area_code_415,no,no,27,193.2,114,19.12,288.7,93,16.81,215.4,97,10.1,9.0,5,3.85,4,no
TN,199,area_code_415,no,no,0,224.7,87,28.58,56.5,91,22.41,197.3,103,10.01,7.7,6,2.23,0,yes
MO,125,area_code_415,no,no,0,172.8,114,30.19,246.6,68,23.0,220.4,104,10.17,7.5,9,3.31,0,no
VA,65,area_code_415,no,yes,0,101.3,104,39.99,215.8,94,26.64,247.0,101,11.14,5.9,18,2.5,2,yes
NV,104,area_code_415,no,no,0,187.2,94,48.71,239.0,126,16.69,262.4,102,11.25,9.3,2,3.11,1,no
ID,76,area_code_408,no,no,0,147.7,101,24.22,207.9,116,23.71,281.3,112,15.23,11.8,11,2.99,0,no
DE,133,area_code_415,no,yes,0,76.4,94,40.0,136.6,99,9.6,269.5,85,9.62,10.0,13,3.13,1,no
NE,133,area_code_510,no,no,0,198.7,99,31.96,102.2,111,15.81,274.7,96,10.95,3.4,2,4.07,1,yes
RI,139,area_code_415,no,yes,0,145.3,100,22.2,200.8,118,14.27,176.4,122,9.36,9.7,7,3.31,1,no
VT,115,area_code_510,no,yes,41,98.2,71,27.12,129.5,108,27.95,153.6,118,11.19,6.4,3,2.04,1,no
CA,134,area_code_408,yes,no,0,5.1,57,21.67,282.0,119,14.96,246.4,105,12.14,5.9,2,3.35,3,no
NE,159,area_code_408,no,yes,0,151.2,106,29.95,90.8,106,25.33,73.2,121,11.03,11.9,3,2.53,2,no
WV,112,area_code_510,no,yes,0,177.4,53,28.0,192.5,67,21.88,209.0,119,9.24,9.8,12,2.72,2,no
VA,109,area_code_415,yes,no,0,123.0,97,17.22,185.6,111,26.81,274.2,65,11.44,8.8,4,4.04,0,no
NM,135,area_code_510,no,yes,0,135.3,95,31.94,47.9,103,6.59,162.1,127,11.13,9.6,2,2.01,1,no
OR,94,area_code_510,no,yes,45,179.5,61,29.38,153.4,122,20.06,247.6,102,10.31,6.6,3,2.66,1,no
AK,121,area_code_415,no,no,0,226.5,99,25.16,164.4,125,17.82,239.5,113,9.8,10.8,2,2.19,1,no
ND,41,area_code_415,no,no,0,255.1,79,42.7,286.0,123,19.59,287.4,91,10.65,8.6,3,2.62,3,yes
GA,107,area_code_408,no,no,0,298.1,110,14.22,144.9,130,19.84,190.1,136,10.76,7.3,3,2.18,1,no
ID,89,area_code_510,no,no,0,139.0,93,34.26,154.6,80,20.93,282.5,88,11.62,8.2,2,2.44,3,no
ND,145,area_code_408,no,no,0,89.9,100,47.76,200.3,112,28.49,238.9,99,11.09,6.3,6,2.58,6,yes
SD,69,area_code_408,no,no,0,298.7,73,35.28,146.6,122,19.68,218.9,115,16.75,7.8,2,3.3,1,yes
GA,124,area_code_408,no,yes,22,41.8,111,27.39,197.4,109,8.18,118.6,69,11.36,12.2,3,2.87,1,no
MA,29,area_code_415,no,no,1,126.1,105,37.15,177.4,113,20.67,235.6,121,14.75,9.0,4,3.45,5,no
AZ,81,area_code_408,no,no,0,174.7,127,36.59,245.2,97,18.96,317.8,86,13.0,15.4,2,2.73,3,no
NH,93,area_code_415,yes,no,0,155.1,84,33.66,241.8,113,25.45,189.8,81,8.58,5.5,6,2.35,1,no
CA,52,area_code_408,no,yes,40,169.1,105,24.1,201.3,89,16.85,111.7,105,16.21,5.3,10,1.96,1,no
ID,108,area_code_408,no,no,0,201.7,119,27.72,184.5,119,19.31,327.2,52,9.04,13.9,4,2.65,5,no
NJ,203,area_code_415,no,no,0,175.9,102,42.17,223.8,117,21.91,270.1,65,9.06,10.7,2,3.25,2,no
NH,109,area_code_415,no,no,0,72.7,85,28.68,209.4,105,19.28,142.2,115,8.86,5.3,4,2.97,1,no
WV,88,area_code_408,no,no,0,211.2,100,35.25,185.5,118,16.95,263.3,108,9.42,8.7,5,3.15,4,no
IL,107,area_code_415,no,no,0,182.7,102,27.03,282.0,132,25.67,255.6,112,11.78,6.0,2,3.68,0,no
NC,46,area_code_415,no,yes,23,205.6,93,27.53,192.3,114,24.71,184.5,67,10.68,9.4,2,2.09,1,no
DE,144,area_code_415,no,yes,37,166.8,85,45.67,241.1,139,24.02,129.9,83,10.88,6.4,3,2.71,1,no
NY,79,area_code_408,no,yes,0,166.6,108,29.92,243.2,115,21.42,313.3,100,15.1,6.3,5,2.87,1,no
OR,67,area_code_510,no,no,0,34.6,104,24.65,169.9,87,17.55,157.2,107,15.37,3.5,4,1.96,4,no
OK,93,area_code_415,no,yes,46,140.2,108,35.22,118.5,104,14.81,72.8,85,9.7,10.4,4,2.48,1,no
MN,70,area_code_408,no,no,0,306.6,100,29.04,205.5,72,9.21,229.7,97,9.33,10.2,6,3.0,1,no
MS,88,area_code_510,no,yes,44,185.6,127,21.29,205.2,134,21.82,314.5,89,10.7,11.0,3,2.29,1,no
SC,182,area_code_510,no,no,0,149.3,111,29.94,226.9,107,19.65,234.8,123,10.15,10.5,3,3.07,2,no
SC,113,area_code_408,no,yes,39,247.9,88,37.82,182.8,151,17.67,308.3,86,11.05,7.9,10,2.84,3,yes
OR,87,area_code_415,no,yes,31,28.6,83,20.47,196.5,108,27.59,179.4,108,12.66,9.6,3,3.31,3,no
PA,76,area_code_510,no,no,0,273.6,87,30.77,185.7,125,23.62,280.4,56,9.93,7.2,4,2.59,0,no
DE,148,area_code_408,no,no,0,190.6,94,17.1,234.6,94,16.32,247.5,126,11.23,4.1,5,2.34,5,no
SC,67,area_code_510,no,yes,29,157.8,108,46.75,200.3,102,14.61,263.0,89,14.94,9.8,2,3.48,0,no
OK,85,area_code_510,no,yes,1,96.0,88,28.52,181.6,93,21.1,238.7,127,12.46,9.4,5,4.3,1,no
OH,120,area_code_415,no,no,0,188.3,84,25.62,115.7,98,18.76,55.6,147,9.63,9.5,6,2.92,1,no
MI,88,area_code_415,yes,yes,0,224.6,100,25.2,116.1,91,19.04,202.5,107,12.15,4.8,4,2.71,4,no
MA,79,area_code_415,no,yes,39,98.6,109,37.25,192.1,85,17.14,237.2,67,10.1,10.9,3,1.26,2,no
VT,81,area_code_510,no,no,0,50.8,75,34.15,221.2,109,18.36,264.7,101,9.45,9.7,6,3.04,1,no
NV,99,area_code_415,no,no,0,213.2,112,24.98,241.9,84,17.43,183.6,98,13.03,15.1,5,2.96,1,no
NH,63,area_code_415,no,yes,42,114.5,95,30.4,162.3,106,16.26,140.9,85,13.64,10.1,6,2.8,1,no
SC,65,area_code_415,no,no,35,89.3,164,29.51,169.5,108,20.63,282.0,78,12.99,9.7,2,2.25,3,no
AK,181,area_code_510,no,no,1,314.8,94,47.29,53.3,90,16.14,211.5,98,12.76,5.2,9,3.66,3,no
ME,148,area_code_510,no,no,0,136.2,94,31.32,108.3,109,20.94,184.1,110,11.84,16.2,4,3.46,1,no
MN,144,area_code_510,no,yes,0,190.2,86,27.31,145.2,99,24.16,227.9,98,13.5,9.0,1,2.95,1,no
CO,186,area_code_415,no,yes,0,278.0,51,37.97,207.7,113,9.82,311.1,92,10.13,8.6,2,3.21,1,no
VA,190,area_code_415,yes,yes,0,188.3,105,39.49,125.1,98,21.42,291.8,106,11.94,9.8,3,3.05,4,no
IL,43,area_code_415,yes,no,1,157.6,104,31.05,200.7,142,22.96,251.1,87,11.21,11.4,3,3.74,4,no
AL,79,area_code_415,yes,no,0,241.6,106,19.03,160.0,88,20.97,312.3,111,11.55,9.9,2,1.47,0,yes
TN,191,area_code_510,no,no,0,159.4,120,41.95,220.5,145,20.26,227.6,113,13.9,4.7,2,3.77,1,no
AL,146,area_code_415,yes,no,0,157.6,135,25.52,166.7,135,16.58,306.1,106,12.87,11.3,2,2.43,2,yes
TX,126,area_code_415,yes,yes,0,89.0,86,25.12,280.0,101,30.54,235.8,122,8.92,10.2,2,0.62,3,yes
GA,97,area_code_415,no,no,0,233.4,79,32.19,289.3,103,15.44,278.7,97,12.11,8.0,2,3.4,1,yes
WY,164,area_code_415,no,no,0,164.1,95,34.77,258.2,109,21.51,209.4,110,12.53,7.7,2,2.34,3,no
CO,202,area_code_415,no,no,0,199.7,83,38.15,222.5,139,20.24,145.2,89,13.87,10.4,9,3.5,1,no
ID,173,area_code_415,yes,no,0,211.9,76,29.78,235.4,95,22.47,168.7,108,9.96,9.2,6,3.4,1,no
ME,140,area_code_415,no,yes,0,207.0,89,30.9,296.0,93,25.34,283.1,134,10.63,6.6,4,2.86,0,no
IL,103,area_code_408,no,no,0,280.8,110,29.49,271.7,89,19.84,306.0,88,12.5,8.2,2,2.85,1,yes
MS,137,area_code_415,no,no,33,188.2,124,32.36,240.1,112,21.46,183.2,144,10.08,5.7,5,2.66,1,no
MN,72,area_code_408,no,no,0,153.3,87,46.52,239.6,127,16.76,239.3,91,10.38,10.8,5,2.3,2,no
NH,56,area_code_408,no,no,0,137.7,117,31.2,276.5,124,17.83,221.4,118,13.03,4.4,2,3.33,1,no
IL,99,area_code_415,no,no,33,76.3,109,23.25,276.3,71,3.63,268.5,79,13.73,9.5,4,1.01,1,no
NE,189,area_code_415,no,yes,19,205.5,88,27.78,171.1,90,19.27,316.1,130,11.33,13.6,6,3.6,1,no
DC,104,area_code_408,yes,yes,22,128.3,101,25.84,169.0,124,18.0,247.1,107,10.22,6.0,7,2.45,1,no
VT,158,area_code_408,no,no,0,145.5,95,21.77,258.3,115,17.37,377.3,111,12.78,5.6,2,3.13,2,no
FL,232,area_code_408,yes,yes,0,332.9,71,39.68,195.5,85,25.46,219.6,101,14.06,6.6,3,5.11,4,yes
UT,76,area_code_415,no,yes,36,145.0,96,33.76,199.1,110,17.07,247.8,81,13.08,12.1,2,2.59,1,no
SC,72,area_code_415,no,yes,46,169.5,112,4.03,242.4,94,24.49,218.9,115,11.44,10.3,2,1.65,1,no
DE,191,area_code_415,no,no,0,181.9,90,25.17,217.5,123,17.48,185.6,95,11.17,7.7,5,3.34,1,no
DE,90,area_code_415,no,yes,29,156.5,125,36.79,181.5,123,21.62,269.9,122,15.17,8.6,3,3.02,1,no
MN,159,area_code_415,no,no,0,91.8,112,39.54,148.0,98,23.47,170.9,97,10.93,7.1,7,1.45,1,no
GA,114,area_code_415,yes,no,0,69.3,82,44.68,245.4,108,19.98,276.1,73,10.66,10.8,5,1.91,2,no
CT,110,area_code_415,no,no,0,201.8,113,24.84,138.5,126,21.27,239.2,138,11.23,2.8,2,3.23,1,no
OR,175,area_code_415,no,yes,18,196.5,78,28.56,292.1,124,24.09,232.6,99,14.18,8.1,2,1.98,1,no
TN,192,area_code_408,no,no,0,236.2,113,28.86,186.8,89,17.77,239.4,133,11.76,7.9,5,2.78,3,yes
CT,100,area_code_415,no,no,0,147.5,95,47.97,120.7,87,10.36,220.0,127,11.68,5.8,2,2.4,2,no
TN,125,area_code_415,yes,yes,0,223.4,116,30.7,187.2,167,19.91,208.2,118,12.6,13.1,5,2.76,1,yes
VA,119,area_code_415,no,yes,0,142.7,108,17.31,225.1,109,24.94,232.9,116,11.59,11.5,2,3.0,4,no
TX,161,area_code_415,no,yes,0,119.2,114,35.79,181.1,127,18.24,238.2,115,15.89,11.3,2,3.1,2,no
KS,163,area_code_415,yes,no,0,287.1,58,59.18,245.4,105,16.97,179.0,109,13.12,7.5,3,2.47,1,no
VA,76,area_code_408,yes,yes,0,165.2,84,32.98,178.1,113,19.4,251.9,103,11.57,8.5,3,2.07,1,no
ND,108,area_code_415,yes,yes,28,106.5,126,41.44,245.8,85,21.32,242.1,95,17.77,9.9,7,2.24,1,no
TX,1,area_code_415,yes,no,0,169.5,101,44.72,273.3,120,22.74,155.2,77,14.16,13.1,3,2.4,3,yes
VT,58,area_code_510,no,yes,35,180.4,80,38.02,154.8,116,18.89,301.6,120,12.03,10.1,5,2.99,4,no
MD,74,area_code_415,no,yes,49,264.4,129,38.56,181.9,75,15.23,188.4,87,8.19,11.5,2,3.12,1,no
FL,76,area_code_415,no,yes,33,102.6,92,19.39,296.3,111,13.79,291.2,109,10.87,8.2,3,1.71,4,no
VA,107,area_code_408,no,no,0,211.9,98,38.59,203.6,97,19.73,236.4,106,10.91,9.2,4,2.34,2,no
OK,200,area_code_415,no,no,0,119.7,90,43.52,198.8,72,6.81,388.5,121,8.88,10.8,3,2.61,1,no
WY,96,area_code_415,no,no,0,23.2,120,33.2,114.7,106,12.81,204.7,105,13.46,10.9,5,3.89,2,no
WY,131,area_code_415,no,yes,35,142.6,36,25.55,122.2,127,13.38,211.4,107,15.33,14.4,5,3.61,4,no
SC,196,area_code_415,yes,yes,0,92.3,80,25.4,184.0,138,21.95,188.4,120,12.18,10.1,3,2.6,1,no
MS,178,area_code_415,no,no,39,203.0,121,37.56,211.9,99,18.24,289.4,112,12.73,7.6,2,1.41,0,yes
SC,120,area_code_415,no,no,0,85.3,123,18.23,217.0,139,18.29,271.1,110,8.09,11.3,5,2.96,3,no
ID,148,area_code_415,no,no,0,153.8,84,29.78,342.2,119,23.67,298.7,132,8.6,6.4,5,4.06,1,no
SC,85,area_code_408,no,no,24,206.4,111,26.84,210.3,61,18.42,280.6,130,10.47,0.0,2,1.25,3,no
WA,80,area_code_415,no,yes,39,271.1,77,31.14,261.5,81,22.33,320.9,122,11.02,9.5,3,2.42,1,no
LA,108,area_code_415,yes,no,0,165.9,59,23.96,245.4,95,19.99,202.0,110,10.69,10.1,1,2.77,1,no
NH,1,area_code_408,yes,no,0,248.7,107,34.34,278.5,121,25.72,265.5,119,17.77,8.1,2,2.92,1,no
NY,131,area_code_415,no,yes,0,207.1,92,38.59,220.0,130,17.09,304.9,70,9.33,9.9,4,2.45,1,no
KY,81,area_code_415,no,yes,27,10.8,103,21.09,234.8,120,19.22,224.7,117,13.1,9.5,3,3.33,2,no
VA,78,area_code_415,yes,no,0,145.6,126,20.54,86.4,114,17.82,206.4,100,12.51,8.4,2,2.88,1,no
WV,89,area_code_408,no,no,0,58.7,73,28.34,178.7,142,19.07,218.8,124,14.8,4.2,5,3.11,1,no
SD,102,area_code_408,no,no,0,161.9,97,29.95,291.8,144,23.59,203.3,123,11.62,4.8,2,1.76,1,yes
CO,130,area_code_415,no,yes,0,190.4,118,27.31,280.1,89,23.08,222.0,83,12.86,5.2,2,3.91,1,no
VT,85,area_code_510,no,yes,0,56.3,83,22.12,154.2,120,25.62,216.7,108,16.22,3.0,2,2.08,1,no
MA,92,area_code_415,no,no,0,187.2,99,10.92,151.2,88,15.73,230.5,88,11.19,0.0,9,3.39,1,no
MA,137,area_code_415,no,yes,31,236.8,101,7.51,264.0,108,15.4,256.4,101,12.56,4.1,10,2.75,4,no
AR,153,area_code_408,no,yes,27,172.7,95,33.5,204.1,104,15.5,191.0,90,7.57,14.5,3,1.36,1,no
MT,93,area_code_415,no,yes,0,157.4,87,24.15,228.5,78,19.17,251.4,97,10.55,5.4,10,2.68,0,no
NY,140,area_code_510,no,no,0,182.3,126,24.21,178.2,106,19.56,274.4,93,11.83,0.0,5,2.4,1,no
MS,104,area_code_408,no,yes,23,128.5,145,22.83,210.2,140,18.45,140.6,132,11.12,7.6,5,1.49,6,no
LA,103,area_code_408,no,no,0,202.6,108,21.65,228.5,76,17.6,243.1,123,11.53,9.7,3,3.01,1,no
DE,89,area_code_415,no,no,0,279.1,60,26.63,264.5,98,20.08,170.3,147,11.42,9.0,2,3.71,1,yes
WV,151,area_code_415,no,no,1,64.1,105,35.18,244.7,117,26.3,238.9,123,9.55,7.0,2,2.45,3,yes
AK,111,area_code_408,no,yes,0,169.6,114,18.1,232.7,141,21.69,117.1,148,10.69,7.3,3,0.84,2,no
NH,231,area_code_415,yes,yes,25,130.9,110,45.11,187.4,103,20.02,277.3,123,11.98,6.9,8,2.71,5,no
NJ,97,area_code_415,no,no,0,182.9,88,23.74,280.7,109,22.24,301.5,95,8.19,13.9,10,4.21,1,no
SD,180,area_code_408,no,no,28,128.0,62,17.37,215.0,131,12.05,172.2,130,14.09,7.0,7,2.16,1,no
TX,120,area_code_415,no,no,0,187.5,126,31.93,218.5,94,23.79,284.7,120,12.57,9.0,4,3.89,4,no
WA,158,area_code_415,no,yes,33,132.2,84,26.97,156.1,87,16.54,195.8,119,12.14,10.0,4,1.29,1,no
NY,176,area_code_415,no,no,37,254.0,135,30.53,232.8,96,23.9,177.0,98,10.88,9.1,5,2.25,2,no
CT,138,area_code_408,no,yes,0,188.9,126,28.8,206.5,107,18.99,264.7,142,10.46,5.3,5,2.88,3,no
GA,198,area_code_510,no,no,0,206.2,62,43.8,328.9,84,22.22,218.9,122,11.12,5.9,7,2.83,1,no
GA,33,area_code_415,no,yes,0,214.4,104,13.64,208.1,106,20.13,283.2,132,12.3,6.0,6,2.68,0,no
ID,86,area_code_415,no,no,18,95.7,84,10.18,212.1,121,16.0,272.2,104,13.62,10.7,3,2.2,1,no
AL,46,area_code_415,no,yes,34,209.8,74,38.11,204.2,131,11.01,283.7,92,11.79,7.2,5,3.17,0,no
NJ,104,area_code_408,yes,no,0,236.0,114,48.42,198.3,124,20.51,249.9,95,12.96,11.2,3,3.18,1,no
AL,105,area_code_415,no,yes,24,172.7,68,32.39,274.0,98,16.9,258.7,80,9.55,10.6,5,3.74,1,no
OR,93,area_code_415,no,yes,0,159.4,89,28.83,277.8,86,22.78,297.3,111,11.64,3.9,3,4.13,1,no
MO,83,area_code_510,no,no,0,235.7,99,25.82,300.2,109,23.39,254.1,101,11.64,12.4,2,2.84,2,no
OR,136,area_code_408,no,yes,18,148.0,99,37.57,151.5,161,25.87,271.4,91,10.9,11.2,6,0.0,1,no
OR,168,area_code_510,no,yes,18,219.1,112,37.52,124.1,110,22.11,268.8,85,10.79,9.0,2,2.92,1,no
KY,200,area_code_408,no,yes,30,129.4,66,29.82,157.4,90,16.91,192.2,145,9.72,5.7,2,2.25,0,no
ND,112,area_code_510,no,no,0,198.6,81,44.12,202.0,123,21.8,192.1,109,11.53,10.0,5,3.86,1,no
RI,183,area_code_510,no,no,0,231.6,108,27.19,133.9,103,20.54,256.4,114,9.15,5.4,2,1.99,1,yes
TN,206,area_code_415,yes,no,0,227.7,96,42.11,265.1,123,18.3,222.3,96,12.34,9.2,4,2.56,1,yes
OR,135,area_code_510,no,no,0,209.7,102,32.02,96.7,92,19.5,184.9,88,10.39,11.8,8,2.56,5,no
VA,51,area_code_510,no,yes,22,217.7,106,24.64,217.1,80,12.89,276.6,82,12.54,12.5,3,2.49,6,no
MS,131,area_code_408,no,yes,41,168.7,117,23.71,198.1,115,20.65,294.6,129,11.21,10.5,2,3.21,4,no
NH,176,area_code_415,no,no,0,258.0,123,38.59,169.1,115,19.54,221.1,55,13.47,3.9,5,2.99,1,no
ID,229,area_code_415,no,no,0,254.5,84,18.67,239.3,113,16.98,297.6,129,8.75,9.8,5,2.93,1,no
TX,138,area_code_510,no,yes,0,170.8,115,30.4,202.9,94,21.28,260.1,49,11.99,8.9,6,2.3,4,yes
OK,71,area_code_408,no,yes,1,148.7,124,23.23,82.0,105,20.5,231.0,93,11.94,7.9,3,3.96,1,no
NE,217,area_code_510,no,yes,0,102.3,101,22.23,192.4,93,21.62,261.1,108,8.95,12.9,5,1.73,1,no
NE,65,area_code_408,no,no,30,168.2,112,29.18,214.2,89,23.14,93.9,113,15.89,11.1,2,3.21,1,no
WV,33,area_code_408,no,yes,27,117.1,122,22.67,186.5,117,11.49,245.9,59,10.6,6.6,2,2.63,0,no
NM,81,area_code_408,no,no,0,48.8,123,3.98,190.4,118,24.56,261.1,78,11.15,5.4,7,2.84,1,no
NY,129,area_code_415,no,yes,0,33.1,109,29.9,171.1,116,22.2,230.4,87,15.16,7.7,2,2.07,1,no
KS,117,area_code_408,no,yes,0,158.8,109,33.43,193.9,94,14.27,171.1,113,8.23,6.2,3,2.52,0,no
IL,168,area_code_415,no,no,30,57.7,109,41.19,165.5,91,17.58,218.1,99,8.79,4.2,5,3.65,1,no
NH,1,area_code_415,no,yes,0,160.5,114,29.67,271.7,109,24.19,221.2,129,11.99,3.7,3,2.49,1,no
GA,98,area_code_415,no,yes,27,9.4,102,27.99,176.1,117,18.7,240.4,127,13.92,9.8,2,1.91,4,no
OK,93,area_code_510,no,yes,0,224.8,79,22.08,206.2,87,23.79,302.4,125,9.55,8.6,5,3.68,0,no
WY,185,area_code_408,no,no,36,126.3,101,28.26,117.0,108,14.63,211.4,101,17.77,9.4,6,2.45,3,no
NH,113,area_code_415,no,no,0,205.5,113,12.24,252.9,103,30.54,210.0,129,10.93,9.3,2,1.84,4,no
KS,164,area_code_408,no,no,0,171.7,87,43.87,310.8,132,20.45,165.2,106,10.72,9.9,2,2.37,2,no
DC,81,area_code_415,no,no,0,187.5,77,42.78,232.5,156,21.32,251.9,94,14.31,7.6,4,3.0,1,no
MN,113,area_code_415,yes,no,0,241.1,79,46.5,280.3,113,7.29,139.1,80,8.11,7.8,6,2.65,4,no
UT,7,area_code_415,yes,no,0,182.0,101,37.6,256.6,107,13.89,205.3,84,10.57,3.3,2,4.25,2,no
MT,113,area_code_408,no,no,0,281.5,109,18.14,140.0,114,18.16,232.0,113,9.64,7.3,3,3.28,3,no
NH,171,area_code_415,no,no,0,158.7,105,28.57,146.1,98,18.85,232.2,114,13.48,6.0,2,2.13,1,no
MN,90,area_code_415,no,no,0,222.7,105,34.14,140.5,99,18.68,185.1,110,8.96,11.6,3,3.31,2,no
NJ,192,area_code_408,no,yes,34,191.6,67,4.94,254.5,102,21.05,313.3,129,8.62,14.8,7,1.81,0,no
NY,143,area_code_415,no,yes,1,26.3,97,39.93,201.6,84,19.64,235.8,58,12.47,9.9,3,3.08,0,no
IL,99,area_code_415,no,no,0,217.6,80,27.03,129.2,106,15.73,232.9,154,10.91,9.9,6,2.88,4,no
MD,165,area_code_510,no,yes,30,58.9,93,35.79,183.8,115,15.2,167.1,105,10.23,8.4,3,2.94,0,no
ND,72,area_code_415,yes,no,0,128.9,119,17.57,158.6,122,15.17,163.1,98,8.82,8.2,1,2.67,4,no
DC,210,area_code_415,no,no,0,117.7,47,33.51,194.4,123,19.04,285.3,121,9.16,13.6,3,2.64,1,no
PA,119,area_code_415,no,no,29,58.5,96,15.4,226.3,88,17.31,205.2,135,12.62,7.2,5,2.37,1,no
MO,117,area_code_415,no,no,0,98.1,105,29.61,104.9,109,21.77,184.6,95,15.26,4.1,2,2.88,1,no
IA,109,area_code_415,no,no,0,341.5,101,46.33,241.1,139,23.68,298.7,85,10.69,9.5,2,2.0,1,yes
NY,119,area_code_510,no,yes,22,236.2,82,26.02,280.4,105,21.31,124.4,100,10.07,12.0,5,1.22,2,no
KS,185,area_code_415,no,no,0,129.3,97,33.59,190.9,132,25.87,126.2,125,12.96,9.7,8,1.8,1,yes
NM,112,area_code_510,no,no,0,143.0,108,15.6,257.9,129,15.49,338.0,128,11.13,12.5,5,2.18,1,no
NV,139,area_code_415,no,no,1,156.4,74,57.87,322.6,126,21.69,63.2,90,11.89,5.8,6,2.47,1,no
WY,28,area_code_510,no,no,0,82.9,124,24.58,155.4,128,16.43,221.1,95,11.41,8.1,7,2.27,1,no
LA,132,area_code_408,no,no,0,203.3,98,36.63,252.1,66,21.82,249.2,106,10.16,5.7,3,2.29,3,yes
OR,193,area_code_510,no,no,0,206.9,128,44.09,199.3,146,17.95,277.3,91,12.56,8.2,2,3.24,1,yes
OH,63,area_code_415,no,no,16,101.3,127,11.83,246.8,149,18.1,210.9,122,8.94,3.5,3,2.42,6,no
MI,160,area_code_510,yes,no,26,101.9,100,43.43,175.6,105,13.34,225.4,99,10.31,8.1,9,2.8,1,yes
MD,38,area_code_415,no,yes,27,129.5,93,30.86,147.8,115,11.95,227.9,105,6.53,11.1,2,4.55,3,no
WV,119,area_code_415,no,no,28,179.8,109,36.39,276.2,104,19.54,199.5,117,13.44,5.3,7,3.39,1,no
GA,131,area_code_510,no,no,24,162.9,123,30.44,217.3,99,23.56,155.2,125,9.93,11.0,3,2.26,1,no
MS,144,area_code_408,no,no,0,202.4,119,32.99,107.1,115,15.89,145.6,114,6.87,9.9,3,2.9,1,no
SC,138,area_code_510,no,no,0,128.0,108,15.4,195.1,144,17.27,162.7,110,10.11,10.2,2,2.98,1,no
WY,126,area_code_415,yes,no,0,7.1,94,28.33,176.6,118,21.95,70.7,97,13.94,8.0,2,1.35,1,no
NV,70,area_code_415,no,no,1,177.8,122,34.96,261.7,154,19.53,87.6,114,10.58,11.6,6,0.0,1,no
MN,105,area_code_408,yes,no,0,190.8,117,26.94,221.9,117,18.59,211.6,111,13.7,5.4,5,2.64,6,no
TX,53,area_code_415,no,no,0,173.6,81,31.71,121.7,122,13.09,198.7,97,10.24,8.5,3,3.01,3,no
ME,198,area_code_510,no,no,0,168.9,106,10.31,245.2,89,13.14,180.9,116,13.81,9.2,3,1.17,1,no
WV,108,area_code_408,yes,no,0,109.2,78,23.2,205.8,121,19.8,228.9,59,8.13,8.9,7,4.12,1,no
RI,194,area_code_408,no,yes,31,63.6,112,38.37,252.3,111,16.48,205.9,93,6.89,11.2,3,3.02,0,no
DE,182,area_code_415,no,yes,33,78.2,112,30.48,231.2,105,8.31,258.7,161,12.26,8.1,3,3.2,3,no
OH,82,area_code_408,no,yes,1,160.8,103,33.53,111.2,95,24.14,358.0,111,13.67,8.7,9,4.06,1,no
OH,118,area_code_415,no,no,43,208.3,96,38.16,102.4,100,27.97,168.1,111,10.11,12.1,3,1.47,1,no
MN,205,area_code_408,no,yes,25,210.3,50,18.39,336.8,106,20.86,279.7,131,6.97,13.0,4,2.43,0,no
NV,72,area_code_415,no,no,0,204.1,96,14.33,279.7,141,13.01,261.4,114,13.53,11.4,2,2.7,1,no
HI,119,area_code_415,no,no,0,175.2,109,44.79,132.8,125,21.49,209.8,93,10.87,13.5,3,3.84,4,no
AR,36,area_code_408,no,no,0,48.8,110,43.22,85.7,90,20.25,153.3,88,10.78,9.1,4,3.14,1,yes
PA,157,area_code_408,no,no,0,96.8,105,32.51,262.7,105,15.36,279.2,139,12.16,9.4,5,3.71,0,no
NY,130,area_code_415,no,no,0,63.1,108,40.23,29.2,110,19.04,161.9,80,12.13,11.0,3,3.42,1,no
NC,24,area_code_415,no,no,0,236.8,117,22.02,192.6,129,26.72,298.5,74,12.4,12.3,2,3.49,1,no
CT,130,area_code_408,no,no,0,90.6,109,23.38,87.8,138,19.98,173.1,108,8.23,8.8,10,3.05,5,no
RI,131,area_code_408,no,yes,29,147.3,86,24.82,184.4,124,20.03,242.8,90,11.91,8.1,4,1.55,1,no
AR,183,area_code_415,no,yes,38,48.2,94,32.22,122.4,133,16.37,219.9,40,8.65,10.2,6,1.88,4,no
DC,106,area_code_408,no,yes,0,179.9,114,19.46,209.6,133,20.42,294.2,107,10.07,14.1,6,4.74,1,no
NJ,150,area_code_408,no,yes,32,174.1,83,20.68,115.5,88,14.73,284.3,88,9.04,10.7,1,2.74,2,no
WY,137,area_code_415,yes,no,0,162.3,119,25.59,75.9,148,22.2,260.3,97,14.44,11.6,4,3.2,4,yes
OR,106,area_code_415,no,yes,34,260.7,109,31.2,192.2,100,19.67,287.6,140,10.41,7.8,5,2.54,1,no
SD,143,area_code_415,no,yes,44,148.3,92,59.55,141.0,122,13.29,267.1,96,9.7,4.8,7,1.59,1,no
NC,130,area_code_415,no,no,0,212.0,121,30.0,266.4,102,23.14,201.8,118,8.96,12.0,5,3.35,1,no
WY,122,area_code_415,yes,no,0,296.8,139,37.72,262.8,88,20.54,234.8,73,16.18,17.5,4,3.09,1,no
AL,93,area_code_415,no,yes,0,264.5,103,12.38,231.7,117,16.7,204.4,124,9.79,11.1,4,4.19,4,no
PA,102,area_code_415,no,no,0,50.8,99,30.88,88.2,107,22.19,172.7,70,12.47,13.9,2,2.95,1,no
SC,103,area_code_408,no,yes,33,166.7,117,36.42,134.7,139,16.53,283.9,128,13.3,9.0,3,4.56,1,yes
MT,195,area_code_415,no,yes,28,186.9,105,34.99,187.6,148,21.83,192.0,133,13.08,8.6,4,3.89,0,no
WA,169,area_code_415,no,yes,24,323.0,97,35.29,241.9,86,14.5,259.9,113,10.2,9.2,1,2.32,1,yes
AL,120,area_code_415,no,no,0,124.5,98,31.34,73.1,101,20.51,219.8,90,11.09,13.9,5,2.99,1,yes
IA,126,area_code_415,no,yes,24,44.8,97,28.84,164.3,137,22.12,166.0,110,9.87,7.9,2,3.07,0,no
AZ,111,area_code_408,no,yes,0,205.4,103,27.31,144.7,109,23.8,165.1,98,10.29,9.0,3,2.26,3,no
OK,163,area_code_415,no,yes,32,28.3,89,34.41,208.9,115,27.93,170.6,119,12.29,8.2,7,2.23,1,no
GA,40,area_code_415,no,yes,28,15.6,89,33.62,246.5,148,19.0,175.9,136,11.78,6.9,3,3.92,1,no
SD,65,area_code_415,no,no,0,220.8,103,21.11,201.8,120,24.3,102.6,107,8.67,8.6,2,2.67,2,yes
AZ,120,area_code_408,no,yes,0,132.3,104,25.68,124.4,162,20.59,109.4,95,11.26,11.7,5,2.98,1,no
CA,96,area_code_415,yes,no,0,166.2,107,28.67,179.3,116,23.73,132.1,101,10.04,7.7,4,3.17,1,yes
NH,153,area_code_415,no,yes,36,265.9,90,35.98,215.4,105,19.29,227.6,136,7.71,9.9,3,1.14,1,no
WI,134,area_code_415,no,yes,0,130.8,76,38.1,213.3,114,15.29,210.2,100,14.34,8.9,5,2.97,1,no
KY,110,area_code_415,no,yes,0,140.0,121,12.89,120.8,124,24.48,124.8,98,8.99,12.9,4,4.05,0,no
ID,1,area_code_415,no,no,0,174.8,101,28.25,146.2,123,17.73,220.5,95,11.33,8.8,4,5.4,1,no
MT,150,area_code_510,yes,no,0,124.5,134,24.14,205.1,114,24.7,170.2,112,11.65,7.5,7,1.06,1,yes
DE,127,area_code_415,no,yes,38,145.4,101,36.66,169.4,68,22.54,272.3,96,9.65,9.4,7,1.89,1,no
AR,43,area_code_415,no,no,31,89.9,107,30.27,170.7,112,14.61,172.0,78,15.39,3.8,4,4.09,4,no
MS,135,area_code_408,no,yes,38,96.6,82,28.26,143.2,135,12.08,150.7,53,12.34,10.6,1,2.73,1,no
NE,20,area_code_415,no,yes,29,0.5,105,30.3,272.4,109,19.79,142.1,67,11.12,12.6,2,3.3,1,no
NJ,168,area_code_415,no,yes,35,170.0,84,26.53,52.5,115,19.7,222.3,109,12.53,8.8,5,3.68,1,no
HI,98,area_code_415,yes,yes,0,195.5,80,44.03,266.1,136,11.23,222.0,115,11.44,10.5,4,2.72,4,yes
OR,136,area_code_510,no,yes,0,55.7,122,27.17,115.7,126,15.36,267.9,91,8.65,10.1,4,3.0,1,no
DC,123,area_code_415,yes,yes,0,305.1,72,14.82,194.0,82,19.0,237.5,95,8.97,14.5,6,2.97,0,yes
ME,135,area_code_415,no,no,0,205.0,93,25.81,261.3,112,17.56,279.0,94,11.37,11.8,3,3.66,1,no
MS,224,area_code_415,no,yes,0,18.0,112,43.18,168.1,81,21.26,113.6,117,8.79,10.4,4,1.76,2,no
MA,114,area_code_408,yes,no,0,22.1,83,41.48,286.4,106,15.55,230.8,127,13.73,8.1,2,1.95,0,no
MN,114,area_code_415,no,no,0,168.1,91,12.14,202.3,111,17.37,199.4,137,11.44,10.4,2,0.27,3,no
OR,100,area_code_415,no,no,0,130.4,82,27.71,232.8,97,18.61,160.3,108,9.52,10.4,4,2.04,1,no
OK,86,area_code_415,no,no,25,145.9,73,38.22,219.0,117,18.16,230.0,137,13.59,9.3,5,0.0,1,no
MS,60,area_code_415,yes,no,0,163.3,83,37.33,249.8,113,11.96,297.9,59,9.89,4.0,2,2.57,0,no
OR,177,area_code_408,no,no,0,189.7,99,21.07,237.0,113,18.08,216.5,79,10.71,11.6,2,1.0,1,no
FL,108,area_code_415,no,yes,22,114.1,113,0.0,201.7,119,25.12,141.1,88,9.75,11.2,3,3.63,4,no
PA,135,area_code_415,no,no,0,201.7,82,24.45,227.6,103,23.43,299.7,113,10.05,10.7,5,2.12,1,no
ND,94,area_code_510,no,no,42,151.4,68,30.7,246.6,88,13.38,234.9,80,9.17,7.2,3,2.47,1,no
DE,128,area_code_408,no,no,0,237.2,101,28.28,207.9,87,23.7,226.8,88,6.37,12.8,2,2.15,3,no
UT,62,area_code_415,no,yes,38,150.1,52,28.84,283.1,86,14.41,237.2,109,10.45,11.4,10,2.36,1,no
OR,84,area_code_510,no,yes,0,94.6,124,33.42,148.1,104,20.28,207.4,125,11.24,9.1,2,2.21,2,no
SC,115,area_code_408,yes,no,0,122.5,77,40.85,218.9,127,23.71,174.7,94,5.28,6.0,4,1.71,1,yes
MI,61,area_code_415,yes,yes,0,178.0,95,47.9,214.2,145,16.08,146.6,116,11.78,9.5,2,2.09,1,yes
IL,60,area_code_415,yes,no,0,255.3,104,42.89,195.0,96,10.38,269.3,74,9.47,9.2,5,5.0,3,no
OK,35,area_code_408,no,yes,0,174.6,137,23.07,232.8,107,17.65,218.5,129,11.19,9.5,4,2.01,3,no
WV,174,area_code_415,no,no,0,247.0,77,45.04,185.0,120,14.4,226.4,62,8.24,7.3,6,3.13,1,no
VA,136,area_code_415,no,no,43,183.3,102,49.29,134.8,113,20.7,189.0,123,8.18,6.7,5,2.88,6,no
KY,102,area_code_415,no,no,0,151.3,76,25.95,171.8,99,21.86,221.2,80,12.32,10.0,5,3.56,1,yes
NV,1,area_code_408,yes,no,0,140.6,95,43.52,156.7,100,18.85,253.7,114,11.07,7.9,3,2.29,6,yes
OR,133,area_code_510,no,no,0,171.0,107,18.04,162.4,128,14.37,236.5,111,11.17,7.9,12,2.85,1,no
AL,92,area_code_510,no,no,0,119.2,131,36.09,110.7,79,18.6,218.0,84,7.34,10.5,2,2.17,5,no
MA,114,area_code_408,no,yes,36,167.3,109,53.23,205.3,90,20.6,263.5,94,11.24,7.4,2,2.83,2,no
NY,209,area_code_408,no,yes,0,165.7,82,45.89,140.4,102,22.19,156.0,106,10.49,4.8,3,1.24,1,no
WV,150,area_code_415,no,no,0,265.4,90,26.36,102.3,84,23.4,304.3,84,8.11,12.6,3,3.96,1,no
MD,242,area_code_415,no,yes,0,187.8,52,27.02,170.5,105,22.24,251.8,119,10.57,12.8,2,3.47,1,no
WA,107,area_code_415,no,yes,44,209.1,79,35.68,212.4,106,18.61,323.8,127,9.47,5.1,3,1.44,1,no
NH,102,area_code_415,yes,no,0,189.9,89,50.59,224.7,123,27.28,215.3,82,11.76,12.3,7,4.89,1,yes
CO,124,area_code_510,no,no,1,217.5,148,27.56,185.6,134,19.66,310.5,104,13.65,8.2,2,2.87,3,no
IN,91,area_code_415,no,yes,43,78.8,107,26.0,86.9,132,20.54,155.5,69,9.52,9.9,2,0.53,1,no
ID,107,area_code_408,no,yes,45,192.2,98,37.62,98.3,101,27.89,291.6,91,7.98,9.3,3,2.95,1,no
MN,125,area_code_415,no,no,0,131.9,87,29.68,235.2,104,27.45,168.9,117,13.38,9.3,2,3.99,4,no
OR,141,area_code_415,no,no,33,121.4,94,21.8,359.3,124,22.4,242.0,111,12.51,11.3,4,2.7,1,no
DC,218,area_code_415,no,yes,29,164.1,99,21.01,187.4,128,20.83,306.4,118,8.91,10.8,2,2.05,4,no
NC,89,area_code_415,no,no,0,133.9,102,16.85,272.9,133,19.55,255.4,96,13.54,11.5,2,3.68,1,no
KY,93,area_code_415,no,yes,0,136.5,88,39.56,191.7,83,15.13,221.4,93,9.46,8.5,5,2.81,0,no
MN,163,area_code_415,no,no,0,156.2,92,7.32,256.6,84,22.91,206.0,134,9.8,9.4,5,2.07,3,yes
UT,154,area_code_510,no,no,0,170.4,102,32.45,163.1,127,18.78,237.9,123,9.72,6.2,0,2.49,1,no
MO,126,area_code_415,no,yes,0,275.0,59,31.77,292.5,122,23.04,299.3,78,12.11,10.2,5,3.73,1,no
SC,1,area_code_415,yes,no,0,100.4,92,23.35,244.6,137,21.02,208.0,69,12.47,7.4,2,2.75,1,no
AR,7,area_code_510,no,no,1,158.1,87,27.59,190.2,99,21.31,193.0,76,13.72,9.9,4,3.98,1,no
AL,89,area_code_415,yes,no,0,262.2,103,24.21,283.2,102,23.72,236.9,110,13.67,8.6,5,3.19,0,no
FL,61,area_code_415,no,yes,42,17.8,76,30.16,167.4,111,16.05,149.3,88,10.69,7.0,3,3.17,1,no
TN,176,area_code_415,yes,no,0,219.0,96,34.26,308.7,99,17.2,122.6,119,14.39,7.1,6,2.74,0,yes
NE,141,area_code_415,no,no,0,116.8,106,20.66,123.9,133,15.37,146.5,101,10.69,13.0,7,2.6,1,no
ID,139,area_code_415,yes,yes,0,120.0,109,39.29,184.2,108,21.47,185.7,52,14.86,8.4,5,1.81,1,no
PA,143,area_code_408,no,no,31,132.1,87,26.22,201.5,102,19.33,65.8,120,11.62,14.9,2,2.45,3,no
TN,228,area_code_415,no,no,0,268.9,105,24.32,164.3,80,20.5,195.1,152,10.43,7.8,2,3.02,3,no
ID,39,area_code_415,no,no,1,252.0,90,38.27,112.5,115,13.23,197.9,84,10.61,3.6,5,2.46,3,no
MA,36,area_code_408,no,yes,27,231.4,130,9.14,285.3,110,21.54,189.3,94,13.78,9.7,2,2.06,1,no
DC,124,area_code_415,no,yes,24,56.4,96,16.87,304.3,166,20.71,208.8,81,9.74,8.4,4,2.53,1,no
ND,95,area_code_415,no,no,42,141.1,112,25.6,184.7,112,10.27,213.3,94,7.81,16.9,6,1.79,0,no
WY,99,area_code_408,no,no,35,143.2,71,33.59,110.5,141,14.69,147.2,107,9.3,10.3,3,3.13,4,no
TN,57,area_code_415,yes,no,0,252.2,119,24.86,249.1,96,17.67,198.4,110,10.14,6.9,5,2.57,1,yes
MO,126,area_code_415,no,no,0,198.0,88,31.04,43.2,133,11.0,173.3,156,9.82,8.4,5,3.11,1,yes
VT,153,area_code_415,no,yes,28,210.6,94,24.96,227.3,118,13.21,310.5,108,7.06,8.5,5,2.64,2,no
WA,5,area_code_415,no,no,45,101.0,152,21.56,183.3,102,18.08,395.0,129,10.97,4.3,2,2.46,1,no
MI,95,area_code_510,no,no,0,63.8,74,31.62,244.4,91,23.99,139.9,141,11.85,5.5,5,2.78,0,no
IN,162,area_code_415,no,yes,21,217.8,104,36.37,249.9,82,21.67,199.9,75,11.79,5.4,3,2.37,1,no
UT,127,area_code_510,no,no,24,142.4,81,50.17,288.5,116,16.1,305.3,107,11.43,5.9,2,2.45,1,no
OH,161,area_code_415,yes,no,0,232.2,103,34.16,198.1,101,17.16,146.9,121,12.32,6.0,9,3.23,3,yes
SD,73,area_code_408,no,no,0,140.4,111,32.97,158.9,97,18.49,184.4,78,9.16,8.0,5,3.13,3,no
CO,66,area_code_415,no,no,0,186.2,70,15.74,204.6,105,22.65,170.7,139,12.48,9.6,5,2.51,1,no
WY,127,area_code_415,no,no,0,252.4,105,36.52,169.8,78,14.0,225.5,121,8.96,4.9,3,2.25,1,no
KY,66,area_code_408,no,no,0,300.3,118,37.42,218.3,97,14.27,185.2,117,12.07,8.5,2,2.43,0,no
OR,154,area_code_510,no,yes,29,254.2,123,21.22,279.5,108,20.07,228.2,119,13.66,4.5,2,3.33,7,no
TN,152,area_code_510,no,no,0,185.9,99,32.91,171.6,123,15.47,178.5,109,10.65,5.0,2,1.79,2,no
MN,69,area_code_415,no,yes,30,163.2,99,26.54,147.4,112,13.19,141.6,106,12.34,11.0,6,4.81,2,no
DE,109,area_code_415,no,no,0,161.5,85,27.21,193.4,81,16.94,160.3,86,11.37,8.6,5,1.92,3,yes
VA,106,area_code_510,no,yes,0,124.5,125,17.48,100.4,132,16.34,145.7,115,9.18,7.4,4,3.27,1,no
RI,124,area_code_408,no,no,0,61.9,100,30.34,248.1,109,17.52,216.3,84,10.77,11.4,6,2.84,1,no
ID,90,area_code_408,no,no,0,75.8,90,36.99,219.1,83,15.01,222.3,116,10.63,6.6,2,2.93,1,no
NY,99,area_code_415,no,yes,0,188.1,74,15.4,155.5,92,16.79,133.0,89,6.7,9.0,3,2.61,4,no
DE,71,area_code_408,no,yes,0,115.7,86,33.87,167.0,131,15.28,211.8,65,9.57,11.6,2,3.79,1,no
OH,155,area_code_510,no,no,0,154.5,94,19.56,140.6,114,29.89,119.1,145,9.92,4.6,5,2.76,1,yes
RI,231,area_code_408,no,yes,49,74.7,68,45.83,62.8,162,26.17,184.3,104,13.61,11.9,3,2.91,1,no
OR,134,area_code_415,no,yes,27,169.7,88,43.08,152.4,100,19.83,280.0,92,6.03,13.0,2,3.41,1,no
NM,141,area_code_415,no,no,0,143.3,127,39.8,224.8,121,15.67,191.5,61,8.17,9.8,2,2.15,1,no
MD,86,area_code_510,no,yes,0,162.3,153,35.09,130.3,125,30.34,261.3,99,13.9,5.0,5,3.35,4,no
TX,141,area_code_408,no,yes,40,202.3,90,25.64,190.5,115,10.9,202.7,106,10.05,5.0,6,2.77,1,no
OR,112,area_code_510,no,yes,0,60.6,103,28.93,137.6,160,16.09,179.5,83,8.8,9.9,3,3.03,1,no
LA,89,area_code_415,yes,no,0,130.3,69,35.86,289.5,116,23.9,172.4,117,10.69,9.4,6,1.71,1,no
OR,51,area_code_408,no,yes,32,82.0,98,39.09,169.6,157,19.0,338.6,72,7.72,12.2,2,4.56,4,no
AL,100,area_code_415,no,yes,1,216.9,85,19.33,157.5,106,9.03,261.8,85,13.37,5.8,3,3.54,1,no
ND,44,area_code_415,no,no,42,95.0,110,17.58,216.5,95,21.25,191.2,76,9.45,8.5,6,3.54,1,no
AK,184,area_code_415,no,no,0,68.2,111,53.83,256.9,112,19.15,163.1,93,8.37,8.8,2,3.8,4,no
VT,143,area_code_408,no,no,0,163.4,114,35.36,170.1,128,20.01,215.9,95,9.6,10.5,6,1.35,2,no
VT,62,area_code_415,no,yes,31,218.0,101,24.18,234.5,137,18.65,323.0,97,12.24,14.4,3,2.26,1,no
AR,103,area_code_415,no,no,1,209.3,68,31.08,182.7,101,20.11,209.8,75,12.72,6.1,5,1.86,3,no
TX,143,area_code_415,no,no,44,181.6,75,22.39,184.0,132,21.33,209.4,80,10.3,10.4,5,2.51,5,no
AR,200,area_code_415,yes,yes,0,189.0,64,42.02,187.6,114,19.92,153.6,110,7.25,15.7,4,2.32,1,no
ID,171,area_code_415,no,no,0,147.9,89,33.65,168.0,121,25.83,143.3,136,9.46,4.9,5,3.04,3,no
WA,147,area_code_510,no,yes,45,161.4,96,37.87,93.7,97,14.89,237.6,106,11.27,9.1,5,3.02,1,no
SC,158,area_code_510,no,no,0,249.2,85,32.95,175.4,119,17.11,308.6,150,9.93,9.3,4,3.07,1,yes
MN,101,area_code_408,no,no,0,181.1,105,40.3,258.7,126,19.41,151.9,109,9.51,8.3,3,3.39,1,no
NH,45,area_code_408,no,no,0,192.2,53,22.74,222.4,73,24.09,249.7,116,13.77,15.6,2,2.79,1,yes
NC,145,area_code_510,no,no,0,311.9,116,48.46,320.9,135,18.81,235.0,61,11.06,6.7,1,3.74,1,no
AK,178,area_code_415,no,no,0,118.8,65,37.64,187.6,134,23.35,239.9,116,12.51,10.4,4,2.3,1,no
OR,207,area_code_510,no,yes,0,55.8,94,26.31,128.0,121,27.55,142.0,115,13.92,8.1,5,2.12,3,no
WV,81,area_code_415,no,yes,33,146.1,98,24.24,221.2,87,19.24,167.0,87,10.26,7.9,4,2.36,4,no
MI,210,area_code_415,no,no,0,109.1,94,44.85,299.9,136,16.19,217.4,113,12.47,9.0,2,2.79,1,no
NC,88,area_code_408,no,no,0,195.6,87,33.86,105.0,101,14.61,220.4,114,9.0,6.8,2,3.04,2,yes
UT,192,area_code_415,no,yes,1,16.2,71,28.99,256.4,120,17.14,141.6,103,11.88,7.5,14,2.45,1,no
AR,116,area_code_415,no,no,0,274.6,95,30.33,238.8,105,21.57,241.8,127,11.88,11.1,5,2.18,4,yes
TX,55,area_code_415,no,yes,37,209.1,112,25.61,286.5,110,21.51,230.6,93,10.95,9.4,2,2.77,1,no
SD,61,area_code_415,no,no,0,291.6,99,30.09,256.8,133,19.6,274.9,92,8.42,12.2,3,3.4,1,no
SC,98,area_code_415,yes,no,36,138.1,127,39.22,92.8,92,16.71,167.7,91,12.56,11.5,5,2.74,1,yes
GA,145,area_code_415,no,no,35,158.0,92,43.3,144.4,105,9.43,155.8,116,12.89,4.9,3,3.17,3,no
SC,122,area_code_415,no,no,29,190.6,107,38.23,187.7,110,23.57,241.6,118,10.19,7.4,6,2.7,1,no
TX,75,area_code_415,no,yes,36,96.3,111,43.2,222.2,125,16.11,273.3,134,10.16,8.3,4,2.71,3,no
PA,86,area_code_510,no,yes,0,189.1,94,32.61,207.5,109,24.72,233.7,151,9.66,7.5,2,2.61,0,no
AR,139,area_code_415,no,yes,20,153.9,113,16.98,123.1,109,20.86,174.0,134,12.84,3.7,2,3.0,1,no
NE,113,area_code_415,no,yes,32,93.4,112,37.71,161.0,101,20.08,203.4,109,10.45,9.5,7,3.68,1,no
GA,169,area_code_415,no,yes,13,117.9,124,24.21,132.4,150,16.91,237.0,105,11.16,9.9,2,3.99,1,no
HI,176,area_code_415,no,no,0,181.1,129,32.44,215.5,128,21.29,364.6,139,10.38,9.5,6,1.57,4,no
MS,21,area_code_415,no,yes,27,226.4,63,31.63,197.4,84,20.98,167.5,58,17.56,11.1,5,2.79,0,yes
VA,72,area_code_415,no,no,0,167.8,126,23.32,227.0,107,25.58,261.8,105,11.79,3.2,3,2.02,1,yes
NE,153,area_code_510,no,no,1,247.6,90,41.48,119.9,105,16.78,247.3,132,13.54,5.8,2,3.28,1,no
NE,79,area_code_408,no,yes,33,79.4,95,39.32,142.9,114,17.41,322.0,83,7.34,10.2,1,3.22,1,no
CT,197,area_code_408,no,yes,0,96.7,73,19.53,143.2,123,16.94,86.3,96,11.15,13.1,3,3.61,1,no
MN,152,area_code_415,no,yes,22,131.2,82,10.89,156.7,139,17.91,260.1,109,11.12,8.3,2,2.96,1,no
MA,78,area_code_408,no,no,35,87.6,111,18.24,208.1,89,21.26,159.4,127,13.57,16.6,2,3.21,1,no
NE,61,area_code_408,no,yes,32,98.5,102,23.61,224.6,121,26.81,273.4,125,13.37,5.7,6,3.03,3,no
IN,60,area_code_415,no,yes,43,29.7,104,29.74,206.9,95,19.21,250.0,79,12.19,13.1,3,2.45,2,no
AZ,43,area_code_408,no,no,35,186.8,147,27.46,225.1,126,21.99,208.9,99,9.76,4.3,2,1.43,2,no
NH,58,area_code_415,no,no,0,138.0,104,30.75,98.9,102,17.03,237.7,85,14.21,4.3,5,1.27,0,no
CA,130,area_code_415,yes,no,0,193.0,91,17.38,251.6,70,18.82,303.2,96,17.0,11.9,5,2.71,3,yes
OK,88,area_code_510,no,yes,0,160.8,92,31.92,221.8,79,16.77,195.0,121,15.66,13.2,3,3.11,1,no
NE,100,area_code_408,no,no,0,107.4,96,27.06,306.6,88,24.2,312.2,86,10.45,7.7,5,2.02,1,yes
OR,169,area_code_415,no,yes,23,191.3,94,34.82,192.8,112,15.45,226.8,128,10.96,9.0,2,1.8,1,no
SC,117,area_code_510,no,no,47,201.4,83,46.64,179.3,149,15.12,218.8,123,9.07,14.1,5,2.62,1,no
AR,140,area_code_415,yes,yes,0,211.0,82,23.58,215.1,97,21.73,175.8,92,14.63,8.5,3,2.48,4,no
NC,125,area_code_408,no,no,1,179.9,87,47.68,111.9,125,25.17,192.1,100,11.13,11.5,3,3.08,3,no
ME,88,area_code_415,no,no,1,189.1,134,27.32,94.0,131,18.11,175.1,105,11.24,9.6,2,1.19,0,no
AR,101,area_code_408,no,yes,38,142.9,92,46.66,185.3,165,15.93,169.9,109,10.05,5.0,7,3.78,1,yes
ND,145,area_code_415,no,no,0,172.9,56,43.89,241.3,156,21.37,229.6,129,13.27,9.4,2,2.33,3,no
MN,56,area_code_415,no,yes,0,182.0,115,32.15,234.9,83,15.14,241.5,83,10.34,14.4,5,2.04,2,no
WY,168,area_code_415,yes,no,32,250.8,103,22.06,152.5,95,17.31,201.9,125,12.59,7.6,9,2.47,1,no
UT,116,area_code_510,no,yes,0,106.2,88,25.41,138.3,124,7.78,293.1,113,9.03,4.6,2,3.13,1,no
MS,23,area_code_415,no,yes,32,143.6,69,0.0,194.4,111,27.6,157.0,159,10.24,8.9,6,4.44,1,no
MI,158,area_code_510,no,yes,0,205.5,84,59.03,301.6,108,17.39,155.0,59,16.39,8.2,3,2.4,0,no
GA,100,area_code_415,no,yes,26,215.5,123,18.21,285.3,126,19.8,277.9,84,12.52,6.8,3,3.34,1,no
IA,144,area_code_415,no,yes,0,223.7,100,30.83,191.9,137,18.41,286.7,121,8.26,8.4,3,2.57,2,no
MD,165,area_code_408,no,yes,42,129.5,83,56.33,236.3,116,20.31,249.0,138,8.55,12.8,3,2.5,1,no
AR,118,area_code_415,no,yes,38,66.6,85,44.2,165.2,104,13.13,184.8,97,11.27,7.7,3,2.2,1,no
VT,133,area_code_408,no,yes,37,29.9,144,27.02,155.7,108,19.34,211.2,123,13.96,13.1,2,2.94,2,no
DE,91,area_code_415,no,yes,0,311.0,108,40.86,266.6,97,23.36,346.1,97,11.38,8.6,3,2.04,0,yes
AK,145,area_code_415,no,no,0,243.4,128,36.47,212.6,93,12.02,286.1,112,9.2,8.5,4,2.84,0,no
SC,69,area_code_510,yes,no,0,222.5,97,1.68,264.3,105,20.12,218.5,125,10.82,10.8,5,2.55,2,no
MI,118,area_code_415,yes,no,0,166.7,103,32.49,330.6,123,19.84,199.1,110,13.51,11.7,7,1.81,0,no
IA,105,area_code_510,no,no,0,156.1,106,18.86,185.2,96,16.58,148.4,101,8.98,12.1,2,2.99,0,no
SC,90,area_code_408,yes,no,0,160.5,92,26.23,261.1,94,18.83,175.2,75,7.93,6.7,7,4.13,1,no
ND,147,area_code_510,yes,no,0,94.7,104,39.49,161.6,99,14.81,181.2,103,12.79,8.1,4,3.13,1,yes
LA,77,area_code_408,no,no,0,169.5,96,20.52,201.3,124,19.73,282.8,103,8.29,14.9,4,3.02,1,no
OR,56,area_code_510,no,yes,40,94.1,117,28.09,203.2,149,24.0,266.9,63,13.73,6.0,4,1.01,7,no
MA,129,area_code_415,no,no,0,159.4,76,33.24,268.9,101,13.32,110.8,115,9.26,12.1,2,3.19,1,no
WI,125,area_code_510,no,yes,41,152.7,114,35.2,220.5,133,18.0,201.4,136,11.98,10.6,5,1.03,4,no
MD,54,area_code_408,no,no,0,168.4,91,30.52,146.8,106,20.56,161.6,121,11.38,8.7,4,1.53,1,no
OR,81,area_code_415,no,no,0,156.6,106,21.01,258.5,107,21.47,252.5,117,10.29,10.6,6,2.54,6,no
VA,204,area_code_415,no,yes,35,141.4,103,39.18,193.6,120,28.49,212.1,106,9.49,9.1,7,1.5,1,no
CA,169,area_code_510,no,no,0,140.5,107,28.9,86.2,150,20.57,271.0,92,9.26,10.7,5,2.62,0,no
ND,110,area_code_415,no,yes,28,234.7,108,26.33,301.8,118,15.63,324.7,116,13.38,13.0,4,3.09,1,no
AK,130,area_code_415,no,yes,0,131.7,100,29.35,266.3,104,15.83,325.7,119,10.89,14.1,3,2.24,1,no
NH,177,area_code_415,yes,no,0,247.2,103,27.46,171.5,106,16.33,217.0,76,11.21,6.5,5,3.3,0,yes
RI,36,area_code_415,no,no,0,242.5,91,24.28,241.1,94,23.47,268.7,104,7.74,8.7,3,2.62,1,no
DC,71,area_code_415,no,no,0,269.6,119,22.62,200.3,94,21.72,242.7,70,16.54,5.7,2,3.25,1,no
MA,113,area_code_415,no,no,45,128.4,130,45.9,206.2,143,24.75,296.2,106,10.91,4.4,2,3.04,0,no
WV,96,area_code_415,no,no,0,196.4,93,31.39,285.0,102,22.79,238.9,135,9.22,12.4,2,3.32,4,yes
DE,161,area_code_408,no,no,0,121.1,114,31.15,211.3,101,21.0,162.2,124,14.56,7.3,2,1.56,4,no
GA,72,area_code_408,no,yes,37,207.2,127,26.31,220.2,136,26.75,175.6,120,11.77,2.3,2,3.51,1,no
NY,95,area_code_415,no,yes,0,211.2,72,49.39,240.1,78,12.05,166.1,109,13.31,13.8,3,3.03,1,no
AR,94,area_code_415,no,no,0,275.5,88,29.57,217.3,140,25.3,245.4,105,11.95,11.5,11,4.13,1,no
NV,1,area_code_415,no,no,1,166.3,65,18.6,244.4,85,7.48,309.7,102,9.67,16.2,2,3.97,1,no
DE,78,area_code_408,no,yes,28,155.1,94,17.6,229.6,148,17.98,178.5,74,9.3,7.0,2,3.14,0,no
MO,146,area_code_415,no,no,0,185.9,69,42.95,53.5,86,12.96,145.6,93,8.22,10.9,2,1.99,3,no
FL,75,area_code_415,no,yes,42,168.6,57,28.65,192.1,114,18.78,270.0,114,14.76,9.7,6,4.2,1,no
OR,79,area_code_510,no,yes,44,92.3,125,26.05,190.0,125,15.7,262.7,60,10.06,9.1,2,2.63,3,no
ND,162,area_code_415,yes,no,0,182.9,94,30.76,136.2,101,18.08,207.8,87,9.63,11.1,3,2.94,0,yes
OH,81,area_code_510,no,no,0,186.9,114,32.8,216.1,99,26.54,310.0,104,13.29,5.2,7,1.02,2,no
UT,57,area_code_415,no,no,1,234.4,78,19.93,168.1,128,17.92,200.1,134,11.8,10.7,2,3.48,1,no
MO,130,area_code_415,no,no,0,134.9,112,44.89,112.2,111,21.65,250.9,116,14.44,8.3,6,1.66,2,no
PA,113,area_code_415,no,yes,0,128.5,57,45.05,184.3,115,24.8,175.1,63,11.89,14.0,3,3.24,1,yes
MO,106,area_code_408,no,yes,51,226.1,93,36.62,47.4,129,21.62,216.9,66,12.14,7.8,2,4.4,2,yes
CA,123,area_code_415,no,yes,27,126.7,81,33.41,224.7,110,11.02,179.5,136,14.84,5.7,3,2.06,1,no
PA,159,area_code_415,no,yes,24,106.3,102,32.77,157.1,118,15.61,223.2,114,7.21,7.3,2,3.24,1,no
AR,182,area_code_415,no,yes,0,136.3,133,28.52,111.7,94,12.11,203.6,78,8.36,6.8,12,2.92,3,no
AL,217,area_code_408,no,no,39,195.0,104,29.97,298.0,128,24.69,218.7,112,13.07,7.1,5,2.9,1,yes
OK,108,area_code_415,no,no,0,134.9,100,28.07,132.5,67,12.94,177.4,84,11.52,6.5,3,1.83,3,no
SC,79,area_code_408,yes,yes,0,195.2,101,25.25,179.4,134,16.51,263.1,90,10.44,7.9,5,3.06,0,yes
WY,187,area_code_415,yes,no,0,143.8,111,39.27,142.2,103,5.38,206.6,113,11.68,7.8,5,3.38,3,no
DE,138,area_code_408,no,yes,33,191.4,89,31.9,138.3,84,24.27,248.6,95,9.63,6.0,5,2.9,3,no
CO,100,area_code_510,no,yes,0,238.2,105,30.63,173.2,90,21.49,203.8,79,12.92,7.1,5,2.37,4,no
NV,124,area_code_415,no,no,0,0.0,83,18.86,216.1,130,27.75,271.3,105,13.17,11.7,4,4.01,1,no
AK,132,area_code_415,no,no,0,189.5,111,29.43,163.3,129,14.77,231.2,131,9.65,8.7,4,3.24,3,yes
CT,57,area_code_415,no,no,0,103.3,121,36.82,101.0,157,15.75,296.7,123,9.58,9.3,2,3.96,2,no
IA,20,area_code_408,no,no,46,222.0,87,34.83,179.1,112,19.07,252.1,103,8.02,10.3,5,2.26,1,no
AK,68,area_code_415,yes,no,21,178.1,76,43.52,203.9,107,14.04,243.2,101,9.06,10.7,6,2.65,0,no
MI,108,area_code_408,no,no,39,162.6,107,22.41,258.1,96,16.25,197.8,78,10.46,11.5,2,2.45,1,no
NE,97,area_code_510,no,yes,24,170.0,126,25.97,208.2,94,26.14,265.6,125,14.07,9.8,3,2.26,1,no
NE,118,area_code_415,yes,no,19,250.4,127,44.68,131.2,121,29.19,216.5,130,8.21,5.6,7,4.41,1,yes
AR,151,area_code_415,no,yes,30,201.1,109,34.76,324.3,132,23.07,227.5,123,7.59,12.0,2,2.84,1,no
NY,131,area_code_415,no,yes,0,128.1,72,27.66,215.9,78,18.37,199.5,89,13.03,7.2,5,2.22,5,no
NV,114,area_code_415,no,no,0,133.0,127,34.56,131.5,97,25.27,148.2,62,8.3,11.1,2,3.05,0,no
MN,104,area_code_415,no,no,0,242.3,97,29.07,183.5,149,19.64,150.3,128,9.8,7.9,5,3.43,1,no
MO,116,area_code_415,no,no,31,217.6,115,25.19,219.1,99,14.96,340.6,94,13.41,10.9,4,2.89,3,no
NH,75,area_code_415,no,yes,0,59.3,67,29.46,308.7,101,19.29,255.4,112,7.93,10.2,7,2.18,1,yes
GA,125,area_code_408,no,no,30,182.7,129,51.98,135.2,114,15.48,269.1,115,13.19,7.0,5,3.06,3,no
NV,91,area_code_415,no,no,0,108.8,55,26.75,176.0,109,21.67,198.3,106,9.83,9.3,5,4.14,1,no
OK,96,area_code_408,no,yes,33,11.3,9,22.76,218.2,96,18.53,103.2,122,12.41,6.1,5,1.16,4,no
TN,36,area_code_415,no,no,0,202.4,78,44.03,181.0,94,15.02,225.2,142,9.64,7.0,2,2.25,1,no
NY,198,area_code_408,no,no,0,164.3,104,16.21,108.4,112,21.39,192.4,94,13.8,12.0,2,3.71,1,no
SC,125,area_code_510,no,yes,27,166.6,94,36.16,196.6,114,20.15,141.6,105,5.72,8.9,4,1.39,4,no
MA,54,area_code_415,no,yes,35,192.4,116,28.18,249.1,104,24.95,130.3,100,10.37,7.9,4,2.23,1,no
AL,121,area_code_415,no,no,0,142.1,96,18.47,188.9,112,26.9,235.3,129,11.21,9.8,3,1.54,4,yes
SD,156,area_code_415,yes,no,0,163.5,105,23.81,153.2,110,21.12,208.7,147,10.4,8.7,1,3.08,1,yes
AL,90,area_code_408,yes,no,0,174.6,103,31.39,199.9,104,16.36,163.0,106,11.38,9.3,2,2.51,1,yes
AZ,162,area_code_415,no,no,0,156.0,92,27.53,79.2,123,16.67,169.6,118,11.6,5.9,3,2.39,1,no
AZ,54,area_code_408,no,no,0,171.6,83,43.58,183.7,101,20.02,178.2,82,9.99,10.4,5,2.4,1,no
MT,120,area_code_415,no,yes,18,193.1,87,28.78,148.9,130,20.8,204.6,100,9.61,12.3,3,2.36,4,no
TX,93,area_code_510,no,no,0,70.2,109,32.89,71.2,159,29.0,169.1,91,9.84,10.5,3,2.88,2,yes
MT,97,area_code_415,no,no,0,148.6,98,37.47,217.2,134,18.48,122.8,106,17.11,7.1,2,2.18,1,yes
SD,58,area_code_415,no,no,1,57.3,91,30.51,212.9,113,20.88,176.0,96,9.83,6.8,5,3.02,1,no
NM,130,area_code_415,no,yes,0,183.4,116,40.35,130.7,142,20.51,167.1,87,13.4,8.1,1,3.01,1,no
KS,96,area_code_415,no,yes,0,148.6,97,34.54,334.6,100,21.09,246.4,94,12.24,6.0,3,2.66,5,no
FL,142,area_code_408,no,yes,35,57.7,81,23.17,230.8,127,18.95,208.6,92,12.99,10.7,5,2.83,1,no
VA,73,area_code_415,no,no,0,82.4,67,24.76,278.7,111,20.83,205.0,99,10.97,7.9,3,3.59,1,no
CA,92,area_code_408,no,no,0,170.2,100,29.03,141.4,119,25.99,207.2,107,12.21,9.8,5,3.45,4,yes
FL,148,area_code_415,no,no,30,81.4,74,41.04,340.5,127,2.41,153.0,123,11.01,6.6,3,2.98,1,no
TX,147,area_code_408,no,no,36,19.6,107,28.06,203.3,97,14.6,264.6,109,6.73,5.5,3,3.37,4,no
OR,114,area_code_510,no,no,0,107.8,108,27.72,157.4,86,22.75,211.6,46,10.59,15.5,6,1.79,1,no
NC,111,area_code_415,no,yes,42,62.5,98,22.3,152.9,126,22.15,242.6,77,10.37,9.4,2,2.87,0,no
NC,124,area_code_408,no,yes,35,180.9,105,53.82,188.7,103,20.3,286.8,99,12.25,7.7,3,2.89,1,no
NH,130,area_code_415,no,yes,0,137.4,136,32.0,213.7,108,20.43,247.6,102,9.55,12.4,3,2.98,2,no
AL,130,area_code_408,no,no,0,162.7,90,19.11,266.2,94,19.19,311.2,98,15.08,8.2,3,2.03,0,yes
ID,15,area_code_415,no,no,1,154.9,93,21.68,186.1,90,19.55,169.1,123,9.75,8.9,12,3.36,1,no
ND,136,area_code_415,no,yes,37,173.4,90,41.08,133.6,107,18.23,262.1,97,12.46,10.4,3,2.15,0,no
NY,108,area_code_415,no,yes,45,194.0,132,40.11,269.5,117,17.48,270.6,84,11.42,11.9,1,2.65,1,no
NM,134,area_code_408,no,no,0,108.5,104,33.51,144.1,107,23.1,218.6,112,12.92,5.9,4,2.93,1,yes
AR,32,area_code_415,no,yes,37,123.1,111,24.34,176.3,135,25.61,241.0,109,6.52,6.7,3,2.01,1,no
NM,104,area_code_510,no,no,0,27.3,99,35.72,199.2,100,23.01,254.3,87,12.86,5.1,3,3.06,6,yes
CT,97,area_code_408,no,yes,0,177.8,80,28.12,159.6,140,22.88,239.4,117,10.58,12.4,3,3.23,1,no
MD,120,area_code_415,no,yes,34,159.7,120,36.52,137.6,111,16.08,204.0,109,12.22,6.8,7,1.94,0,no
TX,57,area_code_510,no,yes,44,267.1,126,34.47,174.6,101,21.4,210.4,110,11.88,10.5,4,2.09,2,yes
OH,117,area_code_415,no,no,0,75.3,98,31.95,198.6,132,16.47,261.0,89,9.67,12.4,10,1.1,0,no
DC,144,area_code_415,no,no,0,144.1,125,51.42,287.9,127,15.47,183.0,108,11.16,9.1,5,2.89,1,yes
OK,29,area_code_415,yes,no,29,167.7,88,28.35,195.0,128,15.77,100.7,111,8.14,11.5,2,0.98,0,no
MS,176,area_code_415,yes,no,0,99.2,72,34.3,127.1,89,15.67,197.2,128,13.37,10.9,2,1.53,1,no
CT,107,area_code_415,no,no,0,197.6,88,16.98,127.2,114,20.0,299.0,99,8.79,13.8,3,2.11,5,no
VA,102,area_code_415,yes,no,0,181.5,113,19.49,220.9,146,16.88,224.9,123,8.83,10.7,2,3.01,0,yes
NM,101,area_code_415,yes,no,0,91.9,93,39.54,239.1,135,26.64,202.6,105,15.49,8.9,5,2.89,1,yes
AZ,86,area_code_415,yes,no,15,212.5,92,21.74,244.0,104,24.6,200.0,107,11.7,10.0,5,1.92,1,yes
HI,68,area_code_408,no,yes,40,202.7,67,27.53,131.6,112,21.14,203.8,99,8.61,7.7,3,3.83,3,no
CA,97,area_code_415,no,yes,38,8.6,93,16.15,260.1,156,11.43,222.9,108,5.49,12.9,5,2.85,1,no
MO,96,area_code_415,no,no,26,190.0,114,12.91,195.1,127,21.43,187.7,108,10.72,10.4,5,2.63,1,no
KY,104,area_code_510,no,yes,36,200.8,112,31.83,130.1,160,26.58,319.1,75,14.12,9.6,2,3.33,1,no
MA,131,area_code_415,no,yes,29,149.4,88,41.76,177.4,123,11.51,104.4,96,9.74,5.3,5,3.2,1,no
MS,193,area_code_415,no,no,0,197.5,70,31.6,211.4,91,14.57,292.6,84,8.41,6.7,13,2.51,0,no
GA,23,area_code_510,no,yes,45,116.1,92,16.78,224.0,99,24.09,186.3,77,8.16,13.3,5,2.61,0,no
HI,170,area_code_408,yes,no,0,183.9,76,36.8,216.0,103,16.74,160.4,134,9.96,9.1,5,2.23,1,yes
MT,105,area_code_415,no,no,0,134.0,87,26.43,158.8,103,24.38,210.1,140,11.44,4.2,3,4.83,1,no
PA,65,area_code_408,no,yes,35,180.7,99,39.17,209.2,95,17.24,65.0,85,11.25,8.0,5,1.2,1,no
RI,96,area_code_415,no,no,29,209.8,86,51.65,142.5,65,17.77,241.9,69,8.06,6.4,2,3.07,0,yes
CA,137,area_code_408,no,no,0,158.9,61,16.94,209.4,72,26.68,247.7,120,15.06,3.9,3,3.13,2,yes
AL,75,area_code_408,no,no,0,228.3,66,35.17,151.3,100,17.46,255.0,56,7.48,8.3,3,3.04,2,no
NH,168,area_code_415,no,no,0,246.5,77,30.8,182.4,98,25.02,273.9,102,12.15,12.5,4,2.38,1,yes
AL,189,area_code_408,no,yes,22,59.6,101,27.02,331.2,97,21.85,216.9,107,12.63,12.0,4,3.24,3,no
MN,212,area_code_415,no,yes,20,185.5,92,31.64,177.7,93,19.16,164.0,103,11.07,15.5,2,2.91,4,no
OK,75,area_code_415,no,no,29,136.7,91,18.11,221.1,116,19.26,320.2,155,8.53,4.5,10,3.23,4,no
WV,105,area_code_510,no,no,0,115.3,111,24.16,190.0,100,23.44,172.2,125,13.17,3.2,2,2.86,1,yes
TX,142,area_code_510,no,yes,0,174.9,124,19.84,286.3,100,19.7,175.4,81,10.42,10.8,4,1.99,1,no
MA,243,area_code_415,no,yes,0,83.5,153,15.52,206.7,114,15.23,185.0,125,12.31,7.0,10,2.52,1,no
NY,110,area_code_415,no,yes,31,198.5,101,22.53,235.0,116,18.77,204.7,111,10.02,8.9,2,2.93,1,no
NC,72,area_code_415,yes,yes,0,201.4,101,33.27,135.7,129,19.33,170.5,101,16.21,9.0,2,2.46,1,no
RI,123,area_code_415,yes,no,0,317.8,113,33.85,228.2,69,19.59,207.8,94,11.43,2.6,4,3.07,1,yes
AL,133,area_code_415,no,no,0,296.0,108,19.08,185.4,100,25.07,294.4,115,11.94,11.8,5,2.67,1,yes
DC,122,area_code_408,no,yes,0,230.4,78,30.9,202.2,138,20.19,312.8,113,13.3,5.4,5,2.37,0,no
OH,101,area_code_510,yes,no,23,186.1,130,25.58,156.5,115,11.85,214.0,132,10.59,6.9,5,2.93,4,no
ID,144,area_code_510,no,no,0,161.0,111,39.59,315.9,107,25.27,245.3,92,10.96,9.8,5,2.28,2,no
TX,124,area_code_408,no,yes,15,246.9,125,14.41,335.1,108,17.85,246.3,136,9.32,6.1,3,2.93,1,no
CA,32,area_code_415,no,yes,44,187.5,129,31.82,100.1,147,23.65,247.3,81,11.63,20.0,5,2.7,3,no
CO,105,area_code_415,no,no,24,181.2,92,24.68,264.0,113,21.92,210.0,100,10.33,10.7,4,3.83,1,no
DE,79,area_code_408,no,yes,37,51.2,103,24.77,310.8,98,19.91,147.5,112,13.33,6.3,5,2.9,1,no
GA,134,area_code_510,no,yes,44,188.7,100,40.06,189.4,135,15.65,185.9,99,11.15,8.9,2,2.4,1,no
KS,117,area_code_415,yes,yes,0,164.9,66,17.79,268.1,107,25.5,144.7,127,6.38,11.9,12,2.79,6,no
NJ,139,area_code_408,yes,yes,36,168.2,146,28.63,211.6,114,14.18,312.0,118,8.93,10.0,4,1.3,3,no
NY,109,area_code_415,no,yes,0,89.0,92,23.77,229.6,101,19.55,208.8,64,7.42,13.7,4,0.46,1,no
MI,57,area_code_415,no,no,0,163.1,50,26.17,224.6,101,12.21,205.3,116,11.68,7.9,6,2.4,1,no
DE,116,area_code_415,no,no,49,200.6,118,44.8,158.5,98,13.1,251.4,110,10.53,5.0,6,3.48,1,no
GA,130,area_code_415,yes,yes,0,262.9,78,22.44,249.8,103,14.52,238.9,140,9.9,7.9,4,2.49,1,no
MS,95,area_code_408,no,yes,0,248.3,106,24.45,292.6,117,19.39,296.4,109,13.57,11.9,2,2.49,6,no
UT,176,area_code_510,no,no,0,110.8,105,35.09,138.3,140,14.09,175.4,79,11.39,12.4,7,3.6,4,no
DC,171,area_code_415,no,no,0,36.8,124,17.97,222.0,125,19.2,215.0,132,6.69,10.6,6,3.17,1,no
MO,124,area_code_415,no,yes,0,237.0,66,12.84,285.5,84,23.61,169.0,119,11.03,9.9,4,2.75,1,no
ME,105,area_code_415,no,no,44,242.7,100,25.43,234.4,104,20.48,246.4,125,10.11,7.4,5,1.59,1,no
AZ,116,area_code_408,no,no,0,72.7,104,33.3,218.8,141,21.31,209.4,117,12.12,16.2,5,2.11,3,no
OK,94,area_code_415,yes,no,37,168.0,131,35.03,226.6,133,24.8,205.9,103,11.01,9.2,2,2.71,1,no
ND,185,area_code_415,no,no,0,150.4,95,38.66,194.5,113,26.28,166.2,119,15.13,10.6,4,2.12,1,no
MT,138,area_code_415,no,no,0,62.1,89,33.59,175.2,93,14.84,130.4,116,11.17,8.9,3,2.88,0,no
MD,154,area_code_408,no,yes,0,179.1,113,27.19,125.0,129,20.63,222.9,105,11.37,3.2,6,4.07,1,no
ME,133,area_code_510,no,no,0,189.6,101,29.59,254.1,112,22.18,320.4,80,11.41,8.6,5,3.28,1,no
MD,229,area_code_415,no,no,0,152.7,88,23.11,302.5,108,14.43,280.0,114,13.45,6.8,2,1.84,4,no
CT,136,area_code_408,no,yes,36,131.0,83,33.99,116.4,129,17.55,160.4,78,9.03,7.5,1,2.25,3,no
OR,126,area_code_510,no,yes,0,211.4,100,22.83,329.5,73,15.23,255.7,80,12.53,10.6,5,2.29,2,no
AZ,86,area_code_415,no,no,26,172.2,90,21.12,262.2,105,18.78,270.6,112,10.52,10.9,2,2.83,1,no
AK,104,area_code_408,no,no,1,92.9,145,24.81,135.8,107,23.43,178.4,120,10.95,3.9,7,0.0,0,no
WA,73,area_code_408,no,no,34,229.2,127,47.18,170.3,87,16.55,249.8,133,7.11,3.9,3,1.65,4,no
NM,156,area_code_408,no,no,0,118.0,121,31.61,104.1,123,24.19,235.0,116,12.41,3.5,5,2.19,1,yes
NJ,142,area_code_415,no,yes,22,63.8,91,46.99,182.3,132,17.41,278.9,96,10.73,8.0,7,1.4,4,no
AL,119,area_code_415,no,yes,0,152.0,88,31.63,209.8,88,20.6,206.0,100,9.82,2.7,2,2.99,1,no
NY,67,area_code_415,no,yes,26,198.5,126,27.13,162.8,106,22.82,210.1,137,8.69,9.7,6,2.46,1,no
OR,88,area_code_408,yes,yes,34,42.4,81,30.54,211.5,119,29.7,227.7,114,16.6,10.0,2,1.38,0,no
AL,78,area_code_408,no,no,0,168.6,115,39.08,197.7,122,17.21,261.4,101,11.53,8.1,8,0.83,1,no
OK,132,area_code_408,no,no,47,32.8,110,27.47,133.5,157,26.76,124.5,85,9.48,10.0,7,0.93,1,yes
MA,119,area_code_415,no,no,0,186.7,88,25.03,243.8,125,16.74,172.0,127,11.51,6.8,3,2.8,1,no
NC,66,area_code_415,no,yes,15,230.9,134,19.23,97.5,139,18.27,190.5,113,12.32,12.5,3,3.37,1,yes
UT,121,area_code_415,yes,yes,30,45.7,117,18.68,224.6,115,17.24,229.2,108,11.32,7.8,5,2.21,1,no
NH,152,area_code_510,no,no,0,279.4,84,32.25,236.1,111,24.74,314.4,92,7.93,13.6,6,2.25,1,yes
PA,126,area_code_415,no,yes,0,324.2,111,54.72,226.7,97,17.72,286.9,131,11.66,6.3,3,2.28,1,no
NV,128,area_code_408,no,no,0,351.5,115,36.79,190.5,96,22.08,294.5,106,9.71,8.1,2,2.15,1,no
SD,109,area_code_510,no,yes,38,133.1,91,27.58,187.5,87,16.95,160.8,80,10.31,5.4,3,4.71,1,no
HI,114,area_code_415,no,yes,37,145.0,110,38.54,288.6,131,26.95,284.5,57,9.73,7.1,3,1.4,0,no
OK,101,area_code_415,no,yes,0,82.4,108,34.35,274.7,114,18.17,181.2,95,11.67,10.7,2,2.43,1,no
PA,126,area_code_510,no,no,1,143.5,84,34.07,70.9,110,13.09,162.0,63,15.35,3.9,2,3.15,1,no
VA,129,area_code_415,no,no,0,111.8,96,33.52,164.6,114,23.24,175.2,124,10.72,10.7,4,1.44,0,yes
TX,125,area_code_415,no,no,0,93.8,76,28.89,186.9,81,18.59,215.0,98,5.14,8.4,4,3.04,2,no
MS,90,area_code_408,yes,yes,38,134.4,88,30.51,133.1,100,14.84,241.4,106,13.05,7.5,9,2.91,1,no
OR,87,area_code_510,no,yes,0,185.6,105,30.25,246.6,126,17.8,178.2,111,13.99,11.3,2,2.9,1,no
MD,180,area_code_408,no,no,44,103.8,94,40.59,182.9,116,19.3,201.0,137,15.23,8.0,2,2.15,1,no
MT,155,area_code_415,no,yes,41,71.8,88,36.66,221.5,121,15.29,191.4,88,13.58,8.6,4,3.09,1,no
WY,111,area_code_415,no,no,22,147.6,111,26.04,190.4,120,13.2,163.9,125,16.51,8.0,2,3.43,1,no
AK,155,area_code_415,no,yes,0,171.7,99,39.63,120.2,130,14.9,299.3,106,8.91,9.8,2,2.77,1,no
MD,127,area_code_510,no,no,1,179.5,99,47.6,207.1,121,14.24,120.3,108,9.28,9.0,5,1.79,1,no
OR,243,area_code_510,no,yes,0,198.7,63,23.7,137.6,62,21.95,180.6,131,13.33,11.0,6,1.75,2,no
SC,218,area_code_415,yes,no,0,193.1,110,27.1,172.1,95,26.37,294.2,64,8.17,15.2,3,3.52,1,no
WY,118,area_code_510,no,no,0,91.6,115,29.07,199.2,139,18.69,221.6,97,14.18,11.3,4,1.83,0,no
NH,96,area_code_415,yes,no,0,218.3,119,47.4,254.7,101,16.56,386.3,77,10.24,14.6,2,1.5,3,no
RI,51,area_code_415,yes,no,0,199.0,85,23.35,216.4,113,23.93,224.5,88,9.39,12.3,3,2.35,1,yes
PA,101,area_code_415,no,no,0,230.7,115,27.35,156.6,131,19.95,310.6,82,9.83,6.7,3,2.89,2,no
KY,172,area_code_415,no,no,0,214.3,68,23.78,96.4,96,22.7,217.7,112,8.5,8.6,3,3.84,4,no
ID,164,area_code_415,yes,yes,0,166.4,101,29.39,176.9,96,20.4,222.5,113,9.84,11.4,3,2.7,1,yes
IA,42,area_code_415,no,yes,1,70.6,89,42.91,206.2,127,21.07,287.8,80,10.09,8.5,2,2.62,3,no
MA,138,area_code_415,no,yes,34,198.4,77,41.54,304.8,142,18.35,152.9,68,12.0,12.1,2,3.64,1,no
SC,199,area_code_510,no,yes,41,140.0,72,31.68,314.7,100,16.99,270.5,119,12.32,11.0,2,2.95,1,no
GA,82,area_code_415,yes,no,0,112.5,92,28.19,246.8,92,19.26,145.2,106,9.83,11.3,2,1.79,1,no
TX,17,area_code_415,no,yes,27,205.4,138,45.86,197.9,106,20.86,220.9,98,13.0,7.4,5,2.29,1,no
MD,80,area_code_510,no,no,0,193.0,98,23.94,185.1,79,10.27,235.1,110,12.1,10.4,7,3.2,1,no
MD,100,area_code_415,no,no,0,138.1,133,35.87,253.8,127,17.51,177.7,100,10.07,9.3,2,2.03,2,no
WY,73,area_code_415,no,no,1,107.6,131,23.34,184.1,160,21.61,309.3,47,10.61,2.5,2,3.17,1,no
SD,76,area_code_415,yes,yes,0,75.1,66,19.34,132.1,87,19.63,200.2,84,9.8,6.4,6,4.24,1,no
OR,98,area_code_415,no,no,0,172.0,119,28.16,116.3,120,20.43,243.6,68,9.38,13.7,5,4.84,3,no
WA,120,area_code_415,no,yes,0,116.1,83,36.33,220.5,105,24.94,300.8,175,12.15,6.8,2,0.95,1,no
NJ,108,area_code_415,yes,no,0,259.2,102,24.07,216.7,104,12.51,188.9,103,12.82,6.3,5,3.02,0,no
ND,122,area_code_510,no,yes,0,171.6,116,35.4,280.6,103,24.0,275.7,122,9.35,13.6,5,2.11,1,no
MD,145,area_code_415,no,yes,29,110.2,96,33.74,248.2,105,18.89,256.9,119,9.23,6.2,3,3.8,1,no
TX,33,area_code_415,no,yes,41,112.8,80,25.18,188.7,124,24.43,151.1,116,14.53,0.0,5,3.45,1,no
RI,131,area_code_415,no,yes,0,107.0,106,38.13,177.0,110,14.62,223.8,112,12.87,5.4,3,2.1,0,no
CO,196,area_code_415,yes,no,0,149.2,97,35.37,194.4,133,18.47,184.1,137,11.74,8.6,4,2.99,2,no
UT,43,area_code_415,yes,yes,35,240.5,72,31.04,199.5,125,22.49,138.8,109,10.02,8.6,3,2.36,1,no
WV,100,area_code_415,no,yes,37,218.0,105,26.79,179.2,122,17.94,154.8,103,14.62,7.0,4,2.69,1,no
WV,55,area_code_408,no,yes,35,72.6,118,30.9,131.6,129,20.81,209.6,88,10.36,6.7,11,3.39,1,no
MO,90,area_code_415,no,yes,47,161.7,114,44.63,132.5,139,16.74,232.3,75,6.84,14.5,3,1.54,1,no
PA,98,area_code_415,no,yes,0,106.2,97,18.72,174.4,119,17.67,185.4,95,11.28,6.6,4,3.01,4,no
ME,121,area_code_415,no,no,0,87.7,84,30.32,202.6,94,18.81,381.0,79,14.1,7.6,2,2.56,1,no
MN,125,area_code_415,no,no,0,173.2,100,47.42,114.0,135,13.9,297.1,94,11.27,6.4,2,1.73,1,no
NH,76,area_code_510,no,no,0,176.1,121,28.8,190.6,124,18.38,343.7,58,11.57,5.9,2,3.03,1,no
UT,122,area_code_510,no,no,0,194.6,86,28.97,186.5,122,19.46,193.1,114,7.91,8.4,4,2.87,1,no
IN,93,area_code_415,no,yes,38,230.5,102,22.77,220.2,125,17.73,254.8,65,10.98,6.6,3,1.08,1,no
MA,121,area_code_415,no,yes,33,171.4,116,30.87,212.2,124,14.91,253.9,74,8.33,5.7,8,3.54,0,no
WA,128,area_code_415,no,yes,0,218.4,126,34.14,137.3,130,16.54,185.9,111,9.34,13.5,2,1.76,4,no
MT,61,area_code_408,no,no,0,126.8,122,22.25,183.7,88,25.85,150.0,148,10.29,8.3,2,2.53,1,no
DC,188,area_code_408,no,no,32,146.4,108,44.17,201.4,103,19.39,301.2,62,8.79,11.2,4,2.45,0,no
MD,92,area_code_415,no,no,0,242.1,129,33.26,139.6,131,11.59,203.5,128,8.62,11.9,5,2.09,1,no
WY,83,area_code_415,no,no,0,189.9,105,45.01,160.8,149,20.63,171.9,114,9.38,5.6,1,3.23,5,yes
MT,80,area_code_415,no,yes,43,183.7,82,33.77,244.2,141,16.59,189.0,91,10.74,7.2,5,3.19,1,no
MN,105,area_code_408,no,no,1,148.4,119,30.96,194.8,104,24.75,226.5,79,10.12,8.6,3,1.92,1,no
ID,34,area_code_415,no,no,0,193.3,108,28.49,29.6,109,20.33,207.5,80,12.51,6.3,6,3.7,5,no
OK,44,area_code_408,no,yes,33,217.6,86,28.4,162.6,123,21.12,256.4,98,9.99,8.0,5,2.94,1,no
MN,84,area_code_415,no,yes,21,155.7,120,41.07,212.6,114,18.08,238.0,115,8.14,5.9,9,2.33,1,no
CT,140,area_code_408,no,no,0,191.0,153,23.14,257.7,154,23.29,272.1,106,7.86,6.7,5,2.22,1,no
OK,97,area_code_408,yes,no,40,143.8,98,28.69,132.7,109,20.76,225.0,105,10.65,9.8,3,1.55,3,no
KY,89,area_code_510,no,no,0,122.5,93,20.38,223.7,116,22.49,250.4,97,12.57,13.6,3,4.79,1,no
VT,147,area_code_408,no,yes,1,222.9,90,27.95,166.6,143,23.69,324.9,111,13.45,2.1,5,2.98,1,no
MD,160,area_code_415,yes,no,14,6.2,89,34.46,275.0,111,19.42,234.6,104,16.79,6.2,5,3.41,3,yes
KY,130,area_code_415,no,yes,0,184.6,82,18.52,248.4,109,23.46,195.4,118,9.41,10.0,2,3.43,2,yes
MT,154,area_code_415,no,yes,0,208.4,112,28.51,99.0,121,26.26,201.9,119,12.42,8.4,5,2.28,1,yes
NH,54,area_code_415,yes,yes,1,271.3,81,46.61,93.1,120,11.08,320.0,93,10.84,6.3,3,4.63,1,no
NH,189,area_code_510,yes,no,0,190.8,113,45.16,232.2,109,17.13,156.8,110,10.37,3.1,7,2.32,0,yes
NV,65,area_code_415,no,no,0,173.3,99,22.54,138.9,122,27.01,290.3,90,13.58,9.8,2,3.16,4,no
ID,133,area_code_415,no,yes,21,33.3,85,5.71,243.9,134,20.87,290.3,121,10.35,16.4,2,2.51,1,no
NH,133,area_code_415,no,no,0,102.8,92,21.78,213.5,104,20.13,192.7,114,13.35,12.3,2,2.55,1,no
TX,47,area_code_408,no,yes,44,145.4,134,32.04,196.4,114,18.43,177.1,85,9.7,5.5,5,2.39,4,no
VA,120,area_code_408,no,no,0,248.6,126,39.43,141.1,102,21.81,213.0,130,8.6,9.0,2,1.21,1,no
DC,145,area_code_408,no,no,32,193.4,91,47.3,172.6,95,20.6,238.5,116,11.42,8.8,6,3.35,1,no
WA,98,area_code_415,no,yes,36,43.9,99,33.22,124.4,115,13.1,123.2,109,8.32,4.6,3,3.0,1,no
VA,140,area_code_415,no,no,0,268.5,100,34.6,206.9,137,14.12,303.4,90,9.92,6.4,2,2.7,1,yes
WY,186,area_code_510,no,no,0,126.5,103,26.29,164.2,111,13.35,160.6,130,11.27,9.1,2,2.91,2,no
WV,128,area_code_415,no,no,0,256.4,92,34.24,253.7,137,19.46,104.1,75,17.77,3.2,3,2.42,0,no
NJ,130,area_code_415,yes,no,0,126.2,62,28.03,235.9,123,23.33,149.7,73,10.07,12.4,2,1.29,1,yes
NY,116,area_code_415,yes,yes,35,13.2,124,26.51,139.7,103,18.3,159.9,94,14.26,8.7,3,3.0,1,no
MN,69,area_code_415,no,no,0,245.6,84,40.17,287.3,99,18.98,211.1,101,13.0,6.5,2,1.4,0,no
DE,112,area_code_415,yes,no,0,54.6,75,44.38,165.6,123,20.25,214.2,92,9.33,11.9,1,2.26,1,yes
NY,116,area_code_415,no,yes,20,113.3,148,38.56,238.7,115,17.36,325.0,125,13.24,4.3,1,2.64,1,no
TN,144,area_code_415,no,no,0,225.0,88,42.55,197.9,103,16.91,229.5,129,9.35,5.9,4,2.68,3,yes
ME,123,area_code_408,yes,no,0,170.1,112,23.7,225.6,126,16.28,209.7,91,9.34,4.0,5,1.68,3,no
MS,82,area_code_415,no,no,0,214.2,91,33.79,197.2,95,10.49,357.8,114,14.87,8.3,5,3.19,3,no
NE,165,area_code_408,yes,no,0,118.5,64,28.81,230.3,102,24.0,296.2,91,7.52,10.0,1,1.12,5,no
MD,53,area_code_415,no,no,0,284.9,84,29.4,209.5,94,28.16,148.1,115,9.74,8.9,9,2.25,0,no
WY,135,area_code_408,no,no,0,199.2,133,17.43,336.6,107,22.95,245.7,134,11.47,7.8,4,1.43,0,no
ME,84,area_code_415,no,no,0,230.3,99,28.68,359.3,111,22.32,186.5,95,7.4,12.0,10,2.79,1,no
UT,150,area_code_415,no,no,1,225.0,90,16.06,172.6,109,9.69,238.8,115,13.83,5.3,3,3.3,1,no
ND,91,area_code_408,no,yes,0,156.0,116,29.02,214.7,118,14.9,201.3,129,14.07,3.4,3,2.01,2,no
OH,147,area_code_415,no,yes,0,124.2,104,5.69,180.3,91,17.97,194.0,115,8.42,6.4,3,3.09,1,no
MA,148,area_code_415,no,yes,1,204.1,108,29.0,181.8,101,17.21,215.5,94,6.22,7.1,1,1.47,1,no
IN,92,area_code_415,no,yes,43,79.4,101,32.65,284.6,139,23.7,188.9,77,11.11,8.1,7,2.74,1,no
OK,103,area_code_415,yes,no,26,186.0,121,29.93,174.7,95,24.94,115.7,97,9.94,9.2,5,1.92,1,no
OR,122,area_code_415,yes,no,0,253.7,68,9.52,293.7,109,16.74,200.3,124,10.13,12.7,5,2.28,3,no
NE,83,area_code_408,no,yes,39,148.2,89,33.43,302.9,108,10.07,212.0,73,17.25,6.8,3,3.39,1,no
RI,175,area_code_408,no,no,0,137.5,99,37.27,195.2,92,12.82,260.4,101,13.82,6.5,3,0.66,5,no
FL,138,area_code_415,yes,no,0,225.9,73,42.3,176.0,140,17.48,238.2,110,7.77,6.9,2,2.6,1,yes
NH,81,area_code_415,no,yes,28,189.8,113,29.93,229.8,159,18.57,206.1,104,9.61,6.6,9,3.28,2,no
MI,34,area_code_510,yes,no,42,255.6,104,37.11,197.9,123,22.99,235.1,103,10.96,8.6,2,2.8,1,no
VA,91,area_code_415,no,no,0,131.8,95,22.79,165.3,121,26.83,233.7,115,9.29,6.3,5,4.32,1,no
MA,196,area_code_415,no,yes,0,124.2,123,35.93,172.8,141,22.5,221.9,125,14.51,4.8,2,1.99,1,no
MN,157,area_code_408,no,yes,0,202.3,113,34.74,225.0,116,20.09,338.3,141,9.23,6.5,2,2.77,1,no
WI,155,area_code_415,no,no,32,121.6,90,25.19,279.7,115,26.86,227.5,132,15.53,11.4,2,2.27,0,yes
MN,169,area_code_415,yes,no,0,191.2,90,27.03,174.3,113,12.48,280.5,130,6.0,12.1,5,3.34,4,no
NY,184,area_code_415,no,yes,0,128.6,134,26.36,202.6,147,20.82,209.0,114,12.49,5.0,2,3.06,1,no
OH,75,area_code_510,no,no,0,126.8,87,28.47,189.5,127,19.2,248.9,76,13.42,10.2,3,1.34,2,yes
MT,62,area_code_415,yes,no,0,152.2,106,51.59,290.5,120,14.52,296.4,98,9.97,7.5,5,2.79,4,no
DE,75,area_code_510,no,no,0,221.4,133,36.93,165.7,104,23.92,223.6,90,12.82,9.6,7,2.58,1,no
MS,61,area_code_415,no,no,1,1.7,85,31.31,200.5,160,22.21,319.6,149,11.72,5.3,2,1.6,1,no
MI,182,area_code_415,yes,no,37,195.9,80,26.7,185.7,120,18.98,212.3,102,13.46,13.3,12,3.1,1,yes
AR,74,area_code_415,no,no,0,261.2,95,27.6,191.6,135,19.5,188.4,100,10.51,10.4,4,2.14,1,no
GA,139,area_code_510,no,yes,26,66.6,103,29.32,308.8,114,15.6,234.8,117,11.13,0.6,8,1.81,1,no
AZ,139,area_code_408,no,no,0,159.3,97,20.64,215.4,100,23.45,246.8,152,11.42,0.0,5,2.76,1,no
MO,106,area_code_415,no,no,0,115.0,80,43.56,142.4,98,21.42,277.3,86,13.54,11.0,2,3.14,1,no
UT,102,area_code_415,no,yes,0,92.5,74,32.82,53.5,98,16.32,170.9,110,9.32,7.7,6,1.66,0,no
CA,118,area_code_408,no,yes,36,168.8,124,34.48,215.1,117,16.1,331.7,98,9.74,8.0,5,2.25,1,no
NM,116,area_code_408,no,yes,24,223.5,101,24.17,106.6,84,22.9,300.5,118,15.62,9.2,2,3.19,1,no
ND,82,area_code_415,no,no,30,249.7,72,21.69,213.0,104,23.79,227.7,131,10.13,6.7,2,1.61,1,no
ID,25,area_code_415,no,no,37,134.6,89,11.17,169.7,120,22.94,341.8,118,17.77,0.0,6,3.23,5,no
WV,123,area_code_415,no,no,0,126.1,104,35.84,178.1,76,17.99,241.3,96,9.25,13.1,4,3.09,1,no
AK,128,area_code_408,no,no,0,85.9,79,14.34,171.4,101,16.09,153.4,104,13.67,11.3,5,3.6,2,no
NC,112,area_code_415,no,yes,27,161.9,114,26.16,105.5,122,22.87,321.8,122,14.27,9.3,5,2.66,3,no
ID,80,area_code_415,no,yes,24,214.8,95,30.73,214.3,115,14.13,284.6,157,8.37,7.2,2,2.92,2,no
OH,107,area_code_415,no,yes,29,200.2,53,32.45,178.4,134,20.8,253.0,136,7.29,7.7,2,3.33,3,no
IL,130,area_code_415,no,yes,0,97.7,90,26.11,348.6,81,23.27,232.1,68,10.35,10.9,3,2.71,1,no
NH,109,area_code_408,no,yes,0,175.3,158,22.49,91.7,111,21.15,83.2,78,9.2,5.6,2,1.8,1,no
OH,139,area_code_415,no,yes,0,166.7,70,49.04,178.8,106,14.19,271.5,128,8.06,10.1,3,3.09,4,no
DC,139,area_code_415,no,no,0,0.0,92,32.33,302.2,116,15.12,228.8,81,14.75,3.7,2,3.07,4,no
NH,131,area_code_415,no,no,28,230.0,127,39.74,113.3,112,20.01,238.2,106,10.28,9.9,5,2.71,1,no
AZ,126,area_code_408,no,no,0,227.4,117,18.98,236.9,122,26.57,221.1,116,11.78,9.1,2,2.19,1,no
MT,77,area_code_415,no,no,0,176.7,93,43.14,118.3,129,16.48,153.8,106,10.04,11.8,5,3.43,4,no
OH,97,area_code_415,no,yes,0,165.1,145,32.06,131.3,126,13.49,191.2,97,12.42,9.4,4,0.0,1,no
MS,143,area_code_510,no,yes,40,204.1,101,37.01,146.7,107,11.99,197.3,126,10.95,9.3,2,2.91,1,no
NH,129,area_code_415,no,yes,0,286.1,153,27.64,158.7,143,18.78,258.0,122,12.94,7.7,2,2.14,1,no
KS,141,area_code_415,no,yes,24,188.6,82,33.23,294.7,79,11.89,199.8,51,10.51,14.5,2,1.31,4,no
PA,111,area_code_510,no,no,0,196.7,101,18.1,249.2,106,21.93,309.7,102,9.86,5.9,3,1.05,1,no
IN,57,area_code_510,yes,no,0,138.4,110,19.44,133.6,98,23.61,181.5,113,8.96,9.0,3,2.73,1,no
DE,40,area_code_415,no,no,0,203.3,98,30.43,215.5,133,18.9,175.2,76,8.9,4.3,2,2.67,1,no
HI,128,area_code_408,no,no,0,26.6,85,9.68,226.5,99,23.39,187.8,79,13.58,12.0,6,2.57,1,no
MO,42,area_code_415,no,yes,0,108.9,106,31.87,191.1,84,16.91,243.5,105,10.04,10.8,4,2.83,1,yes
MN,29,area_code_415,no,no,0,184.2,95,16.09,247.9,97,26.99,269.5,110,8.57,10.2,3,4.02,1,no
NM,201,area_code_510,no,yes,41,209.4,115,31.5,97.9,116,23.66,184.9,110,13.23,3.4,6,3.02,4,no
IL,84,area_code_415,no,yes,32,120.4,63,34.07,163.4,134,17.29,261.5,122,14.51,8.1,2,4.02,1,no
IL,117,area_code_415,yes,yes,0,175.4,73,21.4,224.8,129,22.39,228.8,96,9.26,4.9,2,2.76,0,yes
CO,89,area_code_415,no,no,0,162.3,127,30.52,187.1,119,18.89,187.3,94,9.93,7.2,2,3.89,1,no
VA,182,area_code_415,no,no,0,175.3,106,21.6,296.9,99,23.36,287.0,129,12.5,4.8,4,1.8,6,no
RI,109,area_code_510,no,no,0,139.1,83,27.97,127.6,69,18.99,203.6,98,12.46,6.8,4,2.15,4,no
FL,2,area_code_415,no,yes,0,281.2,121,21.97,232.8,109,20.22,205.7,68,15.44,7.5,5,3.91,1,yes
GA,56,area_code_510,no,no,37,35.7,122,36.65,28.0,148,13.3,141.2,139,9.61,9.2,9,3.65,1,no
PA,149,area_code_408,no,yes,40,125.4,124,41.83,138.7,97,20.09,208.3,91,12.2,6.4,4,0.52,4,no
MS,72,area_code_415,no,no,0,157.6,86,26.69,219.4,108,18.41,256.2,69,10.67,4.3,5,3.56,4,no
DC,134,area_code_415,no,no,0,219.4,105,23.47,152.1,107,14.8,241.0,102,11.26,4.3,3,2.31,4,no
DC,90,area_code_415,no,no,0,133.6,83,7.79,106.2,116,19.23,149.5,48,10.06,15.3,3,3.03,0,no
KY,129,area_code_415,no,no,0,154.1,76,41.91,131.3,101,14.95,237.0,79,6.49,14.0,3,0.0,1,no
NJ,41,area_code_415,no,yes,42,120.0,120,35.41,230.0,115,21.58,256.5,109,12.51,12.1,3,3.16,1,no
WA,90,area_code_415,no,yes,27,163.6,92,23.82,193.7,106,15.87,204.6,110,13.2,4.8,2,2.35,1,no
GA,243,area_code_408,no,no,33,252.6,118,40.22,283.6,120,15.47,173.9,125,7.5,10.8,2,3.0,1,no
ME,81,area_code_415,no,no,0,96.0,70,17.21,161.4,121,18.43,333.9,96,14.06,3.2,2,2.38,1,no
VT,44,area_code_415,no,yes,49,170.0,110,32.42,283.8,163,20.07,328.8,68,8.09,11.1,7,2.87,1,no
NH,19,area_code_415,no,no,0,195.6,108,20.32,122.0,99,30.54,135.0,76,12.06,10.8,4,2.93,1,yes
WV,66,area_code_408,no,no,1,123.0,81,41.84,109.7,120,23.82,279.1,102,10.07,11.5,3,3.66,1,no
NH,119,area_code_415,no,yes,0,161.0,127,38.82,175.4,108,20.75,216.5,141,5.95,8.5,5,3.26,1,no
WV,126,area_code_408,no,yes,0,201.7,79,28.12,229.7,124,25.07,276.2,90,10.98,12.4,5,2.7,1,no
DC,89,area_code_510,yes,no,0,60.7,103,32.64,152.6,100,11.34,177.6,96,11.69,11.0,2,3.19,1,no
CA,122,area_code_408,no,no,19,105.8,113,23.82,155.8,110,9.23,198.2,98,10.98,11.2,3,2.81,1,no
CT,102,area_code_510,no,no,0,189.0,91,44.3,294.2,137,30.54,174.5,84,7.88,9.9,5,3.66,0,yes
OK,98,area_code_415,no,yes,0,237.4,149,28.8,140.2,88,11.93,316.9,84,7.71,6.8,2,2.91,1,no
MD,77,area_code_415,no,no,34,187.5,76,11.69,208.8,96,18.87,197.2,134,8.79,12.5,2,3.56,2,no
ME,73,area_code_415,no,no,0,171.6,93,23.82,128.4,154,20.18,278.3,130,15.85,2.9,4,4.27,1,no
KY,51,area_code_415,no,yes,32,173.3,100,16.84,153.9,114,16.73,263.5,84,12.25,10.9,4,3.76,1,no
NH,136,area_code_408,no,yes,25,60.8,78,16.49,170.1,86,23.39,110.9,129,11.11,5.7,5,2.77,3,no
NE,147,area_code_408,no,yes,1,110.3,102,39.34,149.1,96,15.7,210.4,105,13.61,4.4,5,2.62,1,no
TX,92,area_code_415,no,yes,35,86.4,148,38.14,151.1,120,24.88,219.8,111,11.08,8.6,3,2.38,2,no
MT,159,area_code_408,no,no,1,137.1,112,25.99,108.6,106,24.65,245.0,114,12.63,8.1,2,2.14,0,no
DE,138,area_code_415,no,no,0,318.3,96,40.82,147.9,125,26.81,186.3,126,14.13,6.4,3,2.97,1,no
KY,85,area_code_415,no,yes,0,351.5,132,32.54,193.6,101,24.47,116.2,104,11.09,4.7,2,1.87,3,no
NJ,70,area_code_408,no,yes,0,69.4,83,35.84,201.7,100,26.9,269.9,127,10.51,9.2,3,2.32,3,no
MA,88,area_code_408,no,no,0,143.1,87,25.15,172.8,83,15.17,181.6,97,10.93,10.1,3,2.9,1,no
NV,165,area_code_415,no,no,0,144.0,113,47.92,220.1,108,16.0,94.1,111,12.22,7.0,3,4.27,2,no
MI,146,area_code_415,no,no,0,253.5,132,38.01,350.5,107,16.32,257.3,126,10.11,8.8,7,2.36,6,no
OH,53,area_code_415,no,yes,29,225.5,105,40.57,190.4,104,19.83,136.4,62,9.24,10.1,3,1.97,1,no
FL,81,area_code_415,no,yes,1,175.4,99,22.64,221.5,140,23.42,227.8,80,12.44,9.4,4,4.23,0,no
NH,137,area_code_510,no,no,0,237.2,106,30.66,183.3,82,18.75,311.9,73,9.18,14.5,2,2.59,4,no
FL,96,area_code_415,no,no,1,237.5,107,31.23,178.1,121,15.84,181.6,109,9.62,7.0,7,3.61,1,no
WY,217,area_code_415,no,no,0,224.1,109,26.78,78.8,111,16.58,154.5,107,12.9,6.7,4,3.28,1,no
SC,161,area_code_415,no,yes,33,278.8,33,39.48,131.1,159,19.5,239.3,121,13.96,7.8,2,3.35,1,no
NJ,107,area_code_415,no,yes,29,173.4,104,45.06,271.3,110,23.65,259.3,89,9.47,11.3,1,2.64,4,no
UT,84,area_code_415,no,yes,38,148.9,99,45.71,196.7,127,20.41,166.6,88,8.9,7.1,4,4.61,6,no
TN,133,area_code_415,no,no,0,187.6,78,37.57,132.2,94,24.47,200.0,118,10.31,11.5,7,3.24,0,yes
NM,132,area_code_408,no,no,24,224.4,109,39.17,162.5,119,25.31,205.0,148,10.18,2.8,3,2.24,0,no
NV,90,area_code_415,no,yes,27,185.1,101,26.5,247.6,99,20.04,262.3,121,8.86,12.2,3,3.65,1,no
MD,68,area_code_510,no,no,33,154.8,109,37.27,163.6,86,19.46,191.2,84,10.98,9.7,5,2.89,1,no
OK,124,area_code_415,no,no,0,130.7,101,36.75,155.8,99,21.73,236.3,99,11.14,0.0,5,2.03,1,no
OR,116,area_code_510,no,no,0,176.6,140,22.74,202.5,108,16.9,200.3,101,15.25,9.5,3,3.04,1,no
VA,75,area_code_415,no,no,0,220.5,103,23.96,298.6,109,23.7,219.8,141,14.75,6.3,9,2.87,1,yes
NM,95,area_code_408,no,yes,0,132.5,65,25.79,176.5,148,26.01,194.6,103,9.96,10.3,9,2.06,6,yes
WY,89,area_code_415,yes,no,0,136.3,98,26.64,205.6,116,20.79,87.2,104,9.95,16.5,3,1.86,1,no
WV,165,area_code_415,no,no,0,149.8,85,41.64,224.6,95,15.6,302.8,94,8.24,9.0,10,2.31,1,no
LA,146,area_code_408,no,no,0,229.3,92,35.0,152.5,93,18.58,232.2,116,8.57,14.6,7,2.67,1,yes
ID,60,area_code_408,yes,yes,0,308.4,90,21.25,205.6,134,22.36,175.7,103,11.11,10.3,5,3.32,1,no
MA,97,area_code_415,no,yes,37,180.6,102,24.22,212.1,92,17.87,248.3,90,8.64,11.9,4,2.03,3,no
NE,153,area_code_415,no,yes,25,115.3,92,45.8,262.4,140,15.39,189.7,98,12.64,6.9,5,3.94,1,no
GA,76,area_code_415,no,no,35,255.9,102,32.68,156.6,102,17.15,248.2,111,10.5,8.7,3,2.6,1,no
ME,35,area_code_415,no,no,0,251.7,76,37.75,343.4,124,19.9,271.9,110,11.5,9.2,3,3.67,1,no
MS,75,area_code_408,yes,yes,41,58.2,116,39.03,189.5,106,23.85,227.2,83,13.35,9.4,5,2.06,0,no
VA,59,area_code_408,yes,no,0,162.1,81,28.41,178.5,102,26.04,196.1,87,9.86,5.3,5,2.73,1,no
MS,168,area_code_408,no,yes,33,0.0,77,30.43,186.7,132,20.76,153.7,103,10.84,7.7,6,2.9,1,no
MS,193,area_code_408,yes,yes,15,181.9,110,26.68,275.7,103,18.72,171.4,110,10.44,10.7,3,1.69,3,no
MA,74,area_code_415,no,no,0,152.3,100,15.77,226.0,104,22.8,234.2,113,9.68,11.4,5,4.0,1,no
OR,182,area_code_510,no,no,1,218.9,104,29.88,213.2,98,16.91,212.0,119,13.07,12.3,5,1.15,1,no
FL,115,area_code_415,no,yes,0,153.3,107,43.11,213.7,153,14.92,262.5,88,9.71,10.7,6,2.89,1,no
TX,128,area_code_408,no,no,0,104.9,99,38.22,136.5,92,22.37,205.9,92,8.99,12.0,3,3.18,1,no
VA,109,area_code_408,no,no,0,196.3,68,31.14,235.1,97,22.37,317.2,106,13.26,8.3,5,1.96,1,no
NM,96,area_code_408,no,yes,33,124.8,120,21.11,192.3,126,18.02,258.4,135,15.82,4.2,3,2.78,1,no
MI,156,area_code_415,no,no,0,80.5,111,36.47,81.6,125,19.29,143.9,104,11.3,10.9,3,3.07,1,no
DC,157,area_code_510,yes,yes,0,160.3,122,27.37,195.0,139,22.31,139.5,85,9.94,12.4,5,1.21,1,no
TX,137,area_code_510,no,yes,0,167.6,118,19.94,109.1,121,13.36,282.8,92,8.85,7.9,5,3.23,0,no
CA,131,area_code_415,no,yes,18,86.0,102,33.34,235.5,126,19.1,334.5,105,8.52,8.3,6,3.1,1,no
RI,95,area_code_415,no,no,0,270.5,105,31.53,149.7,137,17.85,232.2,89,11.15,3.9,3,2.88,1,no
AR,140,area_code_415,no,yes,0,232.8,97,31.6,200.4,122,26.75,33.5,112,13.99,6.3,6,2.02,1,no
OR,45,area_code_510,yes,no,0,224.7,95,23.01,193.8,91,14.14,96.3,113,14.82,7.6,2,2.58,4,no
ID,85,area_code_415,yes,yes,0,229.2,113,19.84,160.9,130,26.78,130.8,93,10.69,11.4,1,2.56,1,no
VT,180,area_code_510,no,yes,0,155.2,63,28.26,267.0,100,19.42,333.1,131,6.78,13.4,3,3.19,1,no
PA,148,area_code_415,no,no,0,150.9,103,42.98,231.9,76,17.27,230.5,116,8.75,9.3,7,2.02,1,no
ID,58,area_code_415,no,no,18,71.9,89,29.96,305.3,112,21.52,348.4,99,11.14,10.1,2,1.97,1,no
AZ,129,area_code_408,no,no,0,164.6,120,16.14,318.9,125,21.25,238.5,101,10.45,10.4,2,1.92,3,no
IL,109,area_code_510,no,no,0,144.7,99,32.76,120.1,101,23.05,257.3,112,14.81,8.3,5,1.61,4,no
OR,70,area_code_415,no,no,0,127.7,98,44.22,257.9,101,17.68,187.0,67,9.16,10.9,5,2.42,0,no
MI,112,area_code_415,no,no,0,171.4,97,19.74,182.7,124,22.57,257.7,74,10.43,12.1,3,2.73,1,no
ND,122,area_code_408,no,yes,1,209.4,83,34.29,175.1,122,15.6,309.2,101,13.46,8.5,3,2.32,3,no
VA,82,area_code_415,no,no,0,116.9,72,38.12,204.6,155,17.2,131.4,143,9.26,8.2,2,2.32,1,yes
MT,137,area_code_408,no,yes,32,205.8,84,46.25,188.2,114,17.1,251.3,142,10.62,7.3,2,3.28,1,no
OR,70,area_code_408,no,yes,43,66.6,126,35.71,199.0,96,20.27,189.1,96,13.8,5.3,6,2.52,2,no
ID,97,area_code_415,no,yes,0,292.5,104,32.39,153.9,121,23.98,197.6,86,10.14,8.6,5,3.02,1,no
DC,81,area_code_408,yes,no,0,160.2,97,41.63,108.8,139,20.38,251.3,92,13.46,10.8,1,1.98,4,yes
OK,77,area_code_415,no,yes,36,203.6,121,42.4,154.8,121,14.93,306.3,112,7.53,8.7,5,3.44,1,no
AR,133,area_code_510,no,yes,0,230.2,143,17.96,164.6,99,16.66,321.7,89,13.19,6.2,1,2.64,1,no
NC,27,area_code_415,no,yes,44,164.4,81,20.89,180.1,126,18.77,195.8,97,11.04,6.6,3,3.66,1,no
IA,199,area_code_415,no,yes,43,195.3,93,35.38,167.8,118,19.67,258.2,114,10.96,14.9,3,1.66,1,no
ID,138,area_code_510,no,yes,39,176.7,141,31.0,207.8,122,16.03,269.7,107,8.61,7.5,2,2.97,1,no
GA,122,area_code_408,no,yes,32,42.8,106,25.26,183.6,121,10.53,186.8,82,12.9,2.9,2,2.95,2,no
WI,156,area_code_415,no,no,0,165.9,72,22.63,148.4,111,21.63,108.9,118,10.86,9.0,3,2.54,3,no
WV,144,area_code_408,no,no,0,260.5,105,25.04,281.6,98,17.81,214.3,82,11.52,10.6,4,2.46,1,no
NJ,112,area_code_415,no,no,0,273.7,119,26.95,85.0,132,23.45,236.4,82,11.67,9.4,3,3.43,4,yes
NH,184,area_code_408,no,yes,0,81.0,120,33.2,223.2,123,19.57,137.7,115,9.72,5.0,5,1.97,2,no
GA,185,area_code_408,no,no,0,221.1,125,14.73,233.6,91,18.19,309.8,92,9.3,14.5,2,3.25,1,yes
NV,90,area_code_415,no,no,1,167.1,103,29.92,229.5,72,19.46,208.4,95,9.83,6.5,6,2.61,1,no
TN,150,area_code_415,no,no,0,171.0,101,21.49,201.6,133,20.25,164.9,154,9.93,7.8,3,2.01,1,yes
VA,32,area_code_510,yes,no,1,197.1,113,39.28,285.1,126,20.08,204.7,82,8.83,3.5,3,1.91,4,no
MA,114,area_code_510,no,no,0,159.8,123,22.57,245.0,84,15.08,104.9,123,12.07,9.5,2,2.36,3,no
OK,114,area_code_415,no,no,0,133.1,82,26.44,207.7,123,12.98,190.0,105,15.13,11.2,3,3.79,3,no
WY,92,area_code_415,yes,no,0,162.1,93,40.09,218.6,157,23.98,273.9,128,11.74,7.9,4,2.91,1,no
NH,30,area_code_510,no,no,35,207.5,132,34.33,107.2,93,17.76,156.9,113,12.86,5.5,9,5.34,1,no
NJ,102,area_code_408,no,no,0,179.7,33,27.32,231.1,105,17.34,219.1,155,12.21,8.8,6,2.28,2,no
VT,82,area_code_510,no,yes,22,106.8,116,21.96,188.4,112,14.65,228.4,80,10.04,9.4,5,3.35,1,no
AR,155,area_code_408,no,no,0,199.7,86,46.07,205.6,133,14.55,176.9,101,12.16,11.3,2,1.0,1,no
FL,143,area_code_415,yes,yes,33,123.0,91,25.85,219.3,125,23.31,235.9,83,11.82,10.3,3,2.61,2,no
OH,84,area_code_415,no,yes,30,179.3,141,19.33,293.7,104,25.18,225.4,113,10.7,9.5,1,1.01,1,no
ID,154,area_code_415,no,yes,19,141.0,124,26.36,239.9,115,13.06,137.4,114,10.55,6.9,1,1.24,1,no
MI,188,area_code_415,no,no,0,258.7,116,31.51,230.7,130,25.29,195.4,105,8.39,7.9,9,2.93,1,yes
MD,190,area_code_408,no,no,0,101.3,78,23.67,191.4,110,20.92,148.9,125,10.75,11.7,6,1.98,1,yes
KS,138,area_code_408,yes,yes,0,92.6,81,26.8,193.4,99,4.43,198.1,120,9.03,9.0,6,0.0,1,no
PA,177,area_code_415,yes,yes,34,152.5,77,55.33,212.6,95,21.72,168.6,95,10.75,11.7,7,1.66,1,no
OR,173,area_code_510,no,yes,39,281.3,66,34.21,281.9,66,19.6,275.0,143,9.98,11.7,7,2.22,1,no
MT,152,area_code_510,yes,no,0,100.3,94,51.09,243.6,99,27.98,209.4,85,12.56,7.2,5,1.05,1,yes
NY,182,area_code_415,no,yes,38,164.6,125,34.42,218.4,59,13.54,206.2,63,11.75,6.1,4,0.86,1,no
ME,165,area_code_510,no,no,0,155.1,110,38.83,228.3,103,17.81,231.6,105,11.69,9.8,3,3.01,1,no
TX,115,area_code_415,no,yes,33,232.0,100,46.3,123.6,76,23.75,191.6,113,11.97,13.0,2,0.51,1,no
NY,27,area_code_415,no,no,0,238.5,89,33.19,147.1,106,19.48,260.9,95,6.57,13.6,2,2.78,2,no
WI,163,area_code_510,no,no,0,164.7,103,45.55,176.8,67,24.28,344.9,116,12.19,9.8,2,3.43,2,yes
WY,33,area_code_415,yes,yes,0,318.9,111,44.26,209.4,109,21.84,226.1,94,10.73,5.8,3,2.93,1,no
OK,181,area_code_415,no,yes,0,134.1,82,20.2,334.8,105,17.02,226.7,139,11.28,11.6,6,2.04,1,no
KY,70,area_code_415,no,yes,34,177.1,88,36.83,173.8,137,17.04,280.5,106,9.57,10.1,3,3.23,1,no
ID,243,area_code_415,no,no,0,175.4,81,25.0,226.5,100,17.93,231.0,162,9.76,9.1,10,3.29,1,no
CA,192,area_code_415,no,no,18,212.4,95,37.99,172.2,143,16.6,296.8,128,9.27,13.1,3,2.99,1,yes
IL,117,area_code_415,no,no,0,168.6,157,19.15,200.1,92,20.0,197.4,98,12.02,12.7,4,2.2,1,no
OH,89,area_code_415,no,no,0,195.2,67,30.39,309.8,94,20.86,281.1,128,11.61,12.1,7,3.23,1,no
TN,122,area_code_510,yes,no,0,111.9,91,43.98,220.8,148,18.69,106.4,95,11.92,5.0,3,2.8,1,yes
AR,136,area_code_415,no,no,0,117.0,80,37.06,191.1,91,17.58,221.9,109,11.4,8.8,2,4.0,1,no
NH,115,area_code_415,no,yes,47,179.1,72,27.61,237.8,90,22.36,297.7,110,10.41,7.0,2,2.39,1,no
ME,179,area_code_415,no,no,0,182.2,119,10.06,245.5,120,20.73,248.3,134,12.77,8.7,7,3.49,2,no
NV,113,area_code_415,yes,no,0,119.0,130,29.49,191.8,93,17.34,109.2,140,12.59,6.2,7,2.14,2,no
MA,140,area_code_510,no,no,0,91.1,74,24.34,165.8,78,20.43,157.8,103,8.84,10.2,5,3.18,4,no
OR,104,area_code_510,no,yes,0,131.4,78,47.96,195.7,103,17.18,246.5,105,10.89,6.0,3,5.09,1,no
MI,129,area_code_408,no,yes,26,78.8,88,21.64,168.4,116,21.6,135.5,123,10.52,10.0,5,2.95,1,no
MO,118,area_code_415,no,yes,48,138.6,113,17.05,153.4,101,26.38,278.5,105,9.59,10.3,5,1.04,1,no
OK,55,area_code_415,no,yes,0,277.2,120,32.26,291.5,108,9.93,258.6,82,13.8,12.3,5,2.5,3,no
ND,138,area_code_415,no,no,16,210.3,97,23.77,268.2,75,15.35,214.3,122,11.61,13.1,4,3.81,4,no
OR,44,area_code_408,no,no,0,198.7,107,24.55,223.0,104,20.72,215.5,102,11.49,8.4,5,3.23,2,no
DC,112,area_code_408,no,no,0,177.2,116,49.54,214.2,117,10.3,231.5,125,12.56,4.6,5,2.13,1,no
IN,157,area_code_415,no,no,0,110.2,113,32.08,255.0,113,18.95,299.7,83,12.45,8.8,4,2.7,1,no
DC,84,area_code_415,no,yes,34,196.1,91,17.65,309.5,93,22.19,287.8,77,17.38,13.7,6,3.76,1,no
IN,121,area_code_415,yes,no,0,180.7,111,27.07,180.0,125,20.42,218.6,85,12.52,11.4,3,2.55,1,no
NH,115,area_code_408,no,no,0,181.5,120,30.6,252.3,142,26.49,228.7,124,10.86,4.8,3,2.59,0,yes
WA,101,area_code_415,no,no,32,220.0,80,12.5,179.5,106,18.2,165.2,116,7.19,10.7,2,3.02,1,no
ME,113,area_code_415,no,yes,29,176.5,102,25.5,177.1,105,16.03,211.1,74,9.95,12.8,10,4.32,0,no
DC,137,area_code_415,no,no,0,179.5,99,39.08,258.9,86,17.9,297.7,115,11.6,7.2,2,2.8,1,no
SC,123,area_code_408,yes,no,0,152.6,119,36.88,91.9,96,13.73,133.0,75,12.25,13.8,13,4.38,1,no
NH,87,area_code_415,no,yes,0,77.4,114,26.95,145.3,93,21.72,330.6,114,12.17,6.4,2,2.44,2,no
MT,107,area_code_408,yes,yes,29,101.5,116,19.82,156.5,139,17.36,229.7,93,14.05,4.6,7,2.0,1,no
IL,136,area_code_415,no,no,0,198.9,66,31.8,326.7,94,21.65,260.8,86,11.91,12.9,5,2.71,0,yes
TX,5,area_code_510,no,no,0,108.8,86,36.43,219.1,89,23.06,202.4,127,12.88,8.9,3,2.28,1,yes
HI,112,area_code_415,no,yes,42,183.9,107,11.55,167.9,103,22.25,177.5,101,14.31,11.5,3,5.35,1,no
UT,90,area_code_408,yes,yes,37,167.8,94,32.93,228.6,125,13.63,116.7,120,10.59,3.2,3,1.93,1,no
KY,129,area_code_415,no,no,0,135.9,95,26.19,185.6,136,17.28,163.3,116,11.05,10.3,6,2.89,1,yes
RI,99,area_code_415,no,no,0,88.9,76,27.89,200.3,161,24.41,235.5,112,9.23,5.7,11,2.82,4,no
NJ,54,area_code_415,no,yes,21,236.4,113,23.89,210.2,57,26.63,201.3,121,13.43,7.4,3,2.64,0,no
WV,105,area_code_415,no,no,0,171.3,82,32.1,197.0,169,17.09,261.6,85,11.3,11.9,5,3.17,1,no
MN,73,area_code_510,no,no,0,172.7,90,29.78,172.3,98,17.28,305.4,94,12.25,6.9,6,3.81,0,no
VA,130,area_code_415,yes,no,0,324.6,95,37.58,160.3,71,18.63,198.5,121,9.54,7.1,3,2.21,0,no
ND,98,area_code_415,no,yes,27,191.6,103,34.43,207.7,149,23.84,155.7,83,11.44,10.4,2,2.92,0,no
MS,179,area_code_415,no,no,0,273.8,110,28.73,195.5,73,24.75,237.1,131,6.06,10.5,2,3.78,4,no
UT,91,area_code_415,no,yes,45,168.3,83,40.05,208.0,107,24.03,143.2,103,11.92,15.2,11,2.6,1,no
MN,41,area_code_415,no,no,0,192.8,79,28.07,217.9,79,24.12,200.8,95,10.22,8.6,3,2.83,0,no
OR,187,area_code_510,no,no,0,214.7,73,26.03,207.6,141,19.83,263.2,148,8.36,5.4,5,2.34,0,no
MO,189,area_code_415,yes,no,0,94.2,69,32.43,180.5,97,7.84,110.6,121,8.13,3.7,4,2.65,1,no
VT,144,area_code_510,no,no,0,221.6,99,53.46,229.6,108,18.41,254.3,97,8.58,10.2,5,2.96,2,no
ME,107,area_code_510,no,no,0,241.8,107,36.12,332.0,116,19.59,218.3,96,9.62,13.2,10,2.27,1,no
MD,159,area_code_415,no,no,0,148.4,111,29.2,213.0,105,16.1,274.3,94,8.71,8.7,3,3.39,3,no
CO,114,area_code_415,no,no,0,208.5,61,21.13,216.8,89,12.02,293.3,107,14.02,8.1,8,3.18,1,no
NH,49,area_code_415,no,no,0,230.6,100,19.33,187.1,98,22.78,92.6,83,10.2,7.3,1,2.53,4,no
MO,121,area_code_415,no,no,0,138.0,80,34.69,252.1,127,19.31,173.4,72,9.55,11.5,4,3.02,1,no
WI,111,area_code_415,no,yes,0,257.0,130,20.61,152.2,91,16.52,249.1,130,10.95,10.4,3,3.02,1,yes
TX,127,area_code_415,yes,yes,36,249.7,122,35.65,219.8,67,14.33,265.5,99,8.1,10.5,3,0.86,5,no
MN,77,area_code_415,no,yes,35,254.1,118,31.97,147.6,92,18.7,193.4,90,8.57,7.8,5,3.34,1,no
RI,115,area_code_415,no,yes,23,285.1,108,29.4,344.4,93,21.73,218.9,111,10.61,7.7,4,3.08,0,no
AZ,63,area_code_415,no,yes,0,144.0,136,19.89,139.5,150,15.05,233.1,106,12.93,6.8,3,0.96,1,no
SC,156,area_code_510,no,no,0,177.0,113,35.88,288.6,120,19.75,202.9,92,13.52,9.9,5,2.61,4,no
KY,26,area_code_415,no,no,0,148.8,123,26.05,229.0,99,23.6,140.7,78,13.23,5.7,5,2.89,3,no
OK,121,area_code_415,no,no,0,154.5,72,26.0,226.5,92,19.55,247.5,126,11.19,8.7,2,2.93,0,no
MN,19,area_code_415,no,no,0,177.9,79,18.31,299.8,94,20.26,223.8,106,9.69,9.7,3,2.62,0,no
TN,191,area_code_408,no,no,0,134.2,107,40.42,254.1,95,13.88,212.1,134,14.56,7.9,3,2.94,1,no
OK,122,area_code_408,no,yes,28,154.7,96,19.86,187.6,169,20.24,182.4,111,7.92,8.1,3,3.74,1,yes
HI,84,area_code_408,no,yes,0,139.9,111,18.55,171.4,92,24.93,259.3,136,9.96,9.9,3,2.33,1,no
DE,81,area_code_408,no,no,1,130.9,87,26.36,275.8,101,29.88,178.0,84,11.64,7.6,3,3.13,1,no
MS,59,area_code_415,yes,no,0,163.7,113,37.78,181.3,114,23.01,225.0,110,11.88,4.4,4,2.44,2,no
MI,116,area_code_415,no,no,0,267.3,94,31.35,156.0,132,22.47,268.4,39,9.69,9.3,7,3.3,1,no
AL,161,area_code_415,no,no,0,263.8,52,35.46,211.6,96,22.57,272.3,108,12.6,12.6,2,2.67,1,yes
FL,95,area_code_408,no,no,0,188.0,128,29.18,166.3,118,21.93,201.8,92,11.05,3.5,5,2.51,1,no
NH,139,area_code_510,yes,no,0,133.7,97,18.64,210.6,138,21.94,210.4,65,10.73,5.3,5,2.05,0,no
MS,123,area_code_415,no,yes,0,246.7,127,27.25,241.9,71,16.97,241.8,85,10.78,7.7,5,1.98,0,no
OH,126,area_code_415,no,yes,35,52.8,111,32.58,166.2,90,14.44,281.5,102,13.22,10.8,3,3.1,1,no
SC,191,area_code_510,no,yes,45,34.5,80,29.92,219.1,116,20.02,238.2,121,10.09,12.0,3,0.66,1,no
MA,130,area_code_415,no,no,0,248.6,95,36.64,167.9,106,19.62,335.0,112,11.61,7.2,2,3.28,1,no
HI,202,area_code_408,no,yes,34,242.2,74,31.11,219.0,110,16.76,252.5,113,9.51,13.3,3,2.83,1,no
AK,25,area_code_415,no,yes,0,119.4,114,41.41,158.0,103,17.75,185.8,59,10.63,7.3,7,1.79,4,no
NC,109,area_code_415,no,yes,28,162.4,108,25.59,238.4,149,14.98,162.0,93,12.2,6.1,3,3.46,1,no
AR,75,area_code_415,no,yes,33,129.1,48,27.31,147.6,99,19.3,208.3,92,8.4,13.6,3,2.49,1,no
MI,157,area_code_510,no,no,0,192.2,79,31.84,153.2,92,24.29,182.9,106,10.39,9.4,2,2.98,0,no
OH,213,area_code_415,no,no,0,106.8,155,26.41,344.1,102,21.13,217.1,120,13.39,7.5,2,2.46,4,no
NE,191,area_code_415,no,yes,36,223.3,132,35.85,204.9,147,20.16,245.2,99,5.75,8.4,5,2.11,0,no
MS,46,area_code_408,no,no,0,162.8,93,34.28,130.4,137,14.92,181.1,103,12.14,11.1,2,2.9,1,no
RI,137,area_code_510,yes,no,0,112.3,90,25.63,184.2,133,18.06,243.4,108,10.55,6.9,3,2.68,4,no
GA,18,area_code_510,no,yes,29,32.1,74,22.37,107.9,93,21.17,273.4,102,10.66,9.8,4,2.56,1,no
IL,77,area_code_408,no,yes,22,31.6,68,20.76,236.9,103,12.29,117.1,86,12.24,7.2,2,2.26,0,no
PA,138,area_code_415,yes,yes,32,189.5,89,32.5,337.0,117,10.46,189.7,91,10.61,9.8,3,2.88,1,no
ND,127,area_code_415,no,yes,32,83.4,106,28.06,281.1,108,19.89,260.6,91,11.25,12.8,2,2.55,1,no
RI,143,area_code_408,no,no,0,210.0,83,30.74,182.3,139,15.59,240.8,110,8.25,10.9,3,2.54,1,no
FL,44,area_code_415,yes,yes,25,145.2,120,26.03,259.4,102,25.54,177.1,90,13.13,9.5,3,3.04,0,no
MS,102,area_code_510,yes,yes,34,238.0,139,20.43,157.8,103,16.79,149.5,86,12.68,7.1,9,2.47,5,yes
NH,73,area_code_415,no,no,0,213.5,99,15.11,158.9,112,22.39,292.4,80,10.14,3.6,6,2.6,3,no
MA,71,area_code_415,yes,no,0,138.3,105,25.0,158.1,102,11.95,223.1,74,8.06,4.6,2,2.86,2,no
ID,103,area_code_415,no,no,0,128.0,134,27.69,151.0,133,22.07,160.6,64,11.01,4.4,7,1.93,3,no
KS,127,area_code_415,no,no,0,258.4,45,15.8,104.0,91,19.64,256.8,87,7.76,9.2,4,2.37,2,no
VA,83,area_code_408,no,no,0,224.9,117,21.03,174.9,85,16.58,233.2,112,11.13,7.7,2,3.09,1,no
NE,37,area_code_408,no,yes,41,252.3,105,32.36,62.2,105,16.99,102.1,149,10.58,8.3,2,3.3,5,no
ID,67,area_code_415,no,yes,0,174.6,69,9.76,177.7,93,21.82,150.0,75,8.54,5.4,12,2.95,4,no
NC,125,area_code_415,no,no,0,218.6,117,37.95,260.7,92,16.87,325.4,107,15.93,5.0,2,2.17,1,no
OR,97,area_code_408,no,no,38,182.4,101,39.8,153.8,91,19.4,141.1,120,6.32,4.2,6,3.37,0,no
KS,130,area_code_415,no,yes,0,226.7,102,19.59,180.0,117,10.77,288.7,107,9.59,10.4,5,3.18,1,no
SD,77,area_code_415,no,yes,34,100.9,96,33.47,160.8,100,17.89,179.7,111,11.04,5.6,4,3.1,1,no
NE,114,area_code_510,no,no,0,244.3,97,15.08,174.1,111,23.39,168.5,81,10.89,11.8,6,2.95,0,no
VT,113,area_code_415,no,no,0,142.3,68,39.6,197.3,119,19.11,247.6,96,10.61,8.4,2,3.51,4,no
NC,159,area_code_408,no,yes,23,138.7,107,37.28,273.6,123,20.22,195.9,107,9.75,14.7,3,3.83,1,no
AZ,75,area_code_408,no,yes,24,213.9,88,11.28,271.4,115,22.22,288.3,109,10.18,8.6,3,2.81,1,no
WA,153,area_code_415,no,yes,0,194.9,109,21.18,252.6,95,18.87,315.4,106,16.08,5.4,3,2.92,1,no
RI,80,area_code_415,no,yes,39,97.9,116,37.27,160.5,124,8.11,146.0,102,10.73,5.6,3,1.02,1,no
KS,127,area_code_415,yes,yes,0,196.8,126,21.41,307.3,153,20.42,115.2,111,9.23,11.0,2,4.68,1,no
MO,203,area_code_415,no,yes,0,105.4,91,33.12,98.4,148,30.14,200.2,57,14.45,5.6,5,4.06,1,yes
TN,148,area_code_408,yes,yes,0,233.2,76,44.27,249.3,63,22.54,235.7,105,8.92,7.7,2,2.35,1,yes
TX,127,area_code_415,no,yes,41,154.5,105,27.74,310.0,102,21.19,319.3,91,9.91,8.4,14,2.26,1,no
NH,234,area_code_510,no,no,0,116.8,98,35.2,261.7,120,18.96,242.1,97,10.56,8.4,5,2.2,1,yes
CT,106,area_code_408,no,yes,37,227.7,143,51.66,158.7,107,21.62,266.5,113,7.67,8.4,6,3.43,6,no
NC,8,area_code_415,no,yes,0,183.0,103,29.71,190.9,118,20.17,119.3,100,10.67,8.0,2,4.07,4,no
WY,159,area_code_415,no,no,0,88.4,100,33.24,248.0,107,25.72,258.5,81,12.01,12.0,3,3.86,1,no
DC,85,area_code_415,no,no,0,183.6,132,28.4,190.8,103,19.87,303.2,121,10.18,3.8,3,3.07,1,no
NM,88,area_code_415,no,no,0,223.8,142,33.08,308.9,129,15.63,314.7,81,7.59,9.8,2,3.15,3,no
IN,64,area_code_510,no,no,0,218.8,73,32.37,89.7,130,22.62,293.8,112,10.1,10.4,3,1.84,1,no
TN,56,area_code_415,no,no,0,115.9,85,40.78,122.2,93,16.62,217.3,86,17.25,7.9,9,2.7,1,no
CA,160,area_code_408,no,no,0,163.1,147,40.82,132.5,116,11.97,206.9,103,14.06,9.0,3,3.33,1,no
NE,175,area_code_415,no,yes,33,155.6,110,27.47,287.2,134,28.64,135.9,103,10.04,7.9,1,2.67,1,no
RI,91,area_code_408,no,no,0,193.8,117,24.24,227.9,95,20.95,295.5,113,10.09,11.5,2,2.73,1,no
CT,166,area_code_415,no,no,39,168.5,113,47.21,180.0,114,15.82,203.9,113,10.62,10.3,2,3.04,1,no
GA,64,area_code_415,yes,no,0,209.5,91,40.57,220.4,117,6.39,59.9,102,7.6,13.2,4,2.96,0,no
UT,117,area_code_415,no,yes,20,148.6,94,30.15,160.9,86,8.41,177.4,111,13.23,11.2,3,3.68,1,no
NY,156,area_code_415,no,yes,0,49.0,97,25.46,272.3,115,11.67,240.9,120,11.6,13.2,2,3.46,1,no
MN,132,area_code_408,no,yes,0,291.8,114,32.32,174.8,109,15.02,333.4,105,9.22,6.5,2,2.62,2,no
GA,122,area_code_415,no,yes,46,156.6,66,24.28,171.3,102,12.33,149.9,108,9.19,7.4,2,2.68,1,no
WY,108,area_code_415,no,yes,32,133.3,106,29.2,300.9,45,19.45,262.1,97,12.21,8.1,3,2.74,2,no
WI,123,area_code_415,no,no,0,189.0,116,13.0,89.2,94,26.1,295.4,99,8.23,11.7,4,0.0,1,no
OH,173,area_code_415,no,no,0,313.0,82,50.26,252.4,101,20.95,312.4,91,10.13,11.5,3,3.07,5,no
DE,100,area_code_415,no,yes,33,182.2,79,13.75,208.1,109,14.56,218.1,142,12.19,15.8,5,3.22,1,no
VT,122,area_code_408,no,yes,39,183.0,94,19.22,189.3,103,20.3,238.9,113,11.96,11.8,3,3.16,0,no
OK,55,area_code_408,no,yes,30,157.9,112,12.47,228.0,116,19.56,260.5,70,13.88,9.7,11,2.79,1,no
CO,196,area_code_408,no,no,0,154.6,96,20.12,180.2,112,22.36,191.8,112,14.3,4.0,3,2.29,1,no
NE,168,area_code_408,no,yes,23,158.5,102,32.23,222.2,88,18.02,199.5,109,12.48,7.1,5,4.56,1,no
WY,139,area_code_415,no,no,0,210.8,96,33.76,218.1,105,23.33,148.9,97,11.32,10.8,0,3.06,2,no
AR,137,area_code_415,no,yes,26,181.7,53,34.31,171.7,105,18.4,299.7,135,9.97,7.4,5,3.49,1,no
DC,109,area_code_415,no,yes,31,123.9,113,18.43,199.8,113,19.8,170.8,101,12.57,9.3,7,1.85,6,no
DE,67,area_code_510,no,no,0,208.7,117,25.71,266.1,94,16.35,250.0,134,12.14,0.0,5,3.29,1,no
MA,92,area_code_415,no,no,0,183.0,124,29.11,177.6,91,25.07,235.2,95,13.77,13.0,5,3.54,0,no
ME,138,area_code_510,no,yes,0,146.9,94,34.63,97.4,142,19.48,185.2,109,11.02,3.8,5,2.27,1,no
CA,115,area_code_415,no,yes,28,24.3,75,32.52,313.6,113,20.84,180.8,125,15.01,8.6,4,3.56,0,no
WV,96,area_code_408,no,no,0,147.6,128,32.45,305.0,99,22.99,202.0,100,9.71,10.7,8,1.82,1,no
AR,151,area_code_415,no,no,0,242.9,105,25.48,307.7,60,13.25,355.2,119,13.78,5.2,1,3.22,0,no
WY,74,area_code_415,yes,no,0,38.7,105,25.74,303.5,144,19.13,154.2,115,8.2,11.8,3,2.88,1,yes
UT,107,area_code_510,no,yes,0,212.6,88,33.4,204.9,102,22.04,194.2,50,14.97,10.3,6,3.36,1,no
AL,191,area_code_408,no,no,20,136.1,153,19.74,186.0,116,19.2,180.0,111,11.17,7.0,4,2.07,1,no
WV,105,area_code_408,no,no,0,28.7,96,32.88,159.1,145,15.71,173.4,109,17.77,0.0,7,2.39,1,no
PA,103,area_code_415,yes,yes,24,47.3,86,37.16,199.7,133,15.91,163.1,85,10.26,8.0,3,3.12,4,no
SC,149,area_code_510,no,no,0,93.3,93,37.15,170.5,72,24.97,261.9,102,11.4,11.7,2,1.76,1,no
ID,160,area_code_415,no,yes,0,134.7,102,24.68,191.3,142,13.83,179.9,131,13.81,11.7,5,1.69,1,no
NC,130,area_code_408,no,no,0,255.0,100,29.58,246.8,61,14.31,296.9,142,14.21,7.1,3,3.56,1,no
MN,97,area_code_415,no,no,26,322.2,113,20.21,170.9,120,20.31,216.5,115,11.83,2.5,3,3.45,1,no
KY,98,area_code_415,yes,yes,0,123.4,90,29.93,105.8,98,17.07,204.2,69,10.1,12.3,6,3.19,2,yes
OR,110,area_code_415,no,yes,31,211.2,77,26.88,307.9,71,27.02,178.3,100,9.8,2.8,2,3.21,1,no
NJ,138,area_code_415,no,no,0,152.9,74,24.55,207.9,98,25.21,210.5,105,12.47,7.9,5,2.82,3,yes
CT,80,area_code_415,no,no,0,158.6,59,24.94,109.6,78,20.02,187.4,103,15.62,12.6,3,2.56,2,no
MD,37,area_code_415,no,yes,0,267.0,93,41.25,341.4,96,17.14,195.7,107,8.72,11.8,2,1.85,4,no
CA,184,area_code_415,no,yes,35,131.2,113,29.51,114.9,105,24.13,200.5,60,14.02,4.8,5,3.97,1,no
IL,82,area_code_415,no,no,0,204.4,93,25.95,202.8,123,22.18,212.5,107,9.04,2.2,7,3.13,1,no
MO,77,area_code_415,no,yes,1,270.2,116,42.26,111.2,85,16.27,164.9,92,11.69,13.3,7,4.3,1,no
UT,60,area_code_415,no,no,27,293.8,101,38.66,187.6,115,14.96,275.6,97,9.96,7.0,6,4.26,1,no
OR,147,area_code_510,no,no,0,127.2,128,28.11,189.8,96,24.86,168.6,89,11.15,13.5,2,2.9,3,yes
VT,93,area_code_408,no,yes,0,70.6,94,25.07,220.8,140,21.48,288.6,110,10.35,10.2,4,2.26,3,no
WY,78,area_code_415,no,no,0,51.6,88,25.44,148.4,116,20.77,73.3,118,16.35,10.4,3,4.48,1,no
KS,123,area_code_510,no,no,0,97.0,113,28.22,175.0,144,16.06,309.0,137,14.06,8.9,7,2.49,1,no
DC,122,area_code_415,no,yes,0,235.4,108,38.33,140.9,129,23.6,279.0,69,10.05,11.2,3,3.46,1,no
NJ,116,area_code_408,no,yes,32,177.6,95,29.24,189.7,107,23.5,263.0,107,9.2,9.9,16,3.04,1,no
TX,23,area_code_408,yes,no,0,198.7,103,24.65,138.6,99,20.66,289.1,136,12.51,9.7,5,1.0,0,yes
MO,98,area_code_408,no,yes,1,187.6,111,31.61,133.6,122,20.07,209.9,128,8.79,7.9,5,1.08,1,no
MA,173,area_code_415,yes,yes,0,170.3,57,36.45,228.4,87,16.15,227.1,128,11.92,15.1,6,2.55,0,no
OK,66,area_code_510,no,yes,38,180.7,98,20.84,200.0,120,20.11,170.3,117,8.77,10.9,4,2.51,3,no
OK,97,area_code_415,no,no,0,117.8,98,27.42,235.8,90,13.2,173.3,115,8.86,14.4,3,3.06,1,no
NH,138,area_code_408,no,yes,39,95.9,79,16.0,87.5,104,19.86,150.0,121,8.91,12.9,3,3.19,1,no
WA,88,area_code_415,no,no,36,134.8,58,37.5,196.4,90,18.97,225.4,108,12.35,8.5,5,2.79,1,no
NM,107,area_code_510,no,no,0,131.2,114,37.21,147.4,111,20.47,273.6,85,14.13,10.5,6,3.0,4,no
SD,49,area_code_415,no,no,0,283.3,100,30.93,295.3,98,17.51,262.3,94,10.45,5.5,2,2.67,1,no
KS,87,area_code_415,no,yes,35,159.9,118,26.01,214.3,103,21.65,198.8,116,9.34,7.8,2,1.97,4,no
MN,45,area_code_408,no,no,0,170.1,102,37.62,237.7,98,16.82,262.2,102,13.07,11.1,2,3.03,3,no
MT,159,area_code_415,yes,no,0,203.0,82,47.35,183.5,110,17.55,218.6,113,9.27,7.5,9,3.12,1,yes
OK,178,area_code_415,yes,no,0,175.5,87,40.92,157.1,87,14.42,188.2,126,10.26,11.7,7,3.41,0,yes
MT,125,area_code_415,yes,no,0,248.4,84,45.44,180.3,109,22.75,143.1,94,15.36,8.1,2,3.13,2,yes
WI,131,area_code_408,no,no,0,236.2,109,33.75,167.0,120,19.32,303.4,118,12.2,7.1,5,3.7,2,no
OR,197,area_code_510,no,no,0,202.3,117,40.9,151.6,115,20.46,207.9,86,10.27,5.3,7,1.77,1,yes
NV,183,area_code_415,no,yes,35,10.7,147,31.63,182.4,155,19.71,172.8,76,14.44,7.9,1,1.32,1,no
DE,140,area_code_408,no,yes,17,179.3,103,44.08,130.1,88,6.65,212.9,121,9.53,8.1,7,2.38,1,yes
NY,51,area_code_415,no,no,0,207.8,136,32.42,149.0,126,19.33,202.3,127,13.12,10.0,5,2.67,1,no
ND,62,area_code_510,no,yes,0,82.8,99,35.17,169.9,112,13.5,212.7,94,7.75,13.0,3,1.96,2,no
SD,81,area_code_415,no,yes,37,156.0,138,30.08,118.5,109,20.83,191.0,134,10.42,6.6,2,2.79,1,no
MO,114,area_code_408,no,no,0,224.6,84,27.78,99.6,92,18.2,158.9,103,10.16,6.5,4,2.96,4,yes
ND,70,area_code_415,no,yes,43,210.3,82,41.95,179.4,102,14.86,224.9,84,7.29,6.8,7,3.26,1,no
IL,130,area_code_510,no,no,0,130.7,89,13.55,261.1,103,22.7,168.4,102,10.71,7.8,5,3.14,2,no
NY,169,area_code_415,no,yes,28,165.1,94,19.07,221.5,116,19.62,258.4,103,11.86,9.4,6,3.51,3,no
GA,81,area_code_415,no,yes,0,141.4,73,35.92,158.0,157,19.24,243.8,98,10.9,15.7,2,2.91,1,no
NH,87,area_code_408,no,yes,0,130.3,134,55.34,117.1,117,16.47,232.9,70,12.17,7.6,5,4.38,1,yes
HI,136,area_code_408,yes,yes,39,161.6,149,22.99,207.6,112,20.97,314.5,65,10.9,11.1,5,3.1,1,no
AZ,123,area_code_408,no,no,1,226.7,132,34.47,228.2,108,24.28,313.3,75,11.77,8.0,3,2.43,1,no
UT,15,area_code_415,no,no,0,188.4,76,39.31,186.6,110,24.26,291.7,106,9.48,8.5,8,3.2,1,no
RI,85,area_code_415,no,no,0,118.7,94,28.58,190.4,122,12.88,321.7,110,13.67,4.5,2,3.85,1,no
SD,102,area_code_408,no,no,0,91.6,73,28.39,157.3,142,20.58,289.8,106,9.65,8.5,2,3.16,1,no
NM,71,area_code_415,no,no,0,195.3,100,54.03,179.2,111,20.14,190.1,81,7.13,11.1,2,3.26,2,no
MD,30,area_code_408,no,yes,29,146.4,120,21.23,281.8,154,28.72,177.8,125,12.77,6.1,3,2.72,1,no
MI,82,area_code_415,no,no,39,188.4,134,42.14,193.6,133,17.24,216.8,95,10.86,3.6,4,2.1,0,no
SC,163,area_code_408,no,no,0,150.2,107,21.88,196.2,106,25.91,218.5,139,11.02,10.2,5,2.24,4,no
ID,103,area_code_408,no,no,0,218.9,73,26.39,254.9,90,22.62,255.4,118,11.0,2.2,2,3.43,1,no
CT,143,area_code_408,no,yes,0,0.0,89,30.64,194.3,125,24.92,267.1,106,13.03,6.2,2,3.53,0,no
ID,166,area_code_510,no,yes,0,148.6,94,22.08,176.1,120,24.07,240.8,133,13.01,11.1,3,1.67,2,no
NY,179,area_code_415,no,yes,44,199.6,93,40.56,186.1,126,15.8,213.2,107,6.45,9.9,5,2.63,1,no
AR,143,area_code_510,no,no,0,64.5,93,37.24,197.5,102,14.56,218.7,128,8.35,9.4,2,3.11,1,no
WI,149,area_code_415,no,yes,0,274.0,113,37.52,247.6,112,15.53,253.5,110,11.74,10.1,4,1.39,2,yes
RI,130,area_code_415,no,yes,31,73.7,66,31.48,159.2,101,23.34,282.5,129,14.35,10.7,2,3.21,2,no
MA,127,area_code_415,no,no,33,251.1,86,50.91,68.1,121,19.93,302.2,155,11.66,10.0,2,3.43,2,no
NV,56,area_code_408,no,yes,24,171.0,137,25.74,157.4,110,18.26,241.7,62,10.76,13.0,2,2.02,1,no
AZ,99,area_code_510,no,yes,33,94.7,82,20.22,191.5,89,30.54,159.4,37,10.87,10.2,2,1.66,2,no
WY,77,area_code_415,no,no,0,161.4,74,21.48,227.7,108,21.15,135.7,85,15.46,9.1,3,3.59,2,no
AR,117,area_code_510,no,no,29,179.4,110,31.32,172.7,114,20.68,268.4,62,14.4,0.1,2,2.42,1,no
RI,120,area_code_415,no,no,1,158.9,64,34.45,120.3,118,20.55,296.9,136,4.99,8.2,6,3.74,1,no
WI,152,area_code_510,no,no,26,144.6,74,39.54,157.7,107,17.22,215.2,121,10.98,9.8,4,2.7,1,no
DC,170,area_code_415,no,no,0,108.7,67,32.66,203.8,123,11.89,149.7,73,10.96,15.3,7,2.38,4,no
OR,231,area_code_510,no,yes,35,131.7,95,35.78,297.9,112,16.69,309.9,125,12.97,5.9,5,2.59,1,no
OK,156,area_code_408,no,no,1,148.0,89,38.5,225.1,147,20.38,260.4,92,12.07,10.1,4,2.33,5,no
AR,69,area_code_415,yes,yes,0,339.9,106,31.1,265.0,98,9.99,278.8,101,8.73,8.8,3,4.18,1,no
ME,154,area_code_415,no,yes,0,140.7,137,23.71,197.2,117,26.34,325.5,78,15.12,12.1,3,1.94,0,no
LA,96,area_code_408,no,yes,0,242.3,98,22.94,167.4,90,19.05,287.1,105,10.9,10.0,5,3.14,3,yes
WV,72,area_code_415,yes,yes,34,108.0,113,28.24,184.9,124,16.3,311.0,127,9.72,9.7,3,3.55,2,yes
MA,153,area_code_510,yes,yes,26,184.6,111,24.39,138.1,110,15.3,242.4,123,11.01,10.4,5,1.98,4,no
NY,111,area_code_415,no,no,0,179.3,153,39.16,205.9,81,16.45,178.3,123,12.84,9.9,3,2.68,1,no
CA,94,area_code_415,yes,no,0,165.8,133,47.4,121.8,104,21.73,300.7,67,12.53,6.8,5,2.18,1,yes
PA,120,area_code_415,no,no,0,304.0,103,34.0,168.2,98,22.25,231.7,134,15.52,3.6,3,3.23,1,yes
SC,85,area_code_510,yes,no,0,100.6,116,34.99,204.1,168,12.76,82.9,154,9.98,11.0,5,1.58,1,yes
DC,112,area_code_408,no,no,0,110.1,93,18.66,128.0,110,10.8,290.1,109,12.63,15.8,2,4.7,1,no
OR,94,area_code_510,no,no,0,186.1,89,35.39,172.7,105,24.29,290.8,81,10.42,9.7,2,2.22,1,no
OK,188,area_code_415,yes,yes,0,178.0,71,35.75,139.1,114,16.27,203.7,117,11.24,9.7,3,0.68,1,no
OK,128,area_code_408,no,yes,44,169.8,109,35.45,176.4,143,21.28,235.0,105,9.44,5.6,5,2.92,3,no
NH,83,area_code_415,no,yes,1,160.3,106,35.04,192.0,96,20.07,221.0,102,7.59,6.5,7,4.07,4,no
UT,185,area_code_415,no,yes,0,194.8,85,35.99,200.2,79,19.64,181.2,113,10.42,5.9,2,2.64,1,no
WY,85,area_code_415,no,yes,23,187.5,83,31.69,187.8,111,20.59,120.2,136,10.72,10.5,7,3.13,1,no
SC,149,area_code_408,yes,yes,0,165.0,111,41.72,159.2,78,20.02,239.4,80,13.49,9.6,2,3.82,1,no
FL,207,area_code_415,no,yes,0,263.3,105,33.83,163.6,66,18.56,298.0,109,16.15,6.5,2,2.05,1,no
NM,150,area_code_510,no,no,0,173.9,64,37.75,192.0,145,22.21,161.4,119,11.18,11.9,8,2.83,1,no
AR,150,area_code_408,no,no,21,210.9,116,40.73,204.0,115,18.16,222.5,138,13.92,5.9,5,3.0,0,yes
NJ,142,area_code_408,no,no,0,265.0,128,20.75,208.8,94,17.76,342.9,94,8.61,8.8,2,3.69,1,no
IA,91,area_code_408,no,no,0,99.2,108,23.74,156.4,80,26.28,195.5,118,8.76,4.7,3,3.24,1,no
WY,187,area_code_415,yes,no,0,235.6,94,36.21,169.5,127,24.46,307.1,82,11.91,8.2,4,2.5,2,no
TX,73,area_code_415,yes,yes,33,127.5,112,29.04,125.5,118,16.96,253.9,93,10.95,8.4,5,2.8,1,no
LA,117,area_code_415,no,no,0,204.6,99,23.72,207.6,105,14.95,215.7,115,9.44,7.9,3,3.44,1,no
VA,2,area_code_415,yes,no,0,216.1,116,20.84,117.1,105,14.71,220.0,110,14.25,9.4,5,2.82,0,no
VA,7,area_code_408,no,no,0,76.5,108,31.17,168.3,83,21.41,318.5,108,13.63,12.4,3,3.42,1,no
ID,111,area_code_415,no,no,0,103.5,70,36.38,120.8,114,16.67,212.9,122,12.93,4.3,10,3.02,1,no
NH,102,area_code_415,yes,no,0,99.9,89,45.45,189.1,134,18.42,265.0,98,15.94,10.6,3,3.42,3,no
KY,30,area_code_415,no,yes,0,159.6,118,41.0,202.5,97,14.77,268.9,72,10.18,12.0,3,2.89,2,no
WV,205,area_code_408,no,no,0,190.1,95,44.58,151.0,101,13.42,164.6,125,8.19,12.3,2,1.86,1,no
AK,169,area_code_415,no,no,0,164.3,85,22.96,273.4,63,20.25,339.8,111,10.54,13.9,7,1.28,1,no
TN,83,area_code_415,no,no,0,233.3,88,32.74,292.5,77,24.68,209.6,106,10.63,10.8,7,3.14,1,yes
UT,100,area_code_415,no,yes,0,148.9,120,29.51,293.5,146,19.62,226.5,99,13.67,2.7,6,3.05,1,no
GA,109,area_code_510,yes,no,0,249.8,66,32.96,318.4,96,13.71,258.5,83,8.19,10.4,3,3.9,1,no
GA,107,area_code_415,no,yes,40,204.6,105,23.06,256.3,96,17.81,230.7,100,10.45,14.0,7,4.19,1,no
KY,101,area_code_415,no,yes,47,105.7,63,34.96,325.1,108,17.97,205.6,105,11.09,5.3,3,1.59,1,no
AR,119,area_code_415,yes,no,0,122.9,78,30.16,318.5,113,19.41,138.4,90,9.35,11.5,2,2.4,4,no
IL,88,area_code_415,no,no,0,226.1,102,44.52,189.1,117,21.55,273.7,107,8.64,6.1,3,2.11,0,no
KY,45,area_code_415,no,no,28,75.7,100,30.72,158.3,118,14.41,189.0,124,10.69,7.2,3,3.62,2,no
NY,84,area_code_408,no,no,0,133.1,84,18.27,201.2,150,23.15,204.1,102,9.89,10.8,5,3.43,4,no
FL,65,area_code_415,no,no,0,225.4,101,34.85,282.7,95,16.06,389.2,94,9.57,9.6,11,3.57,3,no
NJ,159,area_code_415,no,yes,0,214.0,103,39.14,100.9,101,24.44,287.4,109,11.78,9.0,2,2.58,0,no
PA,195,area_code_415,no,no,0,146.5,131,32.71,234.6,138,22.44,179.6,103,10.61,3.3,0,1.68,4,no
DE,63,area_code_415,no,no,20,178.6,98,29.32,189.2,117,21.46,198.1,91,9.59,13.9,6,2.11,1,no
TX,208,area_code_415,no,no,1,244.3,109,32.0,273.8,149,27.82,210.7,80,10.08,12.0,5,3.45,1,yes
AZ,190,area_code_415,yes,yes,0,215.1,55,38.19,246.9,115,26.95,229.3,95,13.16,11.6,3,3.27,0,no
NH,79,area_code_415,no,yes,36,247.5,82,43.15,245.5,100,18.93,154.6,112,11.48,8.1,2,2.48,1,no
OK,114,area_code_415,yes,yes,25,33.8,58,34.35,216.6,88,18.86,252.5,137,13.97,7.3,7,2.76,4,no
MN,141,area_code_415,yes,yes,27,221.4,124,28.14,201.0,105,18.53,270.4,113,12.6,5.7,4,2.25,1,no
CT,118,area_code_408,no,no,0,163.7,74,26.14,225.7,88,22.68,226.7,142,15.38,10.6,3,3.1,0,yes
PA,103,area_code_510,no,no,42,189.4,101,27.71,107.3,92,12.77,286.5,125,6.13,5.5,2,2.74,1,no
WI,106,area_code_415,no,no,0,231.4,122,19.72,109.0,127,18.42,177.3,88,10.13,7.7,2,3.7,1,no
OR,94,area_code_510,no,yes,0,174.3,115,45.57,209.7,99,29.28,179.3,119,10.35,10.1,5,2.21,2,no
WV,90,area_code_408,no,no,33,176.5,85,28.28,189.9,113,13.14,261.1,123,13.41,8.8,3,3.06,1,no
MS,147,area_code_408,no,no,0,186.2,124,44.25,203.8,100,20.36,266.7,86,10.02,7.1,6,2.97,1,no
OR,120,area_code_510,no,no,0,51.5,99,25.46,256.2,128,21.75,199.1,127,9.7,13.7,2,2.43,4,no
NH,105,area_code_408,no,no,0,214.4,96,31.23,263.0,134,25.23,204.2,98,10.39,6.9,2,3.02,1,no
ND,76,area_code_408,no,no,22,100.3,99,27.04,87.0,134,28.35,164.8,88,14.64,5.4,2,3.59,1,no
OH,50,area_code_415,no,no,0,188.7,140,0.93,248.4,79,19.46,312.8,84,9.89,11.0,5,2.73,1,no
AR,105,area_code_415,no,yes,43,141.2,119,32.85,181.0,125,23.13,201.7,98,11.43,10.5,6,1.88,1,no
NM,85,area_code_415,no,no,0,100.4,95,18.9,189.7,121,21.22,166.5,107,11.34,7.1,3,2.58,1,no
OK,123,area_code_415,no,yes,0,160.3,138,23.06,149.7,92,14.93,170.1,111,13.49,8.1,3,1.73,1,no
NC,201,area_code_408,no,yes,37,153.4,93,43.55,201.0,82,20.54,312.8,110,10.53,9.0,2,2.4,4,no
OH,83,area_code_415,no,no,0,166.3,78,22.61,157.9,114,22.01,188.4,87,7.54,10.7,2,2.76,1,no
NJ,97,area_code_415,yes,no,0,68.4,61,24.53,264.5,131,15.2,100.0,111,8.01,8.0,3,3.71,4,no
AZ,147,area_code_408,no,no,38,164.7,98,28.12,207.8,101,23.78,251.1,97,10.72,0.0,7,1.34,1,no
FL,69,area_code_415,yes,yes,38,134.0,97,34.0,299.4,116,18.69,226.4,139,10.56,8.3,5,2.5,1,yes
WI,139,area_code_415,yes,yes,0,102.6,87,32.22,195.5,109,17.55,158.6,101,9.31,6.6,3,2.85,1,no
IL,142,area_code_415,no,no,0,182.3,107,35.69,151.8,105,15.26,254.4,99,10.72,9.4,3,2.89,2,no
MA,91,area_code_415,no,yes,29,84.7,97,14.42,166.6,109,15.47,168.1,94,8.55,9.8,2,2.37,1,no
ID,87,area_code_415,no,no,0,123.3,75,22.6,220.2,108,25.68,203.7,86,9.73,18.6,5,2.93,1,no
AR,183,area_code_415,no,yes,30,182.6,101,42.74,327.3,101,17.38,279.8,107,10.53,11.6,3,1.28,1,no
DE,141,area_code_415,no,no,1,34.6,57,38.7,128.3,127,11.71,240.4,107,11.01,7.0,5,2.68,1,no
NV,169,area_code_510,no,no,32,205.7,109,36.06,136.8,108,16.72,283.6,57,9.87,7.0,5,2.69,1,no
KY,136,area_code_415,yes,no,0,159.4,92,50.03,163.2,136,22.72,281.5,84,13.57,5.4,3,2.91,1,no
IA,141,area_code_510,no,no,0,138.4,85,37.97,173.8,136,17.83,216.0,130,13.12,13.2,2,2.57,1,no
MI,110,area_code_415,yes,no,0,147.0,150,40.73,258.1,150,26.06,209.0,111,15.23,5.0,3,2.86,1,yes
UT,129,area_code_408,no,yes,0,237.8,73,24.5,180.5,108,11.53,286.8,116,12.81,5.0,6,3.28,0,no
IN,90,area_code_510,yes,yes,33,168.0,111,33.82,163.0,107,19.72,250.2,104,14.23,6.9,2,1.73,0,yes
NH,98,area_code_415,yes,no,36,288.7,90,38.46,299.0,111,17.03,243.5,108,9.8,12.2,5,2.63,1,no
TN,200,area_code_408,no,no,0,254.7,116,43.51,148.2,100,20.53,230.0,82,14.31,10.5,3,2.39,4,no
OR,191,area_code_510,no,no,40,165.0,125,46.8,161.1,116,23.95,112.8,119,11.22,3.5,2,2.48,1,no
HI,79,area_code_408,no,no,0,209.8,140,25.64,202.7,93,19.21,286.5,120,10.93,8.7,2,2.55,0,no
OK,29,area_code_408,no,yes,26,177.4,112,28.87,205.5,104,22.81,280.6,122,8.91,7.5,6,3.15,1,no
IL,58,area_code_415,no,no,33,190.4,93,26.74,187.7,85,25.06,272.8,55,9.53,7.5,2,2.46,2,no
MO,106,area_code_415,no,no,0,217.9,103,34.21,218.8,96,18.18,186.9,88,11.48,11.5,2,2.93,1,no
WY,105,area_code_415,no,yes,21,116.2,76,22.77,156.3,105,30.54,56.8,59,10.5,11.3,15,1.61,1,no
ND,143,area_code_510,no,yes,29,139.1,81,23.62,230.1,97,16.04,298.0,114,13.03,3.0,5,3.02,1,no
HI,117,area_code_408,no,yes,0,149.7,104,38.54,201.6,107,17.28,214.7,85,9.74,10.6,5,1.84,1,no
WV,91,area_code_415,no,yes,28,199.5,133,43.44,191.2,142,15.84,236.6,84,8.26,7.2,3,2.55,2,no
TX,131,area_code_408,yes,yes,40,236.8,112,30.11,228.1,89,23.04,241.5,116,11.71,6.1,2,1.91,5,no
KS,91,area_code_415,yes,no,0,160.8,65,27.56,113.3,110,11.71,175.4,144,9.93,12.0,2,2.93,0,no
CO,69,area_code_415,no,yes,33,21.2,68,26.75,239.2,109,18.68,231.5,108,11.92,10.8,3,4.58,1,no
VA,80,area_code_415,no,yes,39,58.5,117,21.64,192.8,139,15.35,254.5,80,13.09,10.4,2,3.1,1,no
CT,74,area_code_408,no,no,0,2.4,82,26.17,209.7,111,21.61,205.5,96,11.42,6.3,7,2.88,1,no
DC,186,area_code_415,yes,yes,0,0.0,87,18.89,185.0,147,14.23,128.7,78,16.26,11.0,2,2.56,1,no
OR,65,area_code_510,no,no,0,169.5,96,15.61,154.2,140,22.83,210.2,120,8.19,16.7,3,2.9,1,no
AL,68,area_code_415,no,no,1,178.4,102,39.72,224.4,128,21.71,238.8,125,11.92,4.2,5,3.49,2,no
CO,72,area_code_415,no,yes,0,162.1,43,28.87,198.7,124,21.31,203.3,93,14.29,8.7,4,2.97,4,no
DE,134,area_code_415,yes,no,0,70.2,91,38.3,174.1,107,15.35,125.1,114,14.18,7.2,4,3.24,1,no
RI,124,area_code_415,no,yes,43,167.0,82,34.28,244.5,141,17.93,198.5,99,11.35,7.1,3,3.06,1,no
TX,114,area_code_408,no,no,1,155.7,86,20.59,164.1,148,20.23,299.5,94,11.5,9.7,5,3.72,1,yes
NE,82,area_code_415,yes,no,0,289.5,144,39.06,173.4,80,23.1,190.7,91,11.65,4.5,4,3.54,0,no
WA,142,area_code_415,no,yes,0,172.6,107,18.69,333.9,130,5.16,217.3,134,9.5,6.7,4,2.14,1,no
AL,111,area_code_415,no,yes,51,105.6,94,18.14,227.1,69,25.88,262.5,124,8.66,13.0,3,1.16,1,no
OK,188,area_code_415,no,no,0,151.5,100,32.9,148.0,115,18.01,158.8,145,7.87,6.7,5,2.51,1,no
TX,150,area_code_415,no,yes,46,237.8,115,42.66,165.1,108,23.07,235.8,97,9.58,6.6,3,2.26,1,no
ME,95,area_code_415,no,no,43,191.5,107,47.0,182.4,107,24.54,163.2,90,13.77,7.6,2,2.64,1,yes
TX,149,area_code_415,no,yes,0,243.3,78,33.96,337.3,105,20.07,212.7,117,10.66,12.3,5,1.91,1,no
TN,115,area_code_510,yes,no,1,151.9,109,40.79,269.0,94,16.07,229.2,121,7.91,9.0,8,4.24,0,no
NM,156,area_code_408,no,no,0,213.6,107,33.14,181.8,78,19.53,307.4,124,11.07,10.6,7,2.78,0,yes
CO,66,area_code_510,no,no,0,213.8,103,15.85,234.5,112,22.42,216.5,87,7.97,8.0,2,4.33,1,no
AR,130,area_code_408,no,no,0,141.0,105,35.14,205.7,149,13.3,201.0,104,10.37,6.9,2,4.35,1,yes
OK,29,area_code_415,no,yes,1,70.8,99,31.11,161.3,133,17.31,138.5,128,12.22,8.8,6,2.6,4,no
OH,59,area_code_415,no,yes,21,118.8,97,21.94,193.8,122,13.15,215.0,147,11.06,10.0,7,3.12,4,no
AR,102,area_code_408,no,yes,32,146.9,108,24.25,201.3,97,21.25,295.1,91,12.3,7.5,3,2.1,1,no
ND,117,area_code_408,no,yes,19,210.3,96,21.02,171.7,47,17.04,221.3,124,13.63,12.6,2,2.16,4,no
FL,63,area_code_415,no,no,0,275.8,87,15.5,211.6,89,20.42,192.4,125,9.75,9.1,5,3.19,4,yes
OK,1,area_code_408,no,no,0,143.8,108,29.13,174.6,136,16.63,228.8,101,15.55,11.8,3,1.89,1,no
KY,61,area_code_408,no,no,0,133.6,120,23.49,163.0,110,26.06,130.3,110,11.68,6.9,2,1.08,1,no
HI,80,area_code_415,yes,no,0,212.5,107,27.35,98.4,108,13.34,260.3,97,4.57,9.6,6,2.85,1,no
NY,115,area_code_415,no,no,0,109.5,79,13.32,338.0,92,22.38,217.1,85,9.55,13.2,3,2.78,1,no
NE,192,area_code_415,no,yes,1,133.8,43,37.34,97.9,110,16.0,77.4,80,10.24,11.6,5,2.46,1,no
OR,136,area_code_415,yes,no,0,183.5,106,25.76,125.4,110,19.88,260.5,101,11.13,10.0,2,3.13,1,no
SD,163,area_code_415,yes,no,0,226.5,96,52.65,204.6,98,15.88,194.0,79,10.11,6.2,2,1.93,1,yes
OK,156,area_code_408,no,no,0,184.1,121,33.47,212.2,30,19.31,234.4,111,17.62,10.1,5,1.77,1,no
ND,130,area_code_415,no,yes,43,161.4,90,34.87,152.5,120,21.62,258.1,125,10.82,3.8,3,2.52,0,no
OK,91,area_code_408,no,no,0,129.9,105,23.32,280.2,98,17.84,233.4,100,10.94,8.5,4,0.72,1,no
WY,87,area_code_415,no,no,1,103.4,125,25.34,178.3,110,26.7,159.5,134,15.81,8.4,6,2.66,1,no
MD,76,area_code_408,no,no,0,175.8,79,31.11,198.5,92,27.3,152.1,86,11.94,12.8,7,1.9,3,no
NV,166,area_code_415,no,yes,0,163.0,42,31.66,202.8,114,20.59,172.0,92,6.47,12.3,6,3.69,4,no
WY,170,area_code_415,no,no,0,29.7,109,27.59,168.8,95,25.14,125.9,148,8.72,9.6,3,2.83,1,yes
UT,124,area_code_415,no,yes,32,162.1,116,38.2,210.8,133,17.39,218.8,105,6.14,6.8,7,2.78,0,no
CO,147,area_code_408,no,yes,31,199.7,130,27.71,215.1,102,20.21,209.6,122,14.51,11.3,5,3.48,1,no
NE,72,area_code_415,no,yes,36,268.2,110,32.94,196.7,110,23.74,312.0,120,9.89,8.5,3,4.55,1,no
AZ,94,area_code_415,no,no,0,206.9,107,24.93,173.2,112,20.41,169.6,133,10.8,7.6,3,1.21,1,no
VT,142,area_code_408,no,yes,35,108.9,104,27.06,199.7,129,15.36,229.6,147,9.55,5.3,3,3.0,1,no
NH,144,area_code_408,no,no,0,162.0,79,24.97,209.1,112,28.76,273.1,67,10.65,10.3,7,2.94,4,yes
OK,136,area_code_408,no,yes,45,185.2,136,31.73,200.1,107,15.97,298.2,97,12.97,6.2,3,1.8,1,no
TX,127,area_code_415,no,no,0,253.7,99,34.78,109.3,102,21.21,222.0,100,14.64,9.5,4,2.75,1,yes
DE,111,area_code_415,no,no,0,284.3,133,47.81,164.6,129,17.31,252.8,59,10.87,6.1,2,2.16,1,no
NH,79,area_code_415,no,yes,30,204.1,104,35.02,157.3,110,19.95,208.7,111,14.72,10.9,5,2.16,1,yes
OR,97,area_code_408,yes,yes,0,32.2,83,23.83,273.2,141,19.2,104.2,66,11.54,7.6,3,3.39,2,no
KS,124,area_code_510,no,no,0,314.0,114,29.24,233.6,99,15.92,325.1,86,10.49,9.3,10,1.96,1,no
DC,125,area_code_408,no,no,0,95.3,88,27.3,232.3,110,17.24,252.7,100,13.39,8.0,2,1.54,1,no
IA,136,area_code_415,no,yes,0,17.9,122,20.59,148.1,160,20.54,257.4,100,12.36,8.2,5,2.94,1,no
WY,111,area_code_415,yes,yes,0,277.8,107,43.65,198.6,77,20.22,293.5,92,11.24,6.0,2,2.09,2,yes
AR,183,area_code_408,no,yes,0,181.4,81,30.98,166.2,98,24.15,201.9,121,10.23,10.6,5,2.21,1,yes
WY,107,area_code_510,no,no,41,163.3,91,34.49,190.5,94,25.8,236.3,93,10.68,11.1,3,3.23,4,yes
DE,104,area_code_510,no,yes,40,180.6,41,27.89,281.0,96,17.67,298.9,103,11.13,8.9,5,1.66,2,no
OR,10,area_code_415,yes,no,0,213.0,109,37.1,173.7,164,20.3,262.2,79,8.7,9.1,6,3.14,1,yes
MD,158,area_code_408,no,no,0,8.9,81,18.93,237.3,151,16.42,159.1,90,12.23,4.8,5,2.89,1,no
NM,49,area_code_415,no,no,0,187.0,93,48.0,183.7,111,26.31,185.5,72,14.49,12.4,3,2.55,1,no
TX,152,area_code_408,no,no,0,70.0,95,34.14,126.6,95,14.72,224.6,111,9.06,10.9,5,1.08,1,no
OR,48,area_code_510,no,no,0,197.0,85,38.27,170.4,117,19.42,299.4,113,15.05,8.1,3,3.28,6,no
TX,93,area_code_415,no,no,26,178.5,89,34.21,110.6,130,18.91,169.7,127,9.07,13.3,3,2.74,1,yes
OK,82,area_code_415,no,yes,37,87.0,89,28.0,163.9,104,14.62,225.0,97,11.19,9.6,5,3.35,1,no
MT,91,area_code_415,no,no,47,116.5,108,29.44,185.3,100,19.22,205.7,107,11.07,6.2,2,3.05,1,no
NC,60,area_code_408,no,yes,28,245.3,130,12.4,250.8,116,20.59,319.6,104,6.06,9.8,6,3.03,1,no
ID,243,area_code_408,no,no,28,154.7,87,41.05,178.8,126,28.52,257.1,103,10.61,9.5,5,3.41,1,no
GA,89,area_code_408,no,yes,34,206.0,100,27.66,201.9,97,17.01,297.6,84,11.22,13.3,3,3.66,4,no
DE,84,area_code_415,no,yes,17,186.6,108,14.84,161.3,150,11.3,192.9,116,8.57,1.3,3,3.54,3,no
NE,111,area_code_510,no,no,1,222.9,95,22.47,174.9,90,17.5,195.1,110,2.73,6.5,3,2.45,1,no
CO,118,area_code_510,no,no,1,134.7,75,26.77,185.3,79,16.27,229.5,115,8.04,11.6,3,2.46,3,no
IA,117,area_code_510,no,no,0,168.5,153,26.72,163.3,139,17.01,272.0,93,15.23,2.5,2,3.16,4,no
SD,117,area_code_415,no,yes,26,205.8,113,23.76,276.9,116,10.46,128.6,97,11.69,12.0,7,1.58,1,no
MI,35,area_code_415,no,no,0,172.6,118,29.26,103.9,113,10.08,160.8,59,11.56,7.1,7,3.18,1,no
WA,155,area_code_415,no,yes,52,152.6,111,31.17,146.0,128,17.98,176.4,135,10.84,7.9,3,3.69,1,no
NH,106,area_code_415,yes,no,12,128.5,95,38.61,220.2,123,22.75,215.7,97,11.96,5.6,5,2.86,1,no
IL,84,area_code_415,no,yes,0,231.7,99,25.36,183.8,143,24.6,262.8,122,14.47,5.7,5,2.13,2,no
DC,208,area_code_408,no,no,0,216.1,140,32.13,322.8,109,15.23,206.2,100,11.38,9.4,11,2.55,1,no
DC,188,area_code_415,no,no,0,126.1,127,32.97,174.1,88,23.07,186.8,111,12.07,6.3,7,2.97,0,no
NY,81,area_code_510,no,yes,31,99.5,111,30.13,178.5,115,23.02,191.8,74,9.27,12.2,10,2.2,1,no
NY,134,area_code_415,no,no,0,0.0,73,21.56,267.6,95,23.56,160.0,112,9.89,10.1,7,2.45,1,no
RI,139,area_code_510,no,yes,28,221.0,108,33.21,168.2,124,19.16,219.7,87,10.69,9.2,2,1.97,2,no
MS,83,area_code_415,no,no,0,183.1,95,27.44,251.1,85,20.72,329.3,117,11.85,5.8,5,3.17,3,no
WV,54,area_code_415,no,no,0,286.1,98,25.4,177.7,109,21.3,257.4,82,12.56,12.7,2,0.18,2,no
NJ,87,area_code_415,no,yes,29,134.4,103,29.4,256.3,100,20.75,239.8,69,12.73,7.8,4,3.48,1,no
RI,72,area_code_415,no,no,0,128.5,88,26.55,180.7,98,23.74,133.0,96,11.88,11.0,5,3.55,1,no
KS,39,area_code_408,no,no,0,149.6,106,15.56,162.4,100,17.96,234.3,86,8.49,11.3,5,2.54,3,no
DC,189,area_code_510,no,yes,39,144.0,90,27.55,162.7,93,25.5,232.6,111,7.4,8.1,12,1.68,1,no
IN,111,area_code_408,no,no,0,89.6,103,24.44,247.2,102,24.5,183.2,136,9.42,7.8,3,1.45,0,no
IA,216,area_code_415,no,yes,37,134.2,68,29.4,184.1,97,15.84,185.3,87,11.54,10.3,3,1.22,1,no
NE,161,area_code_415,no,yes,49,185.2,116,33.56,198.0,107,20.82,146.1,83,11.18,7.4,3,3.07,3,no
ND,71,area_code_408,no,yes,38,222.1,126,37.02,168.4,126,16.9,208.8,122,9.57,6.3,3,1.62,1,no
AR,95,area_code_408,no,yes,37,184.6,130,40.27,299.3,130,19.4,209.3,122,13.36,8.6,7,2.63,1,no
TX,117,area_code_408,no,yes,1,59.3,118,27.47,164.7,102,20.68,185.8,94,11.32,10.1,7,3.99,1,no
CT,78,area_code_408,no,yes,0,151.8,113,41.17,265.4,80,24.95,89.3,132,13.56,2.3,10,3.44,3,no
DC,131,area_code_408,no,no,0,163.3,47,26.73,189.0,145,22.17,233.9,94,11.44,1.2,3,2.09,3,yes
OR,141,area_code_408,no,yes,0,181.8,127,32.67,217.4,115,20.07,248.3,109,11.48,4.7,4,1.67,3,no
SC,162,area_code_510,no,no,0,218.3,112,55.44,177.6,128,24.41,293.0,115,11.21,10.2,5,2.47,2,yes
HI,56,area_code_408,no,yes,0,201.6,81,24.69,110.0,149,19.16,223.4,92,9.9,8.6,3,3.32,4,no
AZ,136,area_code_510,no,no,1,49.1,88,42.15,81.8,110,27.16,183.2,102,11.25,9.9,6,2.41,4,no
DC,146,area_code_415,no,yes,0,161.3,129,29.34,239.1,99,14.18,196.8,75,10.25,10.0,4,2.89,1,no
VA,119,area_code_415,no,no,0,207.3,109,37.76,55.1,149,17.86,171.3,78,9.75,9.3,2,2.81,1,yes
NH,67,area_code_415,no,no,0,75.6,117,23.55,215.9,86,17.86,198.8,114,13.41,4.1,3,3.01,1,no
OK,201,area_code_415,yes,yes,24,58.8,109,43.22,217.7,149,17.16,222.0,133,13.23,11.6,6,2.08,1,no
WI,104,area_code_415,no,yes,0,112.0,126,38.99,233.5,118,19.25,198.4,89,8.15,2.8,4,2.09,2,no
LA,102,area_code_415,yes,no,1,204.6,74,45.78,223.4,146,18.85,191.6,89,12.87,8.2,4,3.7,4,yes
KY,114,area_code_408,no,yes,43,149.3,103,31.42,229.6,124,17.49,304.0,109,10.52,9.6,3,2.69,1,no
FL,10,area_code_408,yes,yes,1,137.0,105,47.01,142.6,98,26.53,182.4,96,14.71,3.5,5,2.0,3,no
MN,91,area_code_415,no,no,0,168.9,100,12.64,230.0,114,22.91,280.9,91,8.95,11.1,3,3.34,2,no
OH,51,area_code_510,yes,yes,0,229.0,108,33.63,322.4,109,18.19,242.6,78,12.61,9.4,2,3.0,0,no
WV,128,area_code_415,yes,no,0,172.0,110,26.39,141.7,104,23.29,280.7,120,7.6,12.6,2,2.17,1,yes
GA,123,area_code_415,no,yes,1,247.6,125,16.29,275.9,118,25.4,225.6,84,10.79,11.6,11,3.18,3,no
IA,138,area_code_510,no,yes,25,245.4,100,32.98,151.4,113,16.69,219.9,106,15.53,8.4,6,2.65,1,yes
TN,65,area_code_408,no,no,0,148.2,99,30.95,209.1,153,21.46,215.0,69,16.06,4.5,3,3.68,1,yes
ND,122,area_code_408,no,no,1,173.0,90,33.6,196.6,97,21.37,206.2,104,9.74,11.2,7,2.24,3,no
WV,199,area_code_415,no,no,0,180.8,109,29.1,187.5,114,14.31,258.8,75,11.33,8.0,3,3.79,1,yes
OK,78,area_code_408,yes,no,35,202.9,115,39.17,208.8,134,24.97,261.6,90,11.94,5.2,7,1.9,2,yes
OK,125,area_code_415,no,yes,29,125.7,70,36.47,189.0,139,16.63,197.0,86,12.17,8.0,6,2.82,1,no
AR,175,area_code_408,no,yes,26,177.0,145,24.49,185.0,85,12.55,266.5,107,9.64,7.9,2,1.86,3,no
PA,129,area_code_408,no,yes,0,189.7,84,30.0,188.9,99,21.21,325.9,90,5.61,7.4,3,2.74,2,no
AR,85,area_code_415,yes,no,0,181.8,87,36.79,331.1,78,18.54,317.0,118,10.62,10.0,3,3.24,1,no
NJ,83,area_code_408,no,no,23,271.1,106,21.59,170.2,100,23.34,314.6,132,9.14,9.6,7,3.71,2,no
NH,147,area_code_408,yes,no,0,192.0,96,43.29,209.9,89,20.03,188.1,108,9.44,11.3,17,2.55,1,yes
MN,150,area_code_415,no,no,0,228.9,149,31.39,173.0,108,14.02,239.1,111,10.62,6.1,5,3.15,2,no
MO,123,area_code_415,no,yes,0,65.0,96,29.85,214.5,99,23.28,232.0,80,12.23,11.4,3,2.9,1,no
NY,103,area_code_408,no,no,0,46.9,103,17.83,193.1,103,27.24,283.0,93,10.73,9.1,2,2.33,1,no
MN,55,area_code_415,no,yes,0,156.2,81,24.25,310.9,87,17.26,243.5,137,15.79,9.3,3,1.05,1,no
ID,158,area_code_415,no,no,0,154.6,91,53.2,160.6,97,19.42,261.3,91,7.78,9.9,2,2.66,4,no
MT,76,area_code_415,no,no,0,232.7,111,35.0,286.3,74,21.85,211.1,46,9.08,7.0,3,2.68,1,no
NC,147,area_code_408,no,yes,37,145.3,110,13.32,170.3,113,25.62,235.1,129,10.86,8.3,7,2.58,5,no
WV,173,area_code_408,no,no,0,223.8,123,26.01,221.8,109,17.21,172.1,100,11.4,10.5,2,2.69,5,no
LA,54,area_code_408,no,no,0,87.9,102,18.86,246.0,101,19.69,338.4,55,11.24,10.5,2,3.0,1,no
NC,53,area_code_415,no,yes,0,33.6,83,23.28,265.4,155,16.57,182.8,163,13.93,3.5,6,1.63,0,no
AR,143,area_code_510,no,no,32,181.8,93,24.15,145.5,96,21.38,148.2,109,9.13,13.9,5,1.26,3,yes
RI,112,area_code_415,no,no,0,102.8,54,44.52,218.8,162,20.53,215.1,97,11.96,6.0,5,2.76,1,no
DE,143,area_code_415,no,yes,0,70.5,134,34.58,126.6,70,23.63,155.2,110,15.91,9.1,3,2.72,3,no
NY,58,area_code_415,no,yes,35,100.6,102,32.59,225.7,106,22.06,197.1,123,12.99,8.8,7,3.41,1,no
NC,55,area_code_415,no,no,36,74.9,103,28.1,247.9,116,27.0,183.9,72,10.39,12.7,6,3.58,1,no
NV,124,area_code_415,no,no,0,60.0,85,17.6,209.0,106,21.87,183.4,88,10.31,15.1,5,2.62,3,no
CO,88,area_code_415,no,yes,0,86.9,117,30.68,206.0,116,22.82,287.5,105,13.16,2.3,5,2.55,1,no
NH,59,area_code_408,yes,no,0,235.1,137,19.18,337.7,110,27.03,265.7,134,11.41,8.0,3,3.56,1,yes
NY,70,area_code_510,no,yes,0,31.9,108,23.17,111.5,109,24.61,273.5,67,10.68,4.4,5,2.2,1,no
IL,86,area_code_510,no,yes,0,193.5,81,23.72,129.2,123,16.53,204.8,94,10.03,10.1,6,4.09,5,no
MD,138,area_code_415,no,yes,25,123.0,106,33.27,276.7,102,18.28,199.3,97,11.56,12.1,4,3.95,3,no
WI,92,area_code_415,no,no,0,195.0,138,3.88,144.0,108,26.17,122.9,119,10.4,10.5,7,2.15,0,no
AZ,85,area_code_408,no,no,0,276.9,102,28.79,168.2,136,21.68,195.5,122,12.12,9.5,5,2.59,0,no
CT,136,area_code_415,no,yes,0,84.1,114,44.67,148.1,132,20.75,234.9,103,10.96,9.9,7,2.94,0,no
NV,68,area_code_415,no,no,41,82.0,104,46.13,112.7,115,15.06,257.4,95,12.47,6.5,6,2.33,1,no
AZ,120,area_code_408,no,no,42,158.3,121,23.87,149.3,121,22.47,245.6,75,12.8,3.4,5,1.77,1,no
OR,134,area_code_510,no,yes,0,176.0,97,32.13,162.6,139,17.52,208.5,159,10.81,10.9,5,1.21,1,no
MI,118,area_code_408,yes,no,0,234.8,105,19.64,269.2,136,24.29,247.0,109,8.58,11.5,9,2.11,1,yes
OK,124,area_code_415,no,yes,30,193.8,95,21.59,224.8,116,18.19,200.1,93,12.49,9.5,2,3.73,1,no
NJ,188,area_code_415,no,no,0,108.5,95,48.49,219.2,123,16.71,208.0,118,15.65,9.0,6,2.73,4,no
VT,139,area_code_415,no,no,0,66.5,121,26.69,359.3,97,20.35,208.2,99,12.39,7.2,2,2.86,0,no
MS,46,area_code_408,no,yes,35,56.1,64,29.52,131.7,107,8.96,158.4,67,8.7,7.9,6,3.27,4,no
SC,95,area_code_510,yes,yes,0,129.0,88,21.65,236.8,122,19.71,191.0,88,10.11,13.5,8,3.01,1,yes
NH,110,area_code_415,no,no,0,133.0,80,40.2,188.2,119,19.18,233.9,108,13.73,4.7,2,2.7,2,no
MN,147,area_code_408,no,no,28,51.2,93,31.72,114.4,130,24.01,200.5,130,7.33,10.9,6,2.91,1,yes
VA,166,area_code_415,yes,no,0,285.9,109,32.14,152.6,119,21.82,272.8,88,12.33,7.3,1,1.56,4,yes
TX,165,area_code_510,no,yes,0,200.0,126,31.09,138.1,72,22.81,278.8,109,9.56,12.1,6,2.69,2,no
MN,140,area_code_510,yes,yes,36,89.0,60,33.87,85.3,112,21.17,124.4,81,10.27,12.5,7,2.97,3,no
DE,88,area_code_415,no,no,0,220.0,99,23.12,111.2,125,21.1,243.7,76,8.04,6.5,3,2.42,1,no
OK,173,area_code_415,no,yes,0,134.0,56,29.82,148.6,75,17.96,197.8,121,11.64,8.5,2,2.66,3,no
WV,122,area_code_415,no,no,0,255.0,103,24.18,208.9,118,25.43,219.8,100,13.58,12.1,5,3.42,3,yes
MN,47,area_code_408,no,no,1,151.7,133,25.73,116.4,130,17.57,276.7,64,9.3,11.5,2,3.97,1,no
NY,162,area_code_408,no,yes,34,203.2,103,52.49,217.9,87,17.78,237.3,66,6.95,7.7,5,2.48,1,no
TN,117,area_code_415,no,no,0,157.3,92,27.14,136.7,126,29.29,93.7,91,12.75,11.4,5,2.92,1,yes
ID,126,area_code_415,yes,no,0,16.6,118,32.02,199.5,122,13.12,214.4,132,10.89,9.8,2,3.36,1,no
AK,128,area_code_415,no,no,0,129.7,103,21.43,185.7,97,15.0,116.0,116,10.64,11.9,2,2.95,1,no
SC,133,area_code_415,yes,no,0,306.4,92,45.92,181.8,92,16.9,283.5,105,9.18,10.0,3,2.28,1,no
IN,122,area_code_408,no,yes,38,241.1,114,32.12,181.2,124,19.17,177.8,99,8.84,6.9,6,3.55,1,no
SD,83,area_code_510,yes,no,0,231.6,114,29.03,192.6,121,19.1,254.9,141,9.51,10.9,3,2.73,1,no
AL,3,area_code_415,no,no,1,144.9,100,27.9,150.1,151,21.39,269.0,56,11.23,3.8,3,2.69,1,no
NM,165,area_code_510,no,no,0,107.9,85,29.04,226.9,78,20.18,216.5,116,8.19,8.1,7,2.84,1,no
WV,117,area_code_408,no,no,0,182.5,117,28.99,335.5,96,14.22,335.9,90,9.59,6.3,3,3.04,2,no
IL,131,area_code_408,no,no,0,162.2,129,31.9,204.7,85,16.13,169.4,74,8.13,9.1,7,2.72,1,yes
SC,92,area_code_415,no,yes,0,163.6,110,33.13,206.5,90,18.6,12.2,119,17.05,3.2,9,2.96,1,no
MD,90,area_code_408,no,yes,36,192.1,101,43.71,191.6,158,22.99,214.9,106,7.69,5.8,12,4.57,1,no
AL,84,area_code_415,no,yes,40,126.2,67,21.82,183.0,145,21.12,173.0,115,14.38,10.0,2,2.7,1,no
NM,131,area_code_510,no,no,0,231.1,128,37.67,180.1,141,19.17,270.3,112,12.34,5.6,6,0.96,1,yes
MA,157,area_code_415,no,no,0,161.5,99,32.09,111.9,111,13.96,250.4,78,10.4,6.2,2,1.96,0,no
NY,112,area_code_415,no,no,39,30.9,131,17.66,211.3,105,23.7,174.3,88,10.35,14.8,5,1.21,1,no
DC,182,area_code_415,no,yes,0,75.3,143,31.46,162.7,116,19.64,279.6,56,9.74,7.8,3,2.41,3,no
AL,136,area_code_415,no,no,0,142.4,103,29.9,232.7,95,17.18,207.2,110,8.83,13.3,8,2.83,3,no
OR,19,area_code_415,no,yes,32,164.6,126,41.7,253.0,108,16.83,260.2,105,9.65,8.2,5,2.88,1,no
NH,109,area_code_408,no,no,36,306.6,90,31.69,255.2,79,18.17,276.4,103,10.6,8.2,5,2.86,0,no
OK,43,area_code_415,no,yes,0,80.3,111,27.77,202.0,78,16.06,268.7,147,9.22,13.0,3,3.33,3,no
ME,151,area_code_415,no,no,0,217.0,90,28.78,77.5,123,15.58,199.7,143,8.2,6.6,2,3.14,1,no
NC,112,area_code_415,no,no,0,194.3,76,20.07,196.4,128,23.16,233.6,128,12.58,7.9,7,3.75,2,no
NM,64,area_code_510,no,no,0,264.1,90,12.98,90.6,87,20.14,194.8,122,9.22,12.7,3,2.29,1,no
VA,73,area_code_408,yes,no,0,212.3,77,36.64,205.9,109,18.03,179.5,48,9.49,9.3,7,2.88,1,no
ID,150,area_code_415,no,no,0,160.2,124,32.12,224.4,136,22.48,145.7,133,9.13,8.3,4,2.16,1,no
OH,99,area_code_415,no,no,0,230.7,129,43.01,171.2,95,22.22,275.5,92,8.94,5.4,2,2.76,5,yes
ID,156,area_code_415,no,no,0,238.3,109,18.06,173.4,106,21.03,198.7,85,10.35,6.8,3,3.31,0,yes
AR,131,area_code_415,no,yes,0,49.0,86,21.93,262.3,120,11.72,188.5,110,8.16,8.4,2,3.53,1,no
TX,128,area_code_415,yes,yes,0,214.4,98,40.44,212.6,118,17.96,135.1,114,14.48,6.7,7,2.47,1,no
PA,202,area_code_510,no,no,0,147.7,140,5.14,117.7,110,22.15,97.4,90,12.99,11.3,6,1.68,2,no
VT,77,area_code_408,no,no,0,218.6,127,16.74,162.8,99,19.56,161.6,121,9.2,9.0,4,2.68,4,no
MA,157,area_code_510,no,yes,0,159.6,81,10.16,68.6,102,21.97,234.5,113,9.88,4.3,3,3.44,1,no
DC,128,area_code_415,no,no,37,149.7,102,30.03,166.2,114,18.96,273.6,58,13.22,12.8,2,3.32,0,no
NE,216,area_code_415,yes,no,0,171.3,114,29.41,265.3,73,24.31,296.5,155,10.9,10.2,14,1.75,1,no
DE,117,area_code_408,no,no,0,146.8,114,28.69,204.4,105,15.28,252.1,108,9.79,8.8,2,1.72,4,no
SC,121,area_code_408,no,no,0,190.9,95,31.71,298.5,100,16.35,234.8,126,12.63,8.9,2,1.72,1,no
NY,98,area_code_408,yes,yes,38,0.0,96,25.71,214.7,127,22.82,167.5,103,10.65,10.3,3,2.31,1,no
AR,161,area_code_415,yes,yes,0,0.0,84,34.68,65.0,125,15.33,166.8,107,7.34,8.3,12,2.34,3,yes
OR,66,area_code_415,no,yes,12,146.0,72,25.15,253.3,119,23.77,278.0,113,12.85,9.0,2,4.02,1,no
MI,207,area_code_510,yes,no,0,47.7,84,35.56,146.3,113,13.31,180.6,106,15.64,14.8,6,2.69,1,yes
ME,166,area_code_415,no,no,0,148.3,83,44.11,183.8,143,18.71,229.5,97,9.13,7.2,2,2.67,1,no
WY,115,area_code_510,no,yes,36,194.0,102,35.09,229.7,111,17.63,329.5,105,11.21,10.4,3,2.68,2,no
GA,122,area_code_415,no,no,0,202.5,101,39.19,233.5,94,23.62,149.2,120,14.16,10.5,3,3.49,3,no
NJ,126,area_code_408,no,yes,0,111.7,86,44.67,115.4,106,19.72,312.2,66,7.63,12.2,1,3.03,3,no
MN,69,area_code_408,no,no,0,263.4,87,23.5,169.8,107,23.64,203.8,106,9.6,8.8,3,2.82,1,no
SD,144,area_code_408,yes,no,26,221.1,77,17.36,167.0,110,19.11,197.1,157,8.3,13.5,3,3.65,1,no
MI,45,area_code_408,no,yes,36,157.8,120,41.36,308.5,101,16.37,261.7,108,11.94,8.3,3,2.12,1,yes
NV,145,area_code_415,no,no,0,124.4,94,20.38,243.4,77,15.14,253.3,124,13.81,7.3,4,3.21,1,no
KS,118,area_code_408,no,yes,36,41.0,109,29.54,221.1,109,16.37,235.6,103,14.11,6.7,14,3.38,0,no
MD,131,area_code_415,no,yes,25,171.5,95,28.56,158.5,90,19.74,239.3,79,11.04,8.8,9,3.75,1,no
VA,34,area_code_415,no,no,0,181.1,80,26.54,214.9,121,25.93,258.2,101,11.38,10.6,2,3.75,1,no
DE,12,area_code_415,no,yes,31,82.6,119,30.52,32.7,147,19.66,173.6,96,10.08,8.1,3,2.77,1,no
ME,106,area_code_510,no,no,0,168.4,121,29.93,230.4,91,20.78,209.7,107,9.18,10.8,2,2.98,1,no
GA,164,area_code_510,no,no,39,94.0,113,26.14,224.5,94,12.7,251.9,92,10.2,12.5,3,2.8,3,no
MT,60,area_code_415,no,yes,37,192.2,81,32.93,191.9,88,18.14,171.4,127,8.53,10.2,4,3.11,1,no
OR,122,area_code_510,no,yes,35,135.8,97,40.85,99.9,136,15.3,222.1,103,8.32,14.5,3,1.95,2,no
PA,102,area_code_415,no,no,0,192.6,89,33.43,224.5,76,13.26,348.9,100,11.6,12.1,2,3.87,1,no
ID,153,area_code_415,no,yes,32,106.6,71,34.54,207.1,105,13.95,225.1,97,17.28,10.1,7,1.63,1,no
UT,93,area_code_415,no,yes,18,106.4,78,14.27,131.6,139,16.39,163.8,111,11.75,11.8,7,2.48,1,no
MO,142,area_code_415,no,yes,36,124.7,102,13.84,157.9,134,15.43,111.7,122,9.99,13.0,2,2.2,1,no
HI,229,area_code_415,no,yes,0,130.8,116,22.84,199.3,139,15.35,256.1,115,6.58,13.3,9,1.34,2,no
OR,125,area_code_415,no,yes,28,97.0,134,25.01,180.8,132,19.01,213.2,133,8.7,7.9,2,2.7,1,no
UT,90,area_code_415,no,yes,43,165.0,108,32.61,250.4,115,24.94,208.3,117,11.89,9.2,2,0.0,4,no
OK,154,area_code_408,no,no,29,246.3,98,29.81,240.1,83,17.88,177.4,137,16.09,6.2,5,2.76,1,no
NE,35,area_code_408,no,yes,0,148.7,119,5.42,163.6,138,18.85,341.5,122,10.57,10.8,1,3.35,2,no
DC,108,area_code_415,no,yes,24,157.7,68,31.24,170.5,99,22.02,264.2,92,13.64,13.1,2,2.88,1,no
MN,124,area_code_510,no,no,1,288.2,97,34.38,246.7,106,18.28,277.5,95,10.2,5.2,5,2.33,1,yes
MI,87,area_code_415,no,no,0,228.1,88,54.54,279.8,96,18.43,264.5,103,9.45,5.1,10,2.21,3,yes
AR,236,area_code_415,no,yes,26,234.3,116,19.49,211.2,104,23.63,311.6,103,12.85,10.9,7,4.17,1,no
LA,151,area_code_510,no,no,0,231.4,81,22.59,306.3,82,14.45,236.4,127,10.01,12.4,2,3.45,1,no
NJ,128,area_code_510,no,no,1,87.5,67,22.22,204.9,101,20.72,203.8,140,13.65,7.6,3,2.4,1,no
RI,241,area_code_415,no,no,0,178.5,68,53.31,222.5,103,15.56,303.5,83,13.65,12.3,7,2.87,1,no
NH,130,area_code_415,yes,yes,0,193.0,89,33.33,163.4,86,16.27,171.9,121,13.04,8.6,3,3.46,0,no
WY,24,area_code_408,yes,no,29,225.0,82,29.92,275.3,115,24.54,140.9,101,11.08,8.9,5,3.44,1,no
WI,2,area_code_415,yes,no,0,178.3,140,33.81,235.9,105,25.17,206.0,112,10.65,8.7,4,2.57,3,yes
NJ,145,area_code_408,no,no,0,202.5,72,32.25,198.7,103,25.54,179.9,123,10.58,4.9,5,3.88,1,yes
OR,117,area_code_415,no,no,0,148.9,101,19.39,108.6,100,21.23,274.1,94,7.59,10.1,4,3.58,0,no
AL,191,area_code_415,no,yes,0,112.6,104,31.56,118.8,100,14.87,200.1,108,12.24,6.0,3,0.0,1,no
OR,109,area_code_415,no,no,0,163.5,49,17.76,141.2,125,24.93,175.7,91,9.99,15.4,7,2.71,1,no
HI,67,area_code_408,no,no,0,151.6,74,13.62,33.5,119,27.05,149.9,100,10.31,5.5,3,2.67,1,no
NH,70,area_code_510,no,yes,1,138.1,101,31.69,105.7,65,18.31,235.8,70,10.1,6.0,2,2.98,3,yes
PA,157,area_code_415,no,no,0,104.6,118,33.76,254.9,104,28.31,293.2,124,12.94,12.4,2,0.58,1,yes
CO,128,area_code_415,no,yes,0,111.5,149,23.69,139.3,106,23.38,263.8,88,12.54,8.3,7,2.78,0,no
NC,76,area_code_415,no,yes,30,199.0,116,28.99,203.2,95,24.25,209.5,63,11.97,9.9,2,1.87,4,no
FL,152,area_code_415,yes,no,0,228.2,53,19.14,137.6,103,25.01,211.2,99,13.34,8.5,7,3.35,1,yes
NY,184,area_code_408,no,yes,45,164.5,114,32.52,117.3,145,16.39,219.0,126,9.45,8.1,3,2.6,3,no
ME,151,area_code_415,no,yes,1,139.5,93,31.41,261.1,108,18.64,193.2,100,11.6,10.2,6,2.44,1,no
MA,134,area_code_510,no,no,0,239.9,112,34.96,238.9,112,20.54,269.5,102,9.35,10.5,5,2.56,1,no
DE,79,area_code_415,no,yes,37,131.4,101,31.79,184.1,158,22.63,142.2,126,9.64,10.3,2,3.25,1,no
MT,118,area_code_415,no,yes,30,109.2,74,18.15,214.7,115,12.3,200.0,92,10.76,13.9,4,2.95,1,no
OK,89,area_code_510,yes,yes,41,222.0,119,23.72,183.3,101,18.35,254.5,90,8.78,14.3,4,2.87,1,no
IL,116,area_code_415,yes,no,28,114.5,71,34.51,170.0,112,21.54,210.1,83,9.58,11.1,5,2.99,1,no
UT,22,area_code_415,no,no,0,161.1,125,20.53,224.3,85,19.36,180.4,139,11.41,6.8,11,2.98,1,no
FL,101,area_code_415,no,no,36,199.2,115,49.03,216.9,113,24.82,240.1,122,10.77,14.8,6,3.49,4,no
SD,154,area_code_415,yes,no,0,119.2,79,23.89,237.0,92,22.08,204.9,126,9.66,16.3,3,2.85,1,no
SD,62,area_code_408,yes,no,0,189.8,100,39.67,252.8,108,13.38,169.4,121,10.05,5.5,11,2.76,0,yes
KY,91,area_code_415,no,no,36,226.4,93,39.12,65.9,139,21.78,244.9,99,9.27,8.5,4,2.82,1,no
NH,122,area_code_415,yes,no,0,152.3,76,28.03,143.1,118,18.13,213.0,94,9.02,7.3,2,4.29,0,no
NV,93,area_code_408,no,no,0,0.0,146,29.85,256.1,130,14.93,150.9,90,11.73,11.6,2,1.26,0,no
MI,149,area_code_415,no,yes,0,173.3,110,25.39,194.7,100,20.12,276.2,101,10.9,11.7,4,3.97,1,no
UT,121,area_code_408,yes,no,32,149.8,105,27.74,195.0,101,17.84,319.6,126,7.49,4.6,11,2.4,1,no
NE,139,area_code_510,no,yes,0,220.0,138,35.44,252.6,116,17.88,264.8,140,11.08,10.6,6,3.16,2,no
IL,49,area_code_415,no,no,0,171.1,94,31.99,147.4,122,14.62,175.2,87,11.66,7.3,2,1.28,0,no
NC,135,area_code_415,no,yes,34,153.0,88,14.94,202.7,91,24.27,260.1,91,12.91,8.2,2,3.42,1,no
MI,103,area_code_408,no,no,0,225.3,123,27.1,109.3,100,23.8,217.7,118,7.57,10.7,2,3.23,4,no
OK,197,area_code_408,no,yes,1,175.6,138,39.14,116.9,92,24.72,192.8,61,10.22,9.0,2,2.69,3,no
IL,97,area_code_415,no,no,0,236.2,98,24.14,183.3,124,24.03,211.2,147,17.77,6.0,2,2.74,1,yes
AL,214,area_code_415,no,yes,0,153.8,67,49.59,238.6,94,19.36,156.2,125,11.65,9.5,5,3.17,2,no
RI,132,area_code_415,no,no,0,227.6,99,33.88,205.8,104,17.61,211.5,81,12.97,8.5,3,1.98,2,no
WV,40,area_code_415,no,no,0,227.5,120,34.16,271.1,169,18.74,201.8,109,11.83,7.8,3,1.62,0,no
NY,139,area_code_415,no,yes,25,181.5,103,25.43,226.2,112,17.76,222.9,126,7.84,2.5,3,2.55,1,no
OK,98,area_code_408,yes,no,0,184.8,112,33.13,174.8,107,18.23,176.0,83,10.52,10.0,5,3.24,1,no
GA,38,area_code_408,no,yes,36,234.6,88,37.01,170.7,112,17.96,301.9,93,10.94,7.3,5,1.99,1,no
MA,166,area_code_415,no,yes,21,197.8,88,33.45,137.1,147,16.92,216.0,96,11.39,11.1,3,2.59,1,no
OR,101,area_code_408,no,no,0,171.7,89,34.41,142.4,93,23.11,303.7,123,11.2,7.8,6,2.73,1,no
IA,62,area_code_415,no,yes,35,157.6,112,40.43,153.8,102,19.78,172.6,89,15.14,9.2,4,2.26,3,no
CO,77,area_code_510,no,yes,1,191.2,126,34.47,253.9,115,20.23,247.9,122,8.47,9.7,5,4.43,1,no
GA,124,area_code_415,no,yes,43,181.6,135,16.34,120.5,135,17.69,221.5,98,12.99,10.8,3,2.71,1,no
MO,122,area_code_408,no,no,0,204.5,110,31.79,287.3,75,23.27,285.0,66,10.64,4.4,4,1.98,4,yes
DC,168,area_code_415,yes,yes,0,247.0,91,55.95,199.3,153,18.56,173.3,106,9.9,4.8,3,2.39,4,no
VA,203,area_code_415,no,no,23,53.2,93,34.89,137.1,115,18.51,251.9,120,13.15,6.7,4,2.36,1,no
KY,4,area_code_415,no,yes,0,122.2,94,28.57,197.8,118,30.54,309.4,94,11.48,6.2,5,3.61,2,no
MT,149,area_code_408,no,yes,38,124.9,75,28.33,203.5,99,22.23,284.6,121,11.67,14.3,5,3.04,1,yes
KY,110,area_code_415,no,no,0,219.1,103,26.91,171.2,115,22.6,295.5,112,13.39,11.3,2,2.92,1,no
ME,116,area_code_510,no,no,0,268.5,141,24.76,152.8,143,11.22,189.2,115,6.15,10.8,9,3.81,1,no
GA,74,area_code_415,no,yes,1,170.3,78,48.68,229.5,90,24.38,186.1,76,13.32,9.6,4,2.46,0,no
UT,114,area_code_415,no,yes,39,163.6,92,33.16,290.7,122,18.66,302.5,106,11.32,3.0,5,2.62,1,no
LA,175,area_code_415,no,yes,37,252.6,86,37.2,196.7,106,17.62,173.8,119,12.63,4.6,6,3.08,4,no
WA,89,area_code_415,no,yes,0,112.9,86,19.0,173.6,105,20.26,226.7,104,11.11,9.6,3,3.11,1,no
NY,115,area_code_510,no,no,37,241.8,91,45.68,161.0,89,18.22,205.2,100,10.86,10.9,9,3.93,1,no
PA,98,area_code_415,no,yes,28,139.3,105,35.79,239.6,158,21.63,234.6,72,12.17,9.7,6,2.59,0,no
SC,152,area_code_408,yes,no,27,226.3,94,30.9,209.2,103,19.72,164.5,103,12.97,5.9,3,2.82,1,no
CO,74,area_code_415,no,no,0,223.9,135,33.65,324.1,104,23.53,239.4,102,11.18,8.8,2,0.0,3,no
ME,116,area_code_415,no,no,0,165.9,99,37.15,217.6,83,16.55,269.0,72,10.89,7.4,2,2.39,2,no
IN,149,area_code_415,no,yes,0,125.6,110,45.83,231.6,133,21.66,230.6,86,8.25,10.1,2,2.84,1,no
OH,88,area_code_415,no,yes,35,212.7,94,40.35,242.5,162,26.42,228.8,58,9.47,10.5,5,1.52,1,no
NH,74,area_code_408,no,yes,35,205.5,81,25.64,260.1,66,24.65,256.3,109,10.24,4.9,9,5.06,1,no
CT,65,area_code_408,no,yes,0,195.5,104,32.55,320.2,111,21.52,246.2,137,9.62,8.5,10,3.57,1,yes
NH,211,area_code_415,no,no,0,212.7,100,41.99,277.6,106,22.92,336.3,103,12.1,10.1,3,2.71,1,yes
NJ,107,area_code_415,no,yes,0,126.5,93,33.56,136.2,138,21.69,188.7,72,10.03,7.4,6,2.99,1,no
SD,128,area_code_408,yes,no,0,194.5,106,21.35,170.8,98,25.59,282.8,89,9.88,16.8,1,2.89,1,yes
DC,83,area_code_408,no,yes,27,174.5,108,20.55,172.6,123,23.13,276.9,109,11.41,9.0,5,3.81,3,no
WY,120,area_code_415,no,no,0,206.1,118,31.34,220.3,106,16.44,170.5,67,10.33,9.9,7,2.81,1,no
DE,132,area_code_415,no,no,0,277.5,74,37.11,254.8,84,20.4,148.2,109,9.04,6.4,5,2.63,3,no
IA,80,area_code_510,no,no,0,290.1,92,27.63,137.8,122,22.04,229.8,134,6.21,7.8,3,3.21,1,no
CT,155,area_code_415,no,no,27,231.8,91,23.51,176.6,89,17.26,191.2,149,7.61,10.0,4,3.34,1,no
MD,156,area_code_415,no,yes,37,116.1,62,25.49,189.5,152,20.39,125.9,123,12.1,13.8,3,3.48,3,no
FL,69,area_code_408,no,yes,28,187.6,133,9.45,284.5,91,18.15,213.8,100,10.44,16.0,5,3.64,1,no
NH,107,area_code_415,no,yes,0,182.7,121,29.95,311.4,103,18.87,284.5,96,14.08,11.9,7,3.65,1,no
NM,59,area_code_415,no,no,0,188.4,112,42.3,100.2,144,21.15,185.7,123,10.03,9.1,5,2.7,0,no
AR,102,area_code_415,no,no,39,192.0,103,49.47,279.2,131,21.51,279.2,70,12.2,5.8,5,2.35,4,no
ID,129,area_code_415,no,no,0,202.1,102,43.7,142.3,104,20.23,122.3,101,14.21,8.7,2,3.17,0,no
NV,167,area_code_415,no,yes,0,132.1,90,13.17,134.3,101,19.45,169.3,122,15.94,5.4,3,2.6,1,no
MS,211,area_code_408,no,no,25,127.2,95,17.28,315.3,99,17.87,234.0,120,13.15,4.4,3,1.87,0,no
WV,102,area_code_408,no,no,0,195.4,101,32.58,151.5,126,13.83,164.0,144,14.0,0.0,5,1.9,1,no
OK,136,area_code_408,yes,yes,34,162.9,92,20.93,312.9,132,20.94,204.3,112,12.4,5.0,5,0.0,1,no
IL,189,area_code_415,no,no,0,193.4,71,32.78,67.1,130,11.94,261.3,87,8.14,7.8,3,2.65,1,no
AL,57,area_code_408,no,no,0,190.4,95,47.76,282.5,119,24.07,260.6,123,11.75,10.9,11,3.04,1,yes
NE,73,area_code_510,no,no,0,236.9,105,11.43,249.5,135,18.89,219.2,98,9.56,11.2,2,3.72,1,no
AR,214,area_code_510,no,no,0,146.7,116,33.78,195.2,107,22.27,201.1,101,9.56,8.5,5,0.98,1,yes
HI,89,area_code_415,no,yes,0,212.3,84,20.41,162.5,119,21.21,93.6,114,9.77,8.8,3,3.07,1,no
DC,74,area_code_415,yes,yes,26,197.7,109,27.75,177.2,119,19.13,130.4,124,12.41,14.7,5,3.03,4,no
TX,18,area_code_415,no,yes,18,153.2,69,32.86,287.4,127,21.53,167.3,107,11.88,10.2,7,3.72,1,no
MN,165,area_code_408,no,no,29,299.6,126,25.1,175.2,97,20.36,202.4,135,6.94,13.5,5,2.07,2,yes
IL,90,area_code_510,no,no,34,147.6,95,48.74,272.3,125,17.36,221.4,75,11.41,12.3,3,1.87,3,no
NE,149,area_code_415,no,no,0,20.3,113,29.19,123.2,113,22.32,241.1,131,16.42,8.7,6,2.89,1,no
OK,137,area_code_415,yes,yes,0,136.7,95,48.11,305.4,87,16.14,291.3,92,9.76,11.2,6,2.88,4,no
IL,85,area_code_415,no,yes,0,258.3,108,23.4,230.8,99,23.7,244.3,117,7.97,11.9,6,3.02,1,no
IL,107,area_code_415,no,no,0,126.9,130,37.34,261.3,119,22.18,212.7,94,10.58,2.8,6,3.47,0,no
NJ,164,area_code_415,yes,no,0,249.4,108,47.13,165.1,126,17.82,300.0,105,8.4,9.1,5,2.12,0,no
VT,151,area_code_415,no,no,0,157.6,43,40.08,176.4,102,17.61,251.3,109,11.96,7.3,6,3.47,1,no
KS,154,area_code_415,no,no,0,199.1,101,31.54,204.5,98,18.89,226.4,88,9.78,4.4,4,3.36,1,no
MI,105,area_code_415,no,yes,0,183.9,108,33.38,246.5,137,18.76,219.0,64,13.22,7.9,5,2.97,1,no
MT,108,area_code_415,no,no,0,325.7,90,32.1,232.0,96,22.61,223.6,114,10.59,10.9,2,0.71,5,no
WV,114,area_code_415,no,yes,52,224.0,51,44.1,206.9,102,22.29,192.7,82,9.7,11.4,4,1.36,1,no
NJ,186,area_code_415,no,yes,0,260.2,92,23.95,273.7,111,19.35,214.3,112,10.57,9.4,4,3.24,1,yes
OK,128,area_code_415,no,no,0,179.3,70,40.6,251.4,95,20.57,197.6,109,12.92,3.5,2,2.7,1,yes
MI,121,area_code_408,no,yes,33,164.5,108,48.89,161.7,105,24.05,280.7,86,10.69,11.1,2,3.54,1,no
ND,89,area_code_415,no,no,0,14.0,100,17.87,202.4,114,15.6,252.3,128,11.95,8.7,2,4.33,1,no
OR,187,area_code_415,no,no,35,138.9,94,48.94,215.2,111,17.74,262.8,65,11.6,8.4,3,2.79,4,no
MD,125,area_code_510,no,yes,0,110.1,99,22.01,242.2,94,24.4,259.8,107,15.94,8.8,5,3.54,3,no
MN,125,area_code_415,yes,yes,33,207.2,79,44.03,129.7,109,15.63,89.1,121,15.81,8.7,2,2.36,1,no
NH,80,area_code_408,yes,no,0,242.3,105,41.99,144.2,100,23.72,147.4,70,10.63,10.3,6,3.28,1,yes
MD,199,area_code_408,no,yes,0,77.1,104,36.31,86.9,114,16.87,118.1,122,10.57,10.5,6,0.79,3,no
MO,112,area_code_415,no,yes,25,102.4,81,45.47,208.6,88,10.82,277.2,117,6.08,13.4,18,3.41,1,yes
NY,98,area_code_415,no,yes,0,158.9,90,42.5,233.4,120,15.9,199.5,71,10.09,9.6,3,2.38,1,no
UT,175,area_code_415,no,no,0,179.2,100,27.61,179.7,120,23.06,153.8,74,10.0,9.8,2,2.8,4,no
OR,107,area_code_415,no,yes,0,118.9,112,23.9,247.6,165,19.76,208.0,109,10.43,13.3,5,3.41,2,no
OK,129,area_code_415,yes,yes,25,130.4,88,48.99,193.8,128,9.9,212.2,121,13.09,7.8,5,3.23,1,no
LA,106,area_code_415,no,yes,43,115.5,39,33.23,228.0,101,21.36,221.0,115,3.62,8.7,6,3.72,1,no
OR,172,area_code_415,no,yes,45,18.2,87,31.22,224.9,105,18.54,331.2,87,11.76,10.5,6,3.29,1,no
NV,116,area_code_408,no,no,0,256.8,88,26.2,288.1,130,19.84,243.7,131,16.35,8.3,3,4.01,1,no
RI,68,area_code_415,yes,yes,23,265.3,106,22.93,200.4,105,17.3,221.2,113,9.49,2.9,2,2.79,1,no
OR,61,area_code_408,yes,yes,1,96.6,104,32.52,233.1,93,19.29,245.2,116,10.46,2.7,6,3.12,1,yes
NY,127,area_code_415,no,yes,0,1.1,65,25.24,104.2,105,23.4,121.1,111,11.87,5.7,11,2.83,1,no
NE,148,area_code_510,no,yes,0,27.2,108,17.66,218.4,134,19.61,160.8,120,11.31,8.2,5,2.24,2,no
NE,202,area_code_415,yes,no,0,166.0,124,38.2,114.9,96,17.91,145.4,82,12.38,10.3,1,1.56,1,yes
MD,44,area_code_415,no,yes,0,37.5,98,23.55,129.5,120,18.0,164.7,100,10.12,10.1,2,2.6,1,no
UT,67,area_code_415,no,yes,14,167.9,114,17.0,161.2,106,22.89,239.8,116,10.36,12.3,2,2.01,4,no
MD,101,area_code_408,no,yes,0,210.8,106,40.35,112.9,102,15.3,275.6,91,9.85,4.6,5,3.66,1,no
FL,93,area_code_408,no,yes,40,185.0,123,18.07,237.8,135,22.42,231.2,112,8.83,6.6,6,2.38,1,no
CT,125,area_code_408,no,yes,0,269.6,94,20.98,183.1,84,20.38,244.8,73,10.32,0.0,3,3.04,1,no
PA,187,area_code_415,no,yes,31,176.9,90,33.3,257.0,156,17.83,217.7,103,10.28,4.7,5,2.94,1,no
VT,72,area_code_415,no,no,1,72.4,117,24.47,197.2,100,15.36,255.3,107,10.98,8.4,2,2.9,4,no
TX,132,area_code_415,yes,no,0,163.5,53,19.82,168.4,111,19.57,203.7,98,10.8,7.9,2,3.43,1,yes
NH,112,area_code_415,yes,yes,0,274.0,101,28.38,182.3,111,25.29,290.5,100,12.19,10.1,1,3.78,1,yes
MS,166,area_code_415,yes,no,32,170.4,88,35.66,174.8,124,16.37,179.0,122,11.76,3.0,5,2.57,1,no
NH,87,area_code_415,no,no,0,155.7,105,27.05,259.8,96,19.09,328.1,88,16.07,6.3,3,3.02,1,no
IL,122,area_code_415,no,no,37,253.5,92,33.29,289.4,95,20.36,231.6,112,9.93,9.4,5,3.43,4,yes
WI,102,area_code_408,no,yes,42,180.5,129,49.45,179.0,100,16.25,181.6,104,10.72,11.5,2,2.38,1,no
CA,57,area_code_415,yes,no,43,202.4,85,30.78,172.2,93,19.81,224.9,55,10.47,8.9,3,3.31,1,no
CT,73,area_code_415,no,no,0,129.9,130,27.04,275.1,87,20.99,301.9,90,13.17,7.1,10,2.43,2,no
NJ,133,area_code_415,no,yes,34,216.5,102,20.18,230.3,93,19.97,233.3,96,12.43,8.7,2,2.59,1,no
IN,66,area_code_408,no,yes,40,210.6,99,54.39,78.9,128,22.71,137.2,96,13.95,9.3,2,1.79,1,no
SC,38,area_code_510,no,no,0,213.5,95,37.17,221.7,87,20.05,185.1,98,15.35,5.2,2,2.55,3,yes
OR,126,area_code_415,no,no,45,145.1,139,30.39,271.3,81,21.29,191.5,108,14.33,7.0,8,1.62,2,no
ME,28,area_code_510,no,yes,35,207.1,123,32.89,241.4,112,22.67,205.6,115,10.7,12.4,5,1.83,0,no
AR,103,area_code_415,yes,yes,42,146.3,90,29.23,117.7,121,21.18,225.2,103,9.11,6.6,3,3.21,4,no
RI,79,area_code_415,no,yes,0,173.2,96,45.51,96.1,112,21.86,224.8,91,11.56,10.4,6,2.03,4,no
WY,79,area_code_415,no,yes,45,172.5,100,41.18,254.6,143,21.19,254.9,77,8.05,10.4,12,2.85,1,no
SD,58,area_code_415,no,no,1,206.8,120,18.41,164.1,93,24.26,189.3,92,15.12,13.0,2,3.64,2,no
HI,152,area_code_408,no,yes,1,141.9,101,22.81,175.4,97,27.86,230.2,114,12.51,13.3,5,1.45,1,no
MN,112,area_code_415,no,yes,24,160.9,95,14.36,301.2,118,19.15,204.3,98,6.86,3.1,4,0.97,1,no
KY,107,area_code_415,no,no,0,242.9,95,52.3,186.9,139,18.25,212.7,70,12.65,10.8,2,2.72,2,no
AZ,191,area_code_408,no,no,0,168.5,106,5.34,268.2,117,27.34,185.3,102,9.64,8.6,3,0.64,1,no
GA,63,area_code_415,no,yes,38,171.7,87,28.86,202.0,141,21.18,251.0,95,13.97,7.6,4,3.85,1,no
ME,106,area_code_415,no,no,0,153.8,110,28.79,139.3,163,27.59,192.1,107,12.29,9.7,2,2.85,4,no
MS,157,area_code_415,no,yes,27,82.5,85,33.54,200.3,101,11.18,214.6,102,10.29,9.0,9,2.97,4,no
RI,84,area_code_415,yes,no,0,223.6,120,36.97,183.5,164,25.95,169.9,95,12.03,5.2,3,3.17,3,yes
FL,184,area_code_415,no,yes,35,149.1,117,20.5,203.5,99,20.01,242.7,144,12.69,12.5,3,2.77,1,no
WI,106,area_code_408,no,no,26,181.5,101,21.67,228.6,91,21.19,151.0,103,8.54,9.0,7,3.62,1,no
MO,127,area_code_408,yes,no,0,204.4,70,27.25,263.8,129,17.52,113.3,120,11.03,9.3,3,3.05,1,no
NV,113,area_code_415,no,yes,38,108.7,94,13.03,175.0,91,10.87,279.8,110,9.84,13.5,3,1.85,1,no
RI,115,area_code_415,no,no,0,167.2,109,22.99,228.9,100,22.76,196.1,81,14.05,7.6,2,3.05,2,no
FL,123,area_code_408,no,no,0,133.4,109,12.54,110.7,98,17.04,247.1,145,8.96,7.2,6,4.69,1,no
NY,27,area_code_415,yes,yes,0,124.0,82,37.34,170.1,93,22.74,166.2,58,17.68,12.5,5,3.21,1,no
OR,94,area_code_408,no,yes,22,22.1,73,26.67,153.6,106,17.54,155.0,115,10.8,6.6,2,4.1,1,no
AK,197,area_code_408,no,yes,42,267.9,103,32.78,31.2,98,23.09,248.2,117,10.33,3.2,5,2.4,1,no
MD,87,area_code_415,no,yes,37,147.4,82,18.13,166.7,125,18.82,227.3,121,17.77,9.3,3,1.91,1,no
UT,119,area_code_415,no,no,0,167.0,103,33.0,211.6,137,19.11,217.5,57,10.55,5.0,12,2.34,2,no
VA,122,area_code_415,no,no,33,179.1,59,24.46,170.1,110,16.31,220.6,125,12.15,9.2,1,4.07,1,no
NE,95,area_code_415,no,yes,1,261.3,75,27.78,203.9,91,14.19,236.7,73,7.53,4.2,3,2.51,1,no
MT,80,area_code_510,yes,yes,39,208.4,133,29.85,207.5,110,18.26,189.4,130,15.23,8.4,5,2.92,1,no
UT,109,area_code_415,no,no,0,83.0,49,34.09,250.6,115,18.22,219.6,71,10.43,6.2,6,2.78,1,no
KS,217,area_code_415,yes,yes,27,120.5,74,33.25,202.7,84,18.11,150.1,92,14.55,8.3,5,1.24,1,no
MI,99,area_code_415,no,no,0,239.6,95,19.5,345.8,88,16.21,325.9,97,9.81,7.1,5,3.3,2,yes
AZ,128,area_code_408,no,yes,25,166.7,124,19.72,207.1,107,25.16,181.9,125,13.04,8.1,7,2.99,1,no
NH,79,area_code_408,no,no,0,198.2,88,33.18,198.4,81,24.85,277.4,92,10.25,11.0,10,2.75,2,yes
SD,92,area_code_415,yes,yes,0,191.5,98,44.02,216.1,114,21.89,332.9,78,9.43,14.5,4,3.6,1,no
HI,139,area_code_415,yes,no,24,196.6,138,36.23,243.0,90,17.63,214.0,111,15.92,4.3,5,3.56,1,yes
UT,98,area_code_415,no,yes,47,179.4,91,27.87,158.9,99,20.46,277.7,95,10.83,9.0,2,3.11,4,no
WV,96,area_code_415,no,yes,0,219.1,112,14.29,305.3,105,25.09,164.5,85,13.55,11.8,3,1.75,1,no
MS,25,area_code_510,no,yes,36,22.0,83,46.46,263.0,110,27.46,216.7,89,10.18,7.5,7,1.98,1,no
SD,130,area_code_408,no,no,0,126.9,89,21.95,204.6,74,17.23,274.0,105,9.2,8.9,5,1.26,4,no
NH,173,area_code_415,no,no,0,197.8,61,37.28,317.2,139,18.55,191.4,140,7.6,11.1,3,3.86,2,no
IN,163,area_code_510,no,no,0,160.4,107,33.2,163.1,108,17.42,195.9,102,14.85,4.6,5,2.39,0,yes
NJ,106,area_code_408,no,no,0,200.7,89,24.17,301.5,72,25.91,119.6,93,16.38,9.7,5,2.73,3,yes
NC,240,area_code_415,no,no,0,180.7,114,25.62,220.8,128,22.45,255.0,138,10.63,4.2,3,0.98,1,no
DC,76,area_code_415,no,yes,50,236.9,83,33.12,276.8,100,22.47,271.6,119,9.79,9.5,3,1.5,1,no
OR,67,area_code_408,no,no,0,114.1,83,22.32,119.1,148,20.73,254.9,95,11.23,11.3,3,3.3,1,yes
NJ,69,area_code_415,no,no,0,254.1,84,21.32,168.7,121,26.33,182.8,134,10.05,11.6,6,1.76,4,no
NH,190,area_code_408,no,yes,36,125.8,113,24.23,156.1,120,21.77,274.0,94,9.45,8.7,2,3.26,1,no
WV,135,area_code_415,no,yes,24,233.4,90,31.98,266.7,103,19.37,282.2,62,12.5,13.8,3,3.52,1,no
NY,161,area_code_415,no,yes,30,99.0,108,37.64,57.8,133,17.07,141.5,89,9.48,6.8,5,3.16,4,no
NH,79,area_code_415,no,yes,1,191.5,111,46.9,158.7,131,18.51,210.1,63,7.99,7.0,3,2.81,1,no
WI,78,area_code_408,no,no,0,211.3,124,41.91,184.4,118,20.31,253.7,119,16.88,7.0,2,4.61,1,yes
DE,74,area_code_415,no,no,1,209.5,61,25.61,350.8,109,21.7,287.5,116,10.68,3.4,5,3.53,1,no
MI,108,area_code_510,no,yes,0,139.2,110,29.09,174.6,115,16.32,248.4,96,11.84,5.0,5,1.93,1,no
MN,149,area_code_510,no,no,0,154.7,77,14.59,63.1,103,15.6,241.9,162,9.98,2.5,5,3.12,1,no
TX,130,area_code_415,no,no,0,64.9,145,22.18,199.0,94,18.01,321.9,93,12.05,10.9,5,1.38,0,yes
AZ,160,area_code_415,no,no,0,326.8,82,41.69,109.4,103,20.24,179.3,82,9.13,11.4,5,3.37,5,no
WI,70,area_code_415,no,no,0,151.7,79,20.13,25.7,116,17.1,131.6,127,13.04,5.3,6,3.34,2,no
CO,154,area_code_415,no,yes,26,183.0,74,36.35,258.7,105,19.98,87.2,103,10.9,9.9,3,3.24,1,no
GA,96,area_code_415,no,no,0,203.0,103,45.82,162.0,81,18.11,239.8,104,9.34,11.0,2,1.04,1,no
MN,148,area_code_510,no,no,0,140.7,105,12.45,149.0,107,23.24,226.4,89,11.12,9.7,3,2.22,2,no
SD,114,area_code_415,no,no,0,219.8,99,19.09,262.2,111,28.16,310.4,149,11.55,5.7,3,2.37,1,yes
AK,65,area_code_408,no,yes,0,148.1,145,28.27,216.1,132,20.08,267.0,122,9.88,9.3,2,5.03,4,yes
NJ,108,area_code_415,no,no,0,52.6,62,18.23,163.3,119,18.87,286.5,134,13.15,12.0,2,2.7,1,no
IA,66,area_code_408,no,yes,29,222.9,82,28.12,221.5,109,20.14,271.2,88,10.48,12.9,3,2.3,1,no
WI,131,area_code_415,no,no,0,182.0,84,28.72,261.7,138,19.93,156.9,107,8.42,9.4,5,3.62,1,yes
CA,129,area_code_415,yes,no,24,158.7,121,51.23,135.5,103,20.41,261.2,93,12.0,10.7,7,3.94,1,yes
WY,243,area_code_510,yes,no,0,192.2,82,28.29,253.7,100,12.48,224.4,104,11.56,14.8,6,2.7,0,no
AR,117,area_code_415,no,yes,37,154.4,119,37.88,32.0,127,20.22,50.9,103,11.41,9.6,5,2.34,0,no
NY,168,area_code_415,no,yes,37,203.6,88,30.72,289.0,81,27.14,229.2,98,10.44,8.6,4,1.42,1,no
VT,124,area_code_510,no,no,0,82.5,103,20.5,144.9,105,19.51,261.8,88,9.74,14.9,3,1.68,1,no
HI,133,area_code_510,yes,yes,0,173.2,104,46.51,160.8,141,21.34,131.2,64,10.35,5.0,5,2.46,0,no
MT,114,area_code_408,yes,no,0,119.4,106,11.07,236.0,92,18.69,198.0,143,10.79,6.6,3,3.51,4,no
ME,127,area_code_408,no,no,0,178.9,115,36.42,163.2,117,18.87,269.9,82,10.11,2.9,5,2.53,4,no
OH,242,area_code_415,no,no,0,181.1,60,24.87,147.7,134,19.17,255.9,109,10.85,13.9,5,2.43,3,no
OR,160,area_code_415,no,no,27,137.1,106,31.07,206.6,111,16.55,152.8,98,8.44,10.6,2,3.66,4,no
UT,149,area_code_415,no,yes,24,128.4,96,25.57,202.3,149,19.64,223.7,105,9.51,13.0,2,1.27,1,no
CA,31,area_code_415,yes,yes,0,170.0,139,26.02,213.2,122,23.23,343.7,87,13.66,7.6,5,2.69,1,no
NJ,178,area_code_415,no,yes,0,268.0,91,59.45,240.3,124,16.27,144.4,100,9.69,11.9,2,2.78,2,yes
AZ,43,area_code_408,yes,no,0,199.4,103,35.27,320.0,120,19.89,245.5,114,11.27,4.9,5,3.84,0,no
OK,153,area_code_408,no,no,0,139.5,96,38.65,209.9,145,18.22,296.8,72,12.66,11.6,5,1.64,1,no
WV,38,area_code_408,no,no,0,189.2,72,30.05,187.5,154,19.67,262.7,85,7.98,11.5,3,2.03,2,no
MT,157,area_code_415,yes,no,0,198.6,89,37.67,300.0,108,11.61,215.2,98,14.9,10.9,5,2.7,3,yes
MO,118,area_code_408,no,no,0,255.1,87,23.32,133.8,98,21.27,233.9,109,9.54,7.5,2,2.28,1,no
MN,131,area_code_415,no,no,0,175.0,86,35.28,114.3,106,16.42,148.6,131,13.17,7.7,2,2.95,1,no
CT,153,area_code_415,no,no,0,176.6,141,7.47,321.4,105,19.64,300.4,139,12.52,8.7,3,2.9,1,yes
IA,127,area_code_408,no,yes,0,87.1,106,29.47,174.5,87,19.51,141.5,76,11.89,7.5,4,2.47,5,yes
SC,113,area_code_510,no,no,0,137.0,108,24.31,182.6,102,21.36,219.9,136,11.36,8.9,5,2.7,1,no
OR,153,area_code_510,no,yes,0,111.6,135,24.3,69.1,149,19.37,173.6,80,14.4,9.4,9,3.43,1,no
NE,73,area_code_415,no,no,0,174.4,80,32.06,224.5,140,22.5,141.1,93,10.79,8.2,2,2.55,0,no
MA,97,area_code_415,no,yes,37,48.8,131,30.73,143.2,122,13.81,162.3,82,10.2,3.9,3,3.11,1,no
MO,126,area_code_415,no,no,30,167.3,90,46.14,230.2,94,23.65,195.1,97,9.81,9.7,7,1.41,3,no
RI,12,area_code_415,no,yes,1,109.8,97,25.98,201.5,106,17.7,243.6,143,10.12,11.6,8,3.1,1,no
NH,191,area_code_415,no,no,0,162.1,77,25.59,218.0,117,13.72,151.5,118,14.54,10.5,2,1.43,0,no
ND,181,area_code_408,no,yes,0,258.0,42,25.91,209.9,63,17.26,192.8,130,11.62,11.2,3,2.93,1,yes
SC,38,area_code_415,yes,no,34,212.2,54,38.73,144.1,111,21.2,186.7,119,9.55,1.8,3,3.51,2,no
AK,54,area_code_408,no,yes,0,205.7,102,9.47,155.4,112,20.36,192.5,144,11.22,6.0,3,3.46,1,no
MO,198,area_code_408,no,yes,0,138.7,83,43.99,232.6,90,18.63,146.5,111,11.76,8.9,3,3.15,1,no
AR,126,area_code_415,no,no,0,90.7,89,38.33,245.2,138,22.79,114.7,124,17.37,13.4,6,3.24,1,yes
TN,162,area_code_408,no,no,0,145.2,119,31.61,169.6,125,26.5,290.6,132,11.42,5.1,5,2.7,1,yes
NV,133,area_code_415,no,yes,0,0.0,84,26.77,224.1,118,21.05,212.8,119,9.5,6.8,4,3.43,1,yes
TX,216,area_code_408,no,no,0,176.3,91,35.82,233.2,94,22.2,295.3,106,12.26,9.2,4,1.19,1,yes
DC,217,area_code_408,yes,yes,0,136.5,93,17.26,180.5,123,22.17,97.4,137,10.08,4.0,3,2.61,1,no
AR,136,area_code_415,yes,no,0,200.7,78,22.59,201.8,115,14.87,217.2,138,11.12,9.8,5,1.53,4,no
WV,146,area_code_415,no,yes,42,167.2,94,22.22,206.4,103,17.97,170.8,107,9.42,10.2,2,1.25,1,no
NJ,140,area_code_415,no,no,0,225.9,85,33.25,194.8,111,22.51,235.1,103,10.94,9.7,5,1.52,2,no
WI,206,area_code_415,no,yes,0,87.3,88,22.11,116.2,116,21.33,183.5,98,12.89,16.2,5,4.68,1,no
KY,227,area_code_510,no,yes,34,176.5,102,30.54,207.3,116,25.26,250.3,96,10.55,5.4,5,2.64,2,yes
PA,97,area_code_408,yes,no,38,154.8,117,47.54,159.3,102,19.25,278.4,87,10.82,11.0,7,2.84,1,yes
